route_id,distance_km,base_hours,rainfall_mm,wind_speed_kmh,toll_queue_m,breakdown_flag,actual_hours,is_delayed
JNPT_TO_BHIWANDI,67.55,0.92,0.67,56.86,17.38,0,0.97,0
CHAKAN_TO_SRIPERUMBUDUR,1094.0,13.23,1.02,49.61,7.63,0,13.31,0
JNPT_TO_CHAKAN,136.67,1.75,0.6,54.26,234.94,0,1.74,0
JNPT_TO_CHAKAN,136.67,1.75,0.07,40.45,279.4,0,1.85,0
JNPT_TO_BHIWANDI,67.55,0.92,0.9,45.23,46.33,0,1.03,0
JNPT_TO_BHIWANDI,67.55,0.92,1.49,48.02,16.42,0,0.88,0
MUNDRA_TO_BHIWANDI,872.85,11.64,1.73,22.1,163.47,0,13.82,0
MUNDRA_TO_BHIWANDI,872.85,11.64,1.66,59.68,86.29,0,11.91,0
BHIWANDI_TO_CHAKAN,156.03,1.93,0.92,52.28,7.88,0,1.9,0
JNPT_TO_BHIWANDI,67.55,0.92,3.65,27.66,71.29,0,0.87,0
CHAKAN_TO_SRIPERUMBUDUR,1094.0,13.23,1.32,38.63,363.03,0,14.75,0
CHAKAN_TO_SRIPERUMBUDUR,1094.0,13.23,0.86,37.8,201.87,0,12.1,0
JNPT_TO_CHAKAN,136.67,1.75,1.98,19.86,37.26,0,1.89,0
CHAKAN_TO_SRIPERUMBUDUR,1094.0,13.23,0.77,57.03,66.76,0,15.8,0
JNPT_TO_BHIWANDI,67.55,0.92,4.31,37.07,0.71,0,1.01,0
BHIWANDI_TO_CHAKAN,156.03,1.93,0.5,41.41,196.37,0,1.92,0
BHIWANDI_TO_CHAKAN,156.03,1.93,0.56,24.88,53.72,0,2.2,0
BHIWANDI_TO_CHAKAN,156.03,1.93,0.57,10.83,68.21,0,2.08,0
MUNDRA_TO_BHIWANDI,872.85,11.64,0.53,31.99,160.43,0,13.46,0
MUNDRA_TO_BHIWANDI,872.85,11.64,1.27,57.64,43.51,0,10.51,0
JNPT_TO_BHIWANDI,67.55,0.92,0.28,53.6,105.66,0,0.9,0
CHAKAN_TO_SRIPERUMBUDUR,1094.0,13.23,1.56,16.31,100.63,0,14.95,0
CHAKAN_TO_SRIPERUMBUDUR,1094.0,13.23,0.24,53.34,89.63,0,13.58,0
BHIWANDI_TO_CHAKAN,156.03,1.93,1.2,24.5,272.21,0,2.16,0
CHAKAN_TO_SRIPERUMBUDUR,1094.0,13.23,0.65,10.83,114.79,0,13.99,0
BHIWANDI_TO_CHAKAN,156.03,1.93,0.07,25.03,57.38,0,1.9,0
CHAKAN_TO_SRIPERUMBUDUR,1094.0,13.23,0.73,48.38,412.28,0,13.88,0
MUNDRA_TO_BHIWANDI,872.85,11.64,1.16,53.81,82.8,0,12.74,0
CHAKAN_TO_SRIPERUMBUDUR,1094.0,13.23,4.35,39.69,9.11,0,14.33,0
CHAKAN_TO_SRIPERUMBUDUR,1094.0,13.23,4.13,52.89,2.57,0,13.46,0
JNPT_TO_BHIWANDI,67.55,0.92,1.99,52.11,3.86,0,0.99,0
JNPT_TO_CHAKAN,136.67,1.75,0.25,32.97,13.31,0,1.73,0
BHIWANDI_TO_CHAKAN,156.03,1.93,1.24,51.27,26.88,0,2.18,0
JNPT_TO_BHIWANDI,67.55,0.92,0.1,12.04,168.16,0,0.87,0
JNPT_TO_BHIWANDI,67.55,0.92,1.63,41.32,89.57,0,1.09,0
JNPT_TO_CHAKAN,136.67,1.75,0.49,47.07,11.48,0,1.72,0
MUNDRA_TO_BHIWANDI,872.85,11.64,1.5,44.13,143.64,0,12.01,0
CHAKAN_TO_SRIPERUMBUDUR,1094.0,13.23,0.47,28.22,103.87,1,15.94,0
JNPT_TO_CHAKAN,136.67,1.75,0.58,51.89,158.66,0,1.84,0
MUNDRA_TO_BHIWANDI,872.85,11.64,3.28,23.7,325.72,0,11.45,0
CHAKAN_TO_SRIPERUMBUDUR,1094.0,13.23,1.76,50.48,273.88,0,12.45,0
BHIWANDI_TO_CHAKAN,156.03,1.93,0.17,45.45,11.6,0,2.22,0
MUNDRA_TO_BHIWANDI,872.85,11.64,0.51,20.32,282.1,0,13.84,0
BHIWANDI_TO_CHAKAN,156.03,1.93,0.64,54.66,65.46,0,2.06,0
CHAKAN_TO_SRIPERUMBUDUR,1094.0,13.23,1.52,17.06,17.08,0,14.58,0
MUNDRA_TO_BHIWANDI,872.85,11.64,1.28,55.93,66.36,0,13.84,0
BHIWANDI_TO_CHAKAN,156.03,1.93,2.51,58.1,117.03,0,2.29,0
JNPT_TO_BHIWANDI,67.55,0.92,7.44,18.89,6.58,0,0.95,0
JNPT_TO_BHIWANDI,67.55,0.92,1.47,10.71,120.91,0,0.96,0
JNPT_TO_BHIWANDI,67.55,0.92,1.03,52.11,8.7,0,1.09,0
JNPT_TO_BHIWANDI,67.55,0.92,0.52,44.27,193.27,0,0.96,0
BHIWANDI_TO_CHAKAN,156.03,1.93,0.69,14.94,67.1,1,5.26,1
BHIWANDI_TO_CHAKAN,156.03,1.93,0.59,38.54,98.99,0,1.98,0
CHAKAN_TO_SRIPERUMBUDUR,1094.0,13.23,1.57,32.88,460.07,0,13.9,0
CHAKAN_TO_SRIPERUMBUDUR,1094.0,13.23,8.79,21.93,21.18,0,15.44,0
JNPT_TO_BHIWANDI,67.55,0.92,1.52,56.17,852.07,0,1.95,1
CHAKAN_TO_SRIPERUMBUDUR,1094.0,13.23,15.26,44.55,61.88,0,17.06,1
BHIWANDI_TO_CHAKAN,156.03,1.93,0.68,50.11,30.9,0,1.97,0
MUNDRA_TO_BHIWANDI,872.85,11.64,0.29,37.44,30.37,0,13.62,0
JNPT_TO_CHAKAN,136.67,1.75,1.91,25.64,42.76,0,1.91,0
JNPT_TO_CHAKAN,136.67,1.75,4.57,42.9,55.74,0,2.03,0
JNPT_TO_BHIWANDI,67.55,0.92,0.92,45.17,13.78,0,0.94,0
JNPT_TO_CHAKAN,136.67,1.75,1.63,19.93,82.53,0,2.02,0
JNPT_TO_BHIWANDI,67.55,0.92,1.33,37.77,13.44,0,0.87,0
BHIWANDI_TO_CHAKAN,156.03,1.93,0.45,53.84,6.37,0,1.85,0
CHAKAN_TO_SRIPERUMBUDUR,1094.0,13.23,1.81,57.93,193.74,0,12.78,0
JNPT_TO_BHIWANDI,67.55,0.92,0.72,21.08,37.84,0,0.84,0
JNPT_TO_CHAKAN,136.67,1.75,0.8,55.12,43.2,0,2.01,0
JNPT_TO_CHAKAN,136.67,1.75,1.46,54.22,280.65,0,1.92,0
CHAKAN_TO_SRIPERUMBUDUR,1094.0,13.23,1.51,52.4,32.51,0,15.76,0
JNPT_TO_CHAKAN,136.67,1.75,1.23,38.25,116.48,0,1.69,0
BHIWANDI_TO_CHAKAN,156.03,1.93,0.39,40.5,15.31,0,1.9,0
BHIWANDI_TO_CHAKAN,156.03,1.93,1.54,49.33,205.24,0,1.91,0
BHIWANDI_TO_CHAKAN,156.03,1.93,1.07,56.84,127.49,0,1.9,0
MUNDRA_TO_BHIWANDI,872.85,11.64,0.64,24.27,48.55,0,11.98,0
BHIWANDI_TO_CHAKAN,156.03,1.93,1.21,11.34,23.63,0,1.95,0
JNPT_TO_CHAKAN,136.67,1.75,5.62,20.16,83.85,1,7.83,1
JNPT_TO_CHAKAN,136.67,1.75,1.77,36.0,34.38,0,1.69,0
CHAKAN_TO_SRIPERUMBUDUR,1094.0,13.23,0.71,27.48,102.42,0,12.25,0
JNPT_TO_CHAKAN,136.67,1.75,0.54,28.12,120.12,0,1.61,0
JNPT_TO_CHAKAN,136.67,1.75,0.55,38.38,5.98,0,1.93,0
BHIWANDI_TO_CHAKAN,156.03,1.93,1.2,17.36,92.3,0,2.02,0
JNPT_TO_CHAKAN,136.67,1.75,0.61,10.79,89.65,0,1.7,0
JNPT_TO_CHAKAN,136.67,1.75,1.73,31.23,36.66,0,1.93,0
BHIWANDI_TO_CHAKAN,156.03,1.93,0.8,32.47,35.74,0,1.86,0
MUNDRA_TO_BHIWANDI,872.85,11.64,0.13,16.28,14.4,0,13.68,0
MUNDRA_TO_BHIWANDI,872.85,11.64,1.41,10.9,3.32,0,12.78,0
BHIWANDI_TO_CHAKAN,156.03,1.93,0.21,21.92,12.86,0,1.75,0
JNPT_TO_BHIWANDI,67.55,0.92,1.35,44.63,176.78,0,0.98,0
BHIWANDI_TO_CHAKAN,156.03,1.93,0.72,19.5,172.43,0,1.75,0
MUNDRA_TO_BHIWANDI,872.85,11.64,0.9,39.35,122.08,0,12.66,0
BHIWANDI_TO_CHAKAN,156.03,1.93,1.36,33.71,196.57,0,1.98,0
JNPT_TO_BHIWANDI,67.55,0.92,12.05,35.54,29.37,0,0.93,0
MUNDRA_TO_BHIWANDI,872.85,11.64,5.95,13.19,80.45,0,13.06,0
JNPT_TO_CHAKAN,136.67,1.75,1.72,17.59,234.53,0,1.69,0
MUNDRA_TO_BHIWANDI,872.85,11.64,1.51,10.64,290.31,0,13.63,0
MUNDRA_TO_BHIWANDI,872.85,11.64,0.48,29.5,27.96,0,13.84,0
BHIWANDI_TO_CHAKAN,156.03,1.93,1.39,26.43,1.57,0,2.01,0
BHIWANDI_TO_CHAKAN,156.03,1.93,1.63,49.11,111.49,0,1.98,0
JNPT_TO_CHAKAN,136.67,1.75,0.37,53.97,28.27,0,2.03,0
BHIWANDI_TO_CHAKAN,156.03,1.93,1.01,22.78,10.73,0,2.18,0
JNPT_TO_CHAKAN,136.67,1.75,1.73,20.55,0.29,0,1.79,0
JNPT_TO_CHAKAN,136.67,1.75,1.18,23.26,36.74,0,2.08,0
JNPT_TO_CHAKAN,136.67,1.75,0.01,10.21,99.91,0,2.03,0
JNPT_TO_CHAKAN,136.67,1.75,0.73,22.14,102.45,0,1.7,0
CHAKAN_TO_SRIPERUMBUDUR,1094.0,13.23,1.56,24.5,140.14,0,12.49,0
MUNDRA_TO_BHIWANDI,872.85,11.64,0.79,47.73,35.69,0,11.46,0
CHAKAN_TO_SRIPERUMBUDUR,1094.0,13.23,0.14,41.44,6.17,0,14.91,0
JNPT_TO_BHIWANDI,67.55,0.92,3.87,53.44,77.1,0,0.91,0
JNPT_TO_CHAKAN,136.67,1.75,0.01,46.96,220.99,0,1.87,0
BHIWANDI_TO_CHAKAN,156.03,1.93,0.04,27.63,208.26,0,2.21,0
BHIWANDI_TO_CHAKAN,156.03,1.93,1.98,35.84,64.19,0,1.82,0
CHAKAN_TO_SRIPERUMBUDUR,1094.0,13.23,1.39,25.02,79.02,0,14.39,0
BHIWANDI_TO_CHAKAN,156.03,1.93,0.55,33.12,123.53,0,1.87,0
BHIWANDI_TO_CHAKAN,156.03,1.93,1.77,51.43,231.65,0,1.77,0
CHAKAN_TO_SRIPERUMBUDUR,1094.0,13.23,1.91,42.78,7.93,0,13.6,0
BHIWANDI_TO_CHAKAN,156.03,1.93,1.18,16.47,67.77,0,2.32,0
CHAKAN_TO_SRIPERUMBUDUR,1094.0,13.23,0.46,35.16,42.0,0,14.71,0
JNPT_TO_BHIWANDI,67.55,0.92,1.96,13.23,3.91,0,0.83,0
CHAKAN_TO_SRIPERUMBUDUR,1094.0,13.23,0.59,24.6,73.52,0,12.12,0
BHIWANDI_TO_CHAKAN,156.03,1.93,1.65,18.66,167.29,0,2.05,0
BHIWANDI_TO_CHAKAN,156.03,1.93,6.19,47.7,3.12,0,1.9,0
JNPT_TO_BHIWANDI,67.55,0.92,0.89,19.22,92.45,0,0.99,0
JNPT_TO_BHIWANDI,67.55,0.92,1.43,41.78,45.79,0,1.0,0
JNPT_TO_CHAKAN,136.67,1.75,0.18,11.5,174.79,0,1.94,0
BHIWANDI_TO_CHAKAN,156.03,1.93,1.86,39.12,186.26,0,1.79,0
CHAKAN_TO_SRIPERUMBUDUR,1094.0,13.23,1.24,34.01,69.31,0,14.3,0
JNPT_TO_CHAKAN,136.67,1.75,2.58,44.54,205.64,0,1.64,0
BHIWANDI_TO_CHAKAN,156.03,1.93,0.97,50.23,32.78,0,1.96,0
JNPT_TO_CHAKAN,136.67,1.75,0.99,46.44,29.54,0,2.07,0
JNPT_TO_BHIWANDI,67.55,0.92,0.81,18.4,30.85,0,1.04,0
CHAKAN_TO_SRIPERUMBUDUR,1094.0,13.23,1.3,24.15,142.02,0,15.76,0
CHAKAN_TO_SRIPERUMBUDUR,1094.0,13.23,0.91,49.69,31.26,0,14.29,0
MUNDRA_TO_BHIWANDI,872.85,11.64,0.43,50.77,66.06,0,12.06,0
JNPT_TO_CHAKAN,136.67,1.75,0.37,21.09,731.4,0,2.75,1
JNPT_TO_BHIWANDI,67.55,0.92,0.17,16.3,85.1,0,1.02,0
MUNDRA_TO_BHIWANDI,872.85,11.64,1.49,27.52,223.69,0,10.67,0
CHAKAN_TO_SRIPERUMBUDUR,1094.0,13.23,0.14,43.34,33.39,0,15.3,0
CHAKAN_TO_SRIPERUMBUDUR,1094.0,13.23,4.5,47.04,37.91,0,12.14,0
CHAKAN_TO_SRIPERUMBUDUR,1094.0,13.23,0.3,49.94,26.49,0,12.02,0
BHIWANDI_TO_CHAKAN,156.03,1.93,0.12,51.28,118.55,0,2.25,0
JNPT_TO_BHIWANDI,67.55,0.92,1.96,17.26,5.33,0,0.87,0
BHIWANDI_TO_CHAKAN,156.03,1.93,1.37,22.41,20.3,0,1.85,0
JNPT_TO_BHIWANDI,67.55,0.92,1.31,45.14,3.98,0,0.97,0
MUNDRA_TO_BHIWANDI,872.85,11.64,0.86,48.61,206.74,1,17.33,1
CHAKAN_TO_SRIPERUMBUDUR,1094.0,13.23,0.93,15.3,15.98,0,15.4,0
JNPT_TO_CHAKAN,136.67,1.75,1.29,19.67,99.42,0,1.71,0
CHAKAN_TO_SRIPERUMBUDUR,1094.0,13.23,0.73,26.83,33.84,1,20.56,1
MUNDRA_TO_BHIWANDI,872.85,11.64,0.14,37.15,227.48,0,11.05,0
JNPT_TO_BHIWANDI,67.55,0.92,5.18,38.31,176.08,0,1.03,0
MUNDRA_TO_BHIWANDI,872.85,11.64,1.64,42.85,163.37,0,13.43,0
CHAKAN_TO_SRIPERUMBUDUR,1094.0,13.23,1.66,10.44,57.4,0,13.29,0
MUNDRA_TO_BHIWANDI,872.85,11.64,2.99,47.58,398.75,0,11.2,0
JNPT_TO_CHAKAN,136.67,1.75,15.5,19.03,166.68,0,3.57,1
JNPT_TO_CHAKAN,136.67,1.75,0.46,41.8,119.07,0,1.75,0
BHIWANDI_TO_CHAKAN,156.03,1.93,0.06,10.53,9.76,0,2.07,0
MUNDRA_TO_BHIWANDI,872.85,11.64,1.69,27.92,206.58,0,13.88,0
JNPT_TO_BHIWANDI,67.55,0.92,0.93,59.35,238.62,0,0.88,0
MUNDRA_TO_BHIWANDI,872.85,11.64,21.82,57.27,102.62,0,15.52,1
BHIWANDI_TO_CHAKAN,156.03,1.93,1.14,42.44,28.04,0,2.04,0
JNPT_TO_CHAKAN,136.67,1.75,0.84,21.21,208.87,0,1.93,0
MUNDRA_TO_BHIWANDI,872.85,11.64,1.66,37.88,7.29,0,13.79,0
CHAKAN_TO_SRIPERUMBUDUR,1094.0,13.23,1.66,23.8,25.96,0,12.51,0
MUNDRA_TO_BHIWANDI,872.85,11.64,5.09,39.96,136.05,0,13.19,0
JNPT_TO_CHAKAN,136.67,1.75,0.75,13.24,43.32,0,1.92,0
CHAKAN_TO_SRIPERUMBUDUR,1094.0,13.23,1.48,34.31,27.3,0,12.84,0
MUNDRA_TO_BHIWANDI,872.85,11.64,1.04,31.72,336.69,0,12.64,0
CHAKAN_TO_SRIPERUMBUDUR,1094.0,13.23,7.91,36.45,155.51,0,13.86,0
MUNDRA_TO_BHIWANDI,872.85,11.64,1.6,10.74,50.88,0,10.96,0
BHIWANDI_TO_CHAKAN,156.03,1.93,0.45,21.47,188.5,0,1.87,0
MUNDRA_TO_BHIWANDI,872.85,11.64,0.74,16.99,49.7,0,13.79,0
MUNDRA_TO_BHIWANDI,872.85,11.64,1.68,48.07,102.95,0,12.56,0
BHIWANDI_TO_CHAKAN,156.03,1.93,0.09,18.75,402.1,0,2.59,1
JNPT_TO_CHAKAN,136.67,1.75,1.3,56.51,34.95,0,1.92,0
CHAKAN_TO_SRIPERUMBUDUR,1094.0,13.23,0.4,22.54,173.17,0,15.33,0
BHIWANDI_TO_CHAKAN,156.03,1.93,1.46,39.94,60.35,0,2.3,0
CHAKAN_TO_SRIPERUMBUDUR,1094.0,13.23,1.69,40.92,83.99,0,12.18,0
BHIWANDI_TO_CHAKAN,156.03,1.93,2.35,12.07,211.33,0,2.05,0
JNPT_TO_BHIWANDI,67.55,0.92,1.53,25.84,29.81,0,1.05,0
JNPT_TO_CHAKAN,136.67,1.75,0.21,41.97,46.7,0,1.67,0
CHAKAN_TO_SRIPERUMBUDUR,1094.0,13.23,1.86,52.11,152.67,0,11.97,0
JNPT_TO_CHAKAN,136.67,1.75,0.01,45.9,69.6,0,2.09,0
MUNDRA_TO_BHIWANDI,872.85,11.64,1.63,37.6,201.96,0,12.79,0
JNPT_TO_CHAKAN,136.67,1.75,0.39,41.84,12.21,0,1.67,0
CHAKAN_TO_SRIPERUMBUDUR,1094.0,13.23,1.7,54.29,170.1,0,14.41,0
MUNDRA_TO_BHIWANDI,872.85,11.64,1.25,50.34,34.14,0,13.48,0
BHIWANDI_TO_CHAKAN,156.03,1.93,8.55,12.64,46.72,0,2.07,0
MUNDRA_TO_BHIWANDI,872.85,11.64,1.11,28.4,283.49,0,10.71,0
MUNDRA_TO_BHIWANDI,872.85,11.64,0.23,31.19,79.25,0,11.73,0
JNPT_TO_BHIWANDI,67.55,0.92,1.92,31.67,6.91,0,0.83,0
JNPT_TO_BHIWANDI,67.55,0.92,1.97,48.32,3.76,0,0.95,0
MUNDRA_TO_BHIWANDI,872.85,11.64,1.43,20.76,204.06,0,12.71,0
JNPT_TO_CHAKAN,136.67,1.75,0.72,44.71,194.89,0,1.98,0
CHAKAN_TO_SRIPERUMBUDUR,1094.0,13.23,1.9,10.74,12.12,0,15.02,0
BHIWANDI_TO_CHAKAN,156.03,1.93,1.42,33.01,328.48,0,2.41,0
CHAKAN_TO_SRIPERUMBUDUR,1094.0,13.23,1.89,44.7,64.12,0,14.26,0
CHAKAN_TO_SRIPERUMBUDUR,1094.0,13.23,0.96,50.22,93.41,0,12.39,0
CHAKAN_TO_SRIPERUMBUDUR,1094.0,13.23,1.46,22.58,138.25,0,14.01,0
CHAKAN_TO_SRIPERUMBUDUR,1094.0,13.23,0.59,43.3,148.91,0,12.64,0
MUNDRA_TO_BHIWANDI,872.85,11.64,2.05,59.42,191.3,0,13.82,0
CHAKAN_TO_SRIPERUMBUDUR,1094.0,13.23,1.22,36.53,56.78,0,11.96,0
JNPT_TO_CHAKAN,136.67,1.75,1.56,51.45,28.56,1,4.82,1
JNPT_TO_CHAKAN,136.67,1.75,9.46,41.38,49.31,0,1.74,0
CHAKAN_TO_SRIPERUMBUDUR,1094.0,13.23,0.56,24.94,258.6,0,13.08,0
CHAKAN_TO_SRIPERUMBUDUR,1094.0,13.23,0.65,51.33,65.41,0,13.07,0
MUNDRA_TO_BHIWANDI,872.85,11.64,0.98,43.72,3.25,0,12.18,0
JNPT_TO_CHAKAN,136.67,1.75,4.49,36.36,53.1,0,1.9,0
JNPT_TO_BHIWANDI,67.55,0.92,0.46,54.58,76.04,0,1.1,0
CHAKAN_TO_SRIPERUMBUDUR,1094.0,13.23,1.95,41.02,181.99,0,14.02,0
CHAKAN_TO_SRIPERUMBUDUR,1094.0,13.23,1.97,20.45,44.79,1,19.47,1
JNPT_TO_CHAKAN,136.67,1.75,9.69,50.75,73.84,0,1.73,0
JNPT_TO_BHIWANDI,67.55,0.92,1.14,58.38,125.97,0,0.97,0
BHIWANDI_TO_CHAKAN,156.03,1.93,0.37,33.16,43.19,0,2.19,0
JNPT_TO_CHAKAN,136.67,1.75,0.67,18.45,168.36,0,2.01,0
MUNDRA_TO_BHIWANDI,872.85,11.64,0.13,46.29,52.6,0,13.65,0
MUNDRA_TO_BHIWANDI,872.85,11.64,1.89,20.3,80.15,0,11.12,0
JNPT_TO_CHAKAN,136.67,1.75,1.63,38.49,21.26,0,1.83,0
MUNDRA_TO_BHIWANDI,872.85,11.64,0.57,19.59,27.35,0,10.86,0
MUNDRA_TO_BHIWANDI,872.85,11.64,1.42,18.79,148.06,0,13.64,0
JNPT_TO_CHAKAN,136.67,1.75,0.56,31.36,81.13,0,1.69,0
JNPT_TO_CHAKAN,136.67,1.75,0.77,33.03,47.61,0,1.6,0
MUNDRA_TO_BHIWANDI,872.85,11.64,0.45,21.13,63.98,0,12.84,0
JNPT_TO_BHIWANDI,67.55,0.92,0.86,57.65,185.69,0,0.94,0
JNPT_TO_BHIWANDI,67.55,0.92,3.72,26.98,21.15,0,1.09,0
JNPT_TO_CHAKAN,136.67,1.75,1.88,17.84,37.11,0,1.84,0
CHAKAN_TO_SRIPERUMBUDUR,1094.0,13.23,1.03,37.39,102.16,0,12.42,0
JNPT_TO_BHIWANDI,67.55,0.92,0.91,28.33,7.55,0,0.99,0
MUNDRA_TO_BHIWANDI,872.85,11.64,1.05,24.73,27.87,0,11.45,0
CHAKAN_TO_SRIPERUMBUDUR,1094.0,13.23,0.02,53.29,316.13,0,12.56,0
CHAKAN_TO_SRIPERUMBUDUR,1094.0,13.23,1.25,24.41,20.93,0,14.51,0
BHIWANDI_TO_CHAKAN,156.03,1.93,1.66,11.24,43.52,0,2.08,0
CHAKAN_TO_SRIPERUMBUDUR,1094.0,13.23,15.41,54.36,198.94,0,16.53,0
CHAKAN_TO_SRIPERUMBUDUR,1094.0,13.23,4.55,20.35,125.88,0,14.28,0
BHIWANDI_TO_CHAKAN,156.03,1.93,1.71,49.06,228.47,0,2.02,0
BHIWANDI_TO_CHAKAN,156.03,1.93,1.09,57.56,144.41,0,2.27,0
JNPT_TO_CHAKAN,136.67,1.75,1.99,51.13,187.3,0,1.9,0
CHAKAN_TO_SRIPERUMBUDUR,1094.0,13.23,0.39,11.4,34.32,0,15.25,0
BHIWANDI_TO_CHAKAN,156.03,1.93,0.71,10.2,163.96,0,2.22,0
MUNDRA_TO_BHIWANDI,872.85,11.64,6.24,34.98,138.41,0,10.94,0
CHAKAN_TO_SRIPERUMBUDUR,1094.0,13.23,0.46,22.63,16.06,0,12.75,0
MUNDRA_TO_BHIWANDI,872.85,11.64,2.89,34.7,249.24,0,12.7,0
MUNDRA_TO_BHIWANDI,872.85,11.64,0.74,46.13,72.11,0,11.01,0
CHAKAN_TO_SRIPERUMBUDUR,1094.0,13.23,1.32,31.54,43.69,0,15.81,0
CHAKAN_TO_SRIPERUMBUDUR,1094.0,13.23,9.73,30.76,57.97,0,13.62,0
BHIWANDI_TO_CHAKAN,156.03,1.93,1.16,14.21,63.67,0,1.77,0
CHAKAN_TO_SRIPERUMBUDUR,1094.0,13.23,1.09,27.67,89.36,0,15.67,0
BHIWANDI_TO_CHAKAN,156.03,1.93,1.91,44.62,98.28,0,2.01,0
JNPT_TO_BHIWANDI,67.55,0.92,0.5,52.43,37.12,1,8.73,1
MUNDRA_TO_BHIWANDI,872.85,11.64,1.31,39.93,119.66,0,11.23,0
MUNDRA_TO_BHIWANDI,872.85,11.64,1.81,32.88,6.49,0,12.9,0
MUNDRA_TO_BHIWANDI,872.85,11.64,1.97,26.66,196.98,0,12.75,0
BHIWANDI_TO_CHAKAN,156.03,1.93,1.89,27.97,80.65,0,2.13,0
JNPT_TO_BHIWANDI,67.55,0.92,0.55,15.97,35.87,0,0.99,0
JNPT_TO_BHIWANDI,67.55,0.92,2.85,40.21,142.19,0,1.02,0
MUNDRA_TO_BHIWANDI,872.85,11.64,1.75,42.41,188.38,0,10.77,0
MUNDRA_TO_BHIWANDI,872.85,11.64,2.43,58.03,213.95,0,13.05,0
JNPT_TO_BHIWANDI,67.55,0.92,1.88,17.48,9.13,0,0.89,0
JNPT_TO_BHIWANDI,67.55,0.92,1.22,26.99,93.28,0,0.95,0
BHIWANDI_TO_CHAKAN,156.03,1.93,0.12,44.37,277.76,0,2.0,0
JNPT_TO_BHIWANDI,67.55,0.92,0.3,56.46,24.31,0,0.95,0
BHIWANDI_TO_CHAKAN,156.03,1.93,1.21,35.66,177.28,0,2.21,0
MUNDRA_TO_BHIWANDI,872.85,11.64,0.58,46.73,23.55,0,13.17,0
CHAKAN_TO_SRIPERUMBUDUR,1094.0,13.23,0.26,15.55,98.69,0,12.1,0
JNPT_TO_CHAKAN,136.67,1.75,1.56,22.42,5.76,0,2.04,0
BHIWANDI_TO_CHAKAN,156.03,1.93,0.62,56.65,6.77,0,2.25,0
MUNDRA_TO_BHIWANDI,872.85,11.64,1.48,39.41,235.58,0,10.55,0
BHIWANDI_TO_CHAKAN,156.03,1.93,1.64,32.32,110.7,0,1.81,0
MUNDRA_TO_BHIWANDI,872.85,11.64,0.21,30.08,160.73,0,11.06,0
CHAKAN_TO_SRIPERUMBUDUR,1094.0,13.23,0.43,59.33,341.22,0,15.01,0
CHAKAN_TO_SRIPERUMBUDUR,1094.0,13.23,1.16,43.04,49.2,0,15.05,0
MUNDRA_TO_BHIWANDI,872.85,11.64,0.58,13.79,104.21,0,12.22,0
MUNDRA_TO_BHIWANDI,872.85,11.64,0.51,40.1,118.22,0,12.67,0
JNPT_TO_BHIWANDI,67.55,0.92,1.61,22.16,0.03,0,0.95,0
JNPT_TO_BHIWANDI,67.55,0.92,0.85,38.33,137.43,0,0.93,0
JNPT_TO_CHAKAN,136.67,1.75,3.61,44.21,18.55,0,1.62,0
CHAKAN_TO_SRIPERUMBUDUR,1094.0,13.23,0.95,31.51,2.44,0,14.55,0
JNPT_TO_BHIWANDI,67.55,0.92,0.64,44.05,30.14,0,0.97,0
BHIWANDI_TO_CHAKAN,156.03,1.93,1.09,43.87,3.04,0,1.93,0
MUNDRA_TO_BHIWANDI,872.85,11.64,5.22,41.66,67.07,0,13.76,0
BHIWANDI_TO_CHAKAN,156.03,1.93,1.64,41.84,30.78,0,1.75,0
BHIWANDI_TO_CHAKAN,156.03,1.93,1.7,38.54,150.2,0,1.85,0
JNPT_TO_CHAKAN,136.67,1.75,1.37,12.45,7.46,0,1.89,0
MUNDRA_TO_BHIWANDI,872.85,11.64,0.52,59.9,25.06,0,11.11,0
BHIWANDI_TO_CHAKAN,156.03,1.93,6.66,33.43,71.44,0,2.01,0
JNPT_TO_CHAKAN,136.67,1.75,1.34,38.37,2.1,0,1.74,0
JNPT_TO_CHAKAN,136.67,1.75,0.71,34.36,108.53,0,2.08,0
CHAKAN_TO_SRIPERUMBUDUR,1094.0,13.23,0.15,44.93,107.3,0,13.13,0
MUNDRA_TO_BHIWANDI,872.85,11.64,0.25,34.61,16.77,0,12.51,0
JNPT_TO_CHAKAN,136.67,1.75,1.2,42.99,209.21,0,1.98,0
MUNDRA_TO_BHIWANDI,872.85,11.64,0.37,44.11,119.2,0,12.74,0
CHAKAN_TO_SRIPERUMBUDUR,1094.0,13.23,0.01,19.65,71.3,0,12.74,0
BHIWANDI_TO_CHAKAN,156.03,1.93,0.59,36.13,132.01,1,8.9,1
JNPT_TO_CHAKAN,136.67,1.75,1.27,47.12,95.77,0,1.86,0
MUNDRA_TO_BHIWANDI,872.85,11.64,0.58,52.67,18.26,0,13.83,0
CHAKAN_TO_SRIPERUMBUDUR,1094.0,13.23,1.74,17.87,67.08,0,13.26,0
JNPT_TO_CHAKAN,136.67,1.75,0.13,37.39,218.46,0,1.87,0
JNPT_TO_CHAKAN,136.67,1.75,0.29,21.88,1.66,0,2.06,0
BHIWANDI_TO_CHAKAN,156.03,1.93,0.02,48.97,4.45,0,2.06,0
JNPT_TO_BHIWANDI,67.55,0.92,1.87,30.69,27.27,0,1.0,0
JNPT_TO_BHIWANDI,67.55,0.92,7.0,49.69,133.84,0,0.9,0
JNPT_TO_BHIWANDI,67.55,0.92,0.16,43.2,90.08,0,0.93,0
MUNDRA_TO_BHIWANDI,872.85,11.64,1.06,42.66,33.79,0,10.59,0
JNPT_TO_CHAKAN,136.67,1.75,1.03,29.16,14.36,0,1.97,0
JNPT_TO_BHIWANDI,67.55,0.92,0.94,15.36,106.58,0,1.07,0
BHIWANDI_TO_CHAKAN,156.03,1.93,1.13,28.09,37.09,0,2.24,0
JNPT_TO_BHIWANDI,67.55,0.92,6.38,14.4,125.69,0,1.04,0
BHIWANDI_TO_CHAKAN,156.03,1.93,1.13,51.93,31.12,0,1.8,0
CHAKAN_TO_SRIPERUMBUDUR,1094.0,13.23,1.84,34.36,13.46,0,13.73,0
JNPT_TO_BHIWANDI,67.55,0.92,0.8,52.42,74.0,0,1.09,0
BHIWANDI_TO_CHAKAN,156.03,1.93,1.53,38.87,171.5,0,2.07,0
JNPT_TO_CHAKAN,136.67,1.75,1.37,30.22,54.11,0,1.71,0
JNPT_TO_BHIWANDI,67.55,0.92,0.71,51.67,269.28,0,1.04,0
JNPT_TO_CHAKAN,136.67,1.75,0.12,44.88,131.2,0,1.83,0
MUNDRA_TO_BHIWANDI,872.85,11.64,1.42,11.01,224.06,0,10.5,0
MUNDRA_TO_BHIWANDI,872.85,11.64,1.14,37.08,2.41,0,10.5,0
CHAKAN_TO_SRIPERUMBUDUR,1094.0,13.23,1.6,12.36,14.45,0,13.43,0
JNPT_TO_BHIWANDI,67.55,0.92,1.94,53.17,124.15,0,1.03,0
CHAKAN_TO_SRIPERUMBUDUR,1094.0,13.23,0.46,53.91,8.69,0,15.7,0
MUNDRA_TO_BHIWANDI,872.85,11.64,0.11,53.61,31.8,0,11.67,0
CHAKAN_TO_SRIPERUMBUDUR,1094.0,13.23,1.97,27.14,66.36,0,12.52,0
JNPT_TO_CHAKAN,136.67,1.75,0.19,33.13,28.69,1,5.03,1
JNPT_TO_CHAKAN,136.67,1.75,1.07,10.79,55.08,0,1.87,0
JNPT_TO_CHAKAN,136.67,1.75,0.96,22.61,166.03,0,1.99,0
CHAKAN_TO_SRIPERUMBUDUR,1094.0,13.23,0.58,55.67,234.17,0,12.49,0
MUNDRA_TO_BHIWANDI,872.85,11.64,1.55,52.85,34.79,0,11.78,0
JNPT_TO_CHAKAN,136.67,1.75,0.43,42.85,94.59,0,1.63,0
JNPT_TO_BHIWANDI,67.55,0.92,1.8,38.95,26.61,0,0.92,0
JNPT_TO_BHIWANDI,67.55,0.92,1.6,48.1,692.66,0,1.57,1
MUNDRA_TO_BHIWANDI,872.85,11.64,0.25,54.45,33.68,0,11.46,0
CHAKAN_TO_SRIPERUMBUDUR,1094.0,13.23,11.1,35.89,29.13,0,13.9,0
BHIWANDI_TO_CHAKAN,156.03,1.93,0.68,32.65,56.93,0,1.93,0
CHAKAN_TO_SRIPERUMBUDUR,1094.0,13.23,5.88,42.22,9.73,0,14.52,0
MUNDRA_TO_BHIWANDI,872.85,11.64,0.87,50.74,81.76,0,11.8,0
JNPT_TO_CHAKAN,136.67,1.75,1.42,33.64,151.86,0,1.61,0
MUNDRA_TO_BHIWANDI,872.85,11.64,0.31,44.7,4.98,0,10.49,0
JNPT_TO_CHAKAN,136.67,1.75,1.25,43.82,112.35,0,1.98,0
JNPT_TO_BHIWANDI,67.55,0.92,0.46,32.65,62.28,0,1.03,0
BHIWANDI_TO_CHAKAN,156.03,1.93,1.7,16.75,34.03,0,1.75,0
MUNDRA_TO_BHIWANDI,872.85,11.64,0.79,50.89,63.79,0,12.51,0
CHAKAN_TO_SRIPERUMBUDUR,1094.0,13.23,1.01,21.21,351.58,0,14.16,0
JNPT_TO_BHIWANDI,67.55,0.92,0.19,39.92,86.58,0,1.06,0
JNPT_TO_CHAKAN,136.67,1.75,0.47,15.83,125.36,0,1.77,0
MUNDRA_TO_BHIWANDI,872.85,11.64,8.01,46.16,7.22,0,13.32,0
MUNDRA_TO_BHIWANDI,872.85,11.64,0.46,53.77,10.69,0,10.78,0
MUNDRA_TO_BHIWANDI,872.85,11.64,0.09,57.25,62.53,0,11.67,0
JNPT_TO_BHIWANDI,67.55,0.92,1.06,49.99,25.76,0,0.9,0
JNPT_TO_CHAKAN,136.67,1.75,1.49,24.35,79.57,0,1.87,0
MUNDRA_TO_BHIWANDI,872.85,11.64,1.45,49.64,56.89,0,10.7,0
JNPT_TO_CHAKAN,136.67,1.75,9.62,34.42,144.03,0,2.03,0
JNPT_TO_CHAKAN,136.67,1.75,3.95,40.2,283.48,0,1.59,0
BHIWANDI_TO_CHAKAN,156.03,1.93,1.26,27.21,66.09,0,1.77,0
JNPT_TO_CHAKAN,136.67,1.75,1.07,15.09,9.29,0,1.62,0
JNPT_TO_CHAKAN,136.67,1.75,0.04,44.73,51.65,0,1.79,0
JNPT_TO_BHIWANDI,67.55,0.92,2.41,19.43,280.72,0,0.85,0
MUNDRA_TO_BHIWANDI,872.85,11.64,1.76,35.82,186.59,0,11.29,0
JNPT_TO_CHAKAN,136.67,1.75,1.62,10.89,1.52,0,1.88,0
MUNDRA_TO_BHIWANDI,872.85,11.64,1.83,12.29,105.82,0,12.13,0
JNPT_TO_CHAKAN,136.67,1.75,0.89,28.36,67.86,0,2.08,0
CHAKAN_TO_SRIPERUMBUDUR,1094.0,13.23,1.37,20.72,497.98,0,13.57,0
CHAKAN_TO_SRIPERUMBUDUR,1094.0,13.23,0.19,23.51,190.74,0,14.83,0
JNPT_TO_BHIWANDI,67.55,0.92,1.2,28.77,51.08,0,0.91,0
JNPT_TO_CHAKAN,136.67,1.75,0.65,27.33,210.84,0,1.61,0
JNPT_TO_BHIWANDI,67.55,0.92,0.4,49.28,129.0,0,1.09,0
MUNDRA_TO_BHIWANDI,872.85,11.64,2.81,31.78,156.17,0,13.13,0
JNPT_TO_CHAKAN,136.67,1.75,1.47,42.75,347.81,0,2.13,0
MUNDRA_TO_BHIWANDI,872.85,11.64,0.75,17.65,13.71,0,13.82,0
MUNDRA_TO_BHIWANDI,872.85,11.64,1.88,12.65,38.51,0,10.66,0
MUNDRA_TO_BHIWANDI,872.85,11.64,0.74,37.03,268.21,0,13.43,0
CHAKAN_TO_SRIPERUMBUDUR,1094.0,13.23,2.21,22.99,1.47,0,13.65,0
MUNDRA_TO_BHIWANDI,872.85,11.64,0.59,15.25,5.0,0,13.46,0
JNPT_TO_CHAKAN,136.67,1.75,1.8,46.42,92.29,0,1.68,0
CHAKAN_TO_SRIPERUMBUDUR,1094.0,13.23,1.03,39.93,94.39,0,12.78,0
CHAKAN_TO_SRIPERUMBUDUR,1094.0,13.23,1.22,29.17,24.66,0,15.01,0
JNPT_TO_CHAKAN,136.67,1.75,1.9,11.22,224.94,0,1.93,0
JNPT_TO_CHAKAN,136.67,1.75,3.5,59.59,107.53,0,1.88,0
JNPT_TO_CHAKAN,136.67,1.75,0.44,10.5,118.6,0,2.07,0
JNPT_TO_CHAKAN,136.67,1.75,1.24,18.38,52.86,0,1.71,0
CHAKAN_TO_SRIPERUMBUDUR,1094.0,13.23,0.75,37.35,67.35,0,14.4,0
MUNDRA_TO_BHIWANDI,872.85,11.64,1.65,22.91,134.29,0,13.65,0
BHIWANDI_TO_CHAKAN,156.03,1.93,1.73,20.81,241.64,0,2.06,0
JNPT_TO_BHIWANDI,67.55,0.92,0.61,45.2,4.76,0,0.89,0
CHAKAN_TO_SRIPERUMBUDUR,1094.0,13.23,0.41,14.89,105.26,0,14.83,0
JNPT_TO_CHAKAN,136.67,1.75,0.36,35.86,49.45,0,2.02,0
MUNDRA_TO_BHIWANDI,872.85,11.64,1.1,52.32,108.2,0,12.18,0
CHAKAN_TO_SRIPERUMBUDUR,1094.0,13.23,1.68,17.16,5.0,0,12.89,0
CHAKAN_TO_SRIPERUMBUDUR,1094.0,13.23,1.08,32.05,667.4,0,14.71,0
MUNDRA_TO_BHIWANDI,872.85,11.64,0.26,47.57,45.3,0,13.48,0
MUNDRA_TO_BHIWANDI,872.85,11.64,0.11,52.9,40.49,0,13.88,0
MUNDRA_TO_BHIWANDI,872.85,11.64,0.19,44.42,130.97,1,16.5,1
JNPT_TO_CHAKAN,136.67,1.75,1.41,17.52,261.26,0,1.62,0
MUNDRA_TO_BHIWANDI,872.85,11.64,1.38,35.13,14.81,0,11.77,0
JNPT_TO_BHIWANDI,67.55,0.92,1.79,58.62,42.23,0,0.99,0
BHIWANDI_TO_CHAKAN,156.03,1.93,1.07,46.61,23.08,0,1.99,0
CHAKAN_TO_SRIPERUMBUDUR,1094.0,13.23,0.47,26.57,363.12,0,15.15,0
CHAKAN_TO_SRIPERUMBUDUR,1094.0,13.23,0.36,25.48,301.4,0,15.76,0
CHAKAN_TO_SRIPERUMBUDUR,1094.0,13.23,1.99,38.24,87.4,0,15.74,0
BHIWANDI_TO_CHAKAN,156.03,1.93,3.76,33.99,97.0,0,1.75,0
JNPT_TO_CHAKAN,136.67,1.75,10.37,56.48,364.52,0,2.38,1
CHAKAN_TO_SRIPERUMBUDUR,1094.0,13.23,1.11,31.59,95.92,0,13.97,0
JNPT_TO_CHAKAN,136.67,1.75,0.61,54.6,299.15,0,1.87,0
BHIWANDI_TO_CHAKAN,156.03,1.93,0.57,15.14,129.06,0,2.16,0
MUNDRA_TO_BHIWANDI,872.85,11.64,0.13,29.8,0.39,0,13.08,0
CHAKAN_TO_SRIPERUMBUDUR,1094.0,13.23,0.16,49.01,201.36,0,14.15,0
BHIWANDI_TO_CHAKAN,156.03,1.93,1.99,52.47,115.58,0,1.97,0
BHIWANDI_TO_CHAKAN,156.03,1.93,0.27,49.18,153.62,0,2.31,0
JNPT_TO_CHAKAN,136.67,1.75,1.87,49.1,86.91,0,1.72,0
JNPT_TO_CHAKAN,136.67,1.75,0.38,11.92,351.57,0,2.04,0
JNPT_TO_CHAKAN,136.67,1.75,8.34,41.94,92.96,0,1.69,0
MUNDRA_TO_BHIWANDI,872.85,11.64,0.42,35.79,22.69,0,12.21,0
JNPT_TO_CHAKAN,136.67,1.75,1.1,31.82,83.64,0,1.93,0
JNPT_TO_CHAKAN,136.67,1.75,1.82,22.5,129.18,0,1.98,0
CHAKAN_TO_SRIPERUMBUDUR,1094.0,13.23,0.31,15.2,20.29,0,14.41,0
MUNDRA_TO_BHIWANDI,872.85,11.64,0.72,21.9,14.89,1,16.62,1
MUNDRA_TO_BHIWANDI,872.85,11.64,0.34,33.97,36.88,0,12.06,0
BHIWANDI_TO_CHAKAN,156.03,1.93,1.12,54.07,104.0,0,1.75,0
JNPT_TO_CHAKAN,136.67,1.75,1.03,29.63,19.45,0,1.72,0
CHAKAN_TO_SRIPERUMBUDUR,1094.0,13.23,1.37,13.48,18.46,0,12.72,0
BHIWANDI_TO_CHAKAN,156.03,1.93,0.87,19.87,16.56,0,1.92,0
CHAKAN_TO_SRIPERUMBUDUR,1094.0,13.23,1.22,46.96,64.74,0,12.45,0
CHAKAN_TO_SRIPERUMBUDUR,1094.0,13.23,0.47,14.19,23.51,0,14.98,0
JNPT_TO_BHIWANDI,67.55,0.92,0.11,26.62,88.74,0,0.88,0
MUNDRA_TO_BHIWANDI,872.85,11.64,1.32,10.39,300.92,0,13.47,0
CHAKAN_TO_SRIPERUMBUDUR,1094.0,13.23,0.2,45.7,150.01,0,12.84,0
CHAKAN_TO_SRIPERUMBUDUR,1094.0,13.23,0.81,46.78,108.61,0,13.51,0
JNPT_TO_CHAKAN,136.67,1.75,0.14,56.61,30.23,0,1.9,0
MUNDRA_TO_BHIWANDI,872.85,11.64,1.96,56.86,149.32,0,13.59,0
JNPT_TO_BHIWANDI,67.55,0.92,1.48,29.47,112.75,0,1.06,0
JNPT_TO_BHIWANDI,67.55,0.92,1.46,38.71,27.02,0,0.93,0
BHIWANDI_TO_CHAKAN,156.03,1.93,0.59,32.62,130.65,0,2.22,0
JNPT_TO_BHIWANDI,67.55,0.92,9.39,58.39,338.42,0,1.42,1
BHIWANDI_TO_CHAKAN,156.03,1.93,0.28,54.16,0.36,1,6.43,1
MUNDRA_TO_BHIWANDI,872.85,11.64,8.19,37.12,29.31,0,13.64,0
BHIWANDI_TO_CHAKAN,156.03,1.93,1.52,52.76,5.41,0,2.24,0
MUNDRA_TO_BHIWANDI,872.85,11.64,3.02,15.32,252.51,0,11.93,0
JNPT_TO_BHIWANDI,67.55,0.92,0.95,37.32,183.07,0,1.06,0
JNPT_TO_CHAKAN,136.67,1.75,1.89,22.27,20.46,0,1.65,0
CHAKAN_TO_SRIPERUMBUDUR,1094.0,13.23,1.11,22.15,254.76,0,14.25,0
JNPT_TO_CHAKAN,136.67,1.75,0.65,53.72,14.79,0,1.98,0
CHAKAN_TO_SRIPERUMBUDUR,1094.0,13.23,1.37,49.92,55.37,0,12.24,0
JNPT_TO_BHIWANDI,67.55,0.92,1.94,51.16,132.05,0,0.93,0
JNPT_TO_BHIWANDI,67.55,0.92,2.39,40.49,61.62,0,0.83,0
JNPT_TO_CHAKAN,136.67,1.75,1.78,37.29,193.52,0,1.94,0
CHAKAN_TO_SRIPERUMBUDUR,1094.0,13.23,0.77,57.61,30.93,0,13.61,0
BHIWANDI_TO_CHAKAN,156.03,1.93,0.78,27.29,263.32,0,2.1,0
MUNDRA_TO_BHIWANDI,872.85,11.64,1.19,19.97,95.67,0,11.7,0
JNPT_TO_CHAKAN,136.67,1.75,1.17,50.45,38.8,0,2.0,0
JNPT_TO_CHAKAN,136.67,1.75,1.5,25.88,314.18,0,2.2,1
JNPT_TO_CHAKAN,136.67,1.75,0.92,25.56,196.82,0,1.66,0
MUNDRA_TO_BHIWANDI,872.85,11.64,0.72,59.56,90.1,0,10.49,0
JNPT_TO_BHIWANDI,67.55,0.92,1.4,49.91,232.85,0,0.88,0
BHIWANDI_TO_CHAKAN,156.03,1.93,0.44,59.79,68.6,0,1.86,0
CHAKAN_TO_SRIPERUMBUDUR,1094.0,13.23,0.6,12.04,119.99,1,21.87,1
CHAKAN_TO_SRIPERUMBUDUR,1094.0,13.23,0.4,17.56,39.99,0,14.34,0
CHAKAN_TO_SRIPERUMBUDUR,1094.0,13.23,0.82,46.56,25.14,0,13.42,0
JNPT_TO_CHAKAN,136.67,1.75,0.05,16.63,18.02,0,2.03,0
JNPT_TO_BHIWANDI,67.55,0.92,16.03,26.52,47.82,0,2.48,1
MUNDRA_TO_BHIWANDI,872.85,11.64,0.43,53.74,135.85,0,12.39,0
CHAKAN_TO_SRIPERUMBUDUR,1094.0,13.23,0.14,59.82,20.01,0,15.58,0
JNPT_TO_CHAKAN,136.67,1.75,1.41,54.59,24.44,0,2.05,0
CHAKAN_TO_SRIPERUMBUDUR,1094.0,13.23,1.53,17.61,112.19,0,12.96,0
JNPT_TO_BHIWANDI,67.55,0.92,0.14,20.94,100.57,0,1.1,0
JNPT_TO_CHAKAN,136.67,1.75,1.87,17.32,134.07,0,1.64,0
JNPT_TO_BHIWANDI,67.55,0.92,0.87,55.37,15.2,0,1.09,0
CHAKAN_TO_SRIPERUMBUDUR,1094.0,13.23,0.22,12.48,180.95,0,13.34,0
BHIWANDI_TO_CHAKAN,156.03,1.93,0.72,31.33,49.78,0,1.97,0
JNPT_TO_BHIWANDI,67.55,0.92,1.27,59.85,106.76,0,0.92,0
JNPT_TO_CHAKAN,136.67,1.75,0.59,23.06,0.08,0,1.78,0
MUNDRA_TO_BHIWANDI,872.85,11.64,0.17,18.75,99.45,0,12.97,0
CHAKAN_TO_SRIPERUMBUDUR,1094.0,13.23,1.96,15.81,11.43,0,12.18,0
MUNDRA_TO_BHIWANDI,872.85,11.64,0.48,32.68,371.0,0,14.01,0
JNPT_TO_BHIWANDI,67.55,0.92,0.61,35.27,41.75,0,0.84,0
JNPT_TO_BHIWANDI,67.55,0.92,1.75,40.18,12.19,0,0.86,0
BHIWANDI_TO_CHAKAN,156.03,1.93,1.48,46.34,630.67,0,2.52,1
JNPT_TO_CHAKAN,136.67,1.75,0.86,35.4,2.62,0,1.68,0
JNPT_TO_CHAKAN,136.67,1.75,1.79,33.21,0.85,0,1.96,0
JNPT_TO_CHAKAN,136.67,1.75,1.71,52.26,55.77,0,1.99,0
JNPT_TO_CHAKAN,136.67,1.75,0.06,27.36,495.02,0,2.4,1
BHIWANDI_TO_CHAKAN,156.03,1.93,1.18,33.28,4.98,0,1.74,0
CHAKAN_TO_SRIPERUMBUDUR,1094.0,13.23,0.25,40.29,127.0,0,15.61,0
CHAKAN_TO_SRIPERUMBUDUR,1094.0,13.23,0.19,54.74,24.53,0,13.6,0
JNPT_TO_BHIWANDI,67.55,0.92,13.01,31.98,34.5,0,1.05,0
CHAKAN_TO_SRIPERUMBUDUR,1094.0,13.23,0.69,29.07,21.05,0,13.39,0
JNPT_TO_BHIWANDI,67.55,0.92,1.22,25.56,12.01,0,1.04,0
BHIWANDI_TO_CHAKAN,156.03,1.93,1.25,37.08,86.43,0,2.14,0
JNPT_TO_BHIWANDI,67.55,0.92,1.7,21.19,55.87,0,0.93,0
JNPT_TO_BHIWANDI,67.55,0.92,0.02,49.28,277.78,0,1.04,0
JNPT_TO_BHIWANDI,67.55,0.92,0.25,31.62,53.64,0,1.07,0
CHAKAN_TO_SRIPERUMBUDUR,1094.0,13.23,1.18,26.75,99.14,0,15.49,0
JNPT_TO_BHIWANDI,67.55,0.92,1.96,22.29,104.59,0,1.07,0
JNPT_TO_CHAKAN,136.67,1.75,1.54,52.32,6.09,0,1.86,0
MUNDRA_TO_BHIWANDI,872.85,11.64,0.47,26.98,6.44,0,11.29,0
JNPT_TO_CHAKAN,136.67,1.75,1.68,31.54,227.58,0,1.91,0
BHIWANDI_TO_CHAKAN,156.03,1.93,0.72,31.75,45.77,0,1.95,0
MUNDRA_TO_BHIWANDI,872.85,11.64,1.85,22.13,281.82,0,12.77,0
JNPT_TO_CHAKAN,136.67,1.75,0.47,28.65,194.91,0,2.07,0
MUNDRA_TO_BHIWANDI,872.85,11.64,0.24,20.71,399.32,0,13.94,0
CHAKAN_TO_SRIPERUMBUDUR,1094.0,13.23,0.41,59.72,33.01,0,13.51,0
BHIWANDI_TO_CHAKAN,156.03,1.93,0.31,40.83,36.21,0,1.83,0
JNPT_TO_CHAKAN,136.67,1.75,0.3,52.27,104.32,0,1.84,0
CHAKAN_TO_SRIPERUMBUDUR,1094.0,13.23,1.59,41.28,110.48,0,13.38,0
JNPT_TO_CHAKAN,136.67,1.75,1.36,34.11,54.31,0,2.01,0
JNPT_TO_CHAKAN,136.67,1.75,0.45,21.42,166.81,0,2.03,0
JNPT_TO_BHIWANDI,67.55,0.92,1.38,10.3,157.58,0,0.83,0
JNPT_TO_BHIWANDI,67.55,0.92,1.57,15.89,117.53,0,1.08,0
BHIWANDI_TO_CHAKAN,156.03,1.93,0.57,23.87,340.27,0,2.23,0
BHIWANDI_TO_CHAKAN,156.03,1.93,1.24,53.7,23.48,0,2.09,0
BHIWANDI_TO_CHAKAN,156.03,1.93,0.07,30.58,8.13,0,2.2,0
BHIWANDI_TO_CHAKAN,156.03,1.93,17.44,34.19,164.55,0,4.0,1
CHAKAN_TO_SRIPERUMBUDUR,1094.0,13.23,0.31,22.6,71.77,1,21.03,1
JNPT_TO_BHIWANDI,67.55,0.92,0.57,24.83,38.19,0,0.86,0
JNPT_TO_CHAKAN,136.67,1.75,0.63,42.29,69.31,0,1.7,0
JNPT_TO_CHAKAN,136.67,1.75,21.57,11.21,7.74,0,3.74,1
JNPT_TO_CHAKAN,136.67,1.75,0.91,25.32,21.57,0,1.69,0
BHIWANDI_TO_CHAKAN,156.03,1.93,0.97,58.16,25.56,0,1.78,0
CHAKAN_TO_SRIPERUMBUDUR,1094.0,13.23,1.51,24.32,117.51,0,15.07,0
JNPT_TO_CHAKAN,136.67,1.75,1.85,27.5,14.96,0,1.74,0
JNPT_TO_BHIWANDI,67.55,0.92,1.74,53.66,149.42,0,1.03,0
JNPT_TO_BHIWANDI,67.55,0.92,1.47,41.13,31.18,0,1.08,0
CHAKAN_TO_SRIPERUMBUDUR,1094.0,13.23,17.73,23.61,76.27,0,13.92,0
JNPT_TO_CHAKAN,136.67,1.75,3.59,56.87,46.28,0,1.6,0
CHAKAN_TO_SRIPERUMBUDUR,1094.0,13.23,1.83,37.53,597.66,0,15.12,0
CHAKAN_TO_SRIPERUMBUDUR,1094.0,13.23,3.48,29.37,41.92,0,14.31,0
JNPT_TO_BHIWANDI,67.55,0.92,1.42,15.69,16.99,0,1.1,0
JNPT_TO_BHIWANDI,67.55,0.92,0.04,41.89,47.59,1,7.43,1
CHAKAN_TO_SRIPERUMBUDUR,1094.0,13.23,1.96,36.99,26.35,0,15.68,0
CHAKAN_TO_SRIPERUMBUDUR,1094.0,13.23,1.22,38.67,6.43,0,12.91,0
CHAKAN_TO_SRIPERUMBUDUR,1094.0,13.23,1.39,20.01,197.74,0,15.13,0
CHAKAN_TO_SRIPERUMBUDUR,1094.0,13.23,0.95,32.4,39.02,0,13.43,0
JNPT_TO_CHAKAN,136.67,1.75,1.45,28.18,229.91,0,1.67,0
CHAKAN_TO_SRIPERUMBUDUR,1094.0,13.23,6.23,52.9,31.4,0,15.48,0
MUNDRA_TO_BHIWANDI,872.85,11.64,3.05,11.35,126.37,0,12.74,0
JNPT_TO_BHIWANDI,67.55,0.92,1.39,42.97,106.57,0,1.05,0
JNPT_TO_CHAKAN,136.67,1.75,5.93,24.09,21.55,0,1.82,0
JNPT_TO_CHAKAN,136.67,1.75,0.94,13.87,3.07,0,1.67,0
JNPT_TO_BHIWANDI,67.55,0.92,0.08,17.55,69.33,0,1.0,0
JNPT_TO_BHIWANDI,67.55,0.92,1.16,50.13,46.21,0,0.92,0
CHAKAN_TO_SRIPERUMBUDUR,1094.0,13.23,1.4,45.12,16.0,0,12.22,0
MUNDRA_TO_BHIWANDI,872.85,11.64,0.86,37.96,147.17,0,11.96,0
JNPT_TO_BHIWANDI,67.55,0.92,1.86,27.99,56.26,0,1.01,0
MUNDRA_TO_BHIWANDI,872.85,11.64,1.8,20.74,126.33,0,11.91,0
JNPT_TO_BHIWANDI,67.55,0.92,1.34,50.13,46.3,1,7.79,1
MUNDRA_TO_BHIWANDI,872.85,11.64,11.9,15.41,416.88,0,12.34,0
JNPT_TO_CHAKAN,136.67,1.75,1.47,45.01,172.55,0,1.94,0
CHAKAN_TO_SRIPERUMBUDUR,1094.0,13.23,0.0,13.37,86.17,0,14.03,0
CHAKAN_TO_SRIPERUMBUDUR,1094.0,13.23,0.38,37.04,55.89,0,15.48,0
BHIWANDI_TO_CHAKAN,156.03,1.93,0.75,56.0,102.88,0,2.24,0
JNPT_TO_CHAKAN,136.67,1.75,2.85,29.67,157.14,0,2.08,0
BHIWANDI_TO_CHAKAN,156.03,1.93,0.71,11.13,18.5,0,2.2,0
BHIWANDI_TO_CHAKAN,156.03,1.93,1.8,17.38,57.08,0,1.74,0
MUNDRA_TO_BHIWANDI,872.85,11.64,5.49,37.66,80.28,0,11.51,0
MUNDRA_TO_BHIWANDI,872.85,11.64,1.28,11.61,182.45,0,13.79,0
CHAKAN_TO_SRIPERUMBUDUR,1094.0,13.23,1.31,11.82,68.25,0,13.28,0
MUNDRA_TO_BHIWANDI,872.85,11.64,1.85,32.52,25.02,0,11.58,0
JNPT_TO_CHAKAN,136.67,1.75,0.95,41.33,115.0,0,1.99,0
JNPT_TO_CHAKAN,136.67,1.75,1.24,46.19,49.76,0,1.97,0
JNPT_TO_BHIWANDI,67.55,0.92,1.39,35.07,172.11,0,1.09,0
BHIWANDI_TO_CHAKAN,156.03,1.93,1.17,57.53,39.22,0,2.31,0
MUNDRA_TO_BHIWANDI,872.85,11.64,0.89,54.98,97.96,0,12.78,0
JNPT_TO_CHAKAN,136.67,1.75,0.08,12.74,43.84,0,2.09,0
JNPT_TO_BHIWANDI,67.55,0.92,0.12,16.77,72.58,0,0.85,0
BHIWANDI_TO_CHAKAN,156.03,1.93,1.9,27.51,21.02,0,2.08,0
BHIWANDI_TO_CHAKAN,156.03,1.93,8.03,58.18,291.55,0,2.12,0
JNPT_TO_CHAKAN,136.67,1.75,0.35,16.44,150.22,1,7.19,1
JNPT_TO_BHIWANDI,67.55,0.92,1.08,36.4,74.63,0,0.83,0
BHIWANDI_TO_CHAKAN,156.03,1.93,0.09,23.34,49.22,0,1.97,0
CHAKAN_TO_SRIPERUMBUDUR,1094.0,13.23,1.99,33.98,82.61,0,15.86,0
BHIWANDI_TO_CHAKAN,156.03,1.93,0.31,19.52,11.91,0,1.86,0
BHIWANDI_TO_CHAKAN,156.03,1.93,2.01,36.91,94.03,0,1.77,0
JNPT_TO_BHIWANDI,67.55,0.92,1.18,30.9,19.15,0,0.93,0
JNPT_TO_BHIWANDI,67.55,0.92,1.67,30.7,3.86,0,1.06,0
BHIWANDI_TO_CHAKAN,156.03,1.93,1.06,17.59,11.62,0,1.97,0
BHIWANDI_TO_CHAKAN,156.03,1.93,0.32,51.15,18.72,0,1.75,0
JNPT_TO_BHIWANDI,67.55,0.92,0.66,17.02,59.86,0,1.08,0
MUNDRA_TO_BHIWANDI,872.85,11.64,1.91,33.84,86.13,0,11.35,0
MUNDRA_TO_BHIWANDI,872.85,11.64,1.15,36.18,79.99,0,13.0,0
BHIWANDI_TO_CHAKAN,156.03,1.93,0.78,18.37,54.14,0,2.04,0
CHAKAN_TO_SRIPERUMBUDUR,1094.0,13.23,1.5,19.16,120.72,0,13.38,0
JNPT_TO_CHAKAN,136.67,1.75,0.88,59.85,19.19,0,1.88,0
CHAKAN_TO_SRIPERUMBUDUR,1094.0,13.23,1.87,24.5,5.57,0,14.36,0
BHIWANDI_TO_CHAKAN,156.03,1.93,0.56,45.81,107.44,0,1.94,0
CHAKAN_TO_SRIPERUMBUDUR,1094.0,13.23,1.19,31.89,79.74,0,14.25,0
MUNDRA_TO_BHIWANDI,872.85,11.64,3.85,29.63,216.33,0,11.46,0
JNPT_TO_BHIWANDI,67.55,0.92,0.3,40.06,143.6,0,0.86,0
JNPT_TO_CHAKAN,136.67,1.75,1.55,55.45,48.38,0,1.73,0
MUNDRA_TO_BHIWANDI,872.85,11.64,0.47,55.22,225.29,0,11.65,0
JNPT_TO_BHIWANDI,67.55,0.92,1.71,58.23,14.99,0,1.06,0
JNPT_TO_CHAKAN,136.67,1.75,0.45,15.38,119.22,0,1.65,0
BHIWANDI_TO_CHAKAN,156.03,1.93,0.19,28.71,34.37,0,1.79,0
BHIWANDI_TO_CHAKAN,156.03,1.93,0.76,55.86,26.33,0,2.16,0
MUNDRA_TO_BHIWANDI,872.85,11.64,1.08,15.57,66.11,0,13.47,0
JNPT_TO_CHAKAN,136.67,1.75,0.58,39.1,401.71,0,2.25,1
JNPT_TO_BHIWANDI,67.55,0.92,1.47,51.54,44.55,0,0.95,0
CHAKAN_TO_SRIPERUMBUDUR,1094.0,13.23,0.92,50.77,12.43,0,15.11,0
JNPT_TO_BHIWANDI,67.55,0.92,1.29,30.66,197.85,0,0.99,0
BHIWANDI_TO_CHAKAN,156.03,1.93,1.11,44.03,94.44,0,2.29,0
JNPT_TO_BHIWANDI,67.55,0.92,1.88,20.79,74.97,0,0.84,0
BHIWANDI_TO_CHAKAN,156.03,1.93,1.47,44.2,37.57,0,1.99,0
CHAKAN_TO_SRIPERUMBUDUR,1094.0,13.23,0.69,45.95,97.2,0,13.44,0
JNPT_TO_CHAKAN,136.67,1.75,0.4,35.3,101.27,0,1.62,0
JNPT_TO_BHIWANDI,67.55,0.92,0.65,29.47,253.38,0,1.04,0
CHAKAN_TO_SRIPERUMBUDUR,1094.0,13.23,1.74,10.73,189.73,0,13.95,0
JNPT_TO_BHIWANDI,67.55,0.92,0.24,50.35,112.34,0,1.07,0
JNPT_TO_BHIWANDI,67.55,0.92,2.93,41.15,126.77,0,0.86,0
JNPT_TO_BHIWANDI,67.55,0.92,1.75,48.89,68.0,0,0.91,0
BHIWANDI_TO_CHAKAN,156.03,1.93,0.75,46.6,139.38,0,1.8,0
JNPT_TO_CHAKAN,136.67,1.75,0.32,24.27,26.94,0,1.96,0
JNPT_TO_BHIWANDI,67.55,0.92,1.83,13.47,20.88,1,6.91,1
MUNDRA_TO_BHIWANDI,872.85,11.64,1.17,57.32,56.97,0,11.29,0
CHAKAN_TO_SRIPERUMBUDUR,1094.0,13.23,1.35,31.43,7.61,0,12.97,0
MUNDRA_TO_BHIWANDI,872.85,11.64,5.63,15.56,2.1,0,10.53,0
CHAKAN_TO_SRIPERUMBUDUR,1094.0,13.23,1.36,39.13,296.55,0,12.75,0
JNPT_TO_CHAKAN,136.67,1.75,4.63,32.12,120.9,0,1.62,0
CHAKAN_TO_SRIPERUMBUDUR,1094.0,13.23,0.36,47.51,14.23,0,12.38,0
MUNDRA_TO_BHIWANDI,872.85,11.64,1.57,31.44,21.61,0,10.69,0
MUNDRA_TO_BHIWANDI,872.85,11.64,0.15,55.89,158.95,0,13.17,0
MUNDRA_TO_BHIWANDI,872.85,11.64,0.98,26.98,37.29,0,12.34,0
CHAKAN_TO_SRIPERUMBUDUR,1094.0,13.23,0.97,31.9,54.05,0,12.0,0
JNPT_TO_BHIWANDI,67.55,0.92,0.25,25.54,77.16,0,1.04,0
MUNDRA_TO_BHIWANDI,872.85,11.64,0.17,17.72,62.94,0,11.0,0
MUNDRA_TO_BHIWANDI,872.85,11.64,0.69,40.11,42.64,0,11.84,0
BHIWANDI_TO_CHAKAN,156.03,1.93,0.18,15.63,205.61,0,1.97,0
MUNDRA_TO_BHIWANDI,872.85,11.64,1.18,13.43,17.86,0,12.19,0
CHAKAN_TO_SRIPERUMBUDUR,1094.0,13.23,1.06,14.42,12.94,0,13.55,0
BHIWANDI_TO_CHAKAN,156.03,1.93,1.5,14.76,52.05,0,1.99,0
BHIWANDI_TO_CHAKAN,156.03,1.93,1.74,45.32,74.11,0,1.98,0
JNPT_TO_BHIWANDI,67.55,0.92,1.64,57.01,95.21,0,0.94,0
MUNDRA_TO_BHIWANDI,872.85,11.64,0.26,38.19,189.62,0,11.94,0
JNPT_TO_BHIWANDI,67.55,0.92,0.74,23.49,45.31,0,1.09,0
JNPT_TO_CHAKAN,136.67,1.75,1.12,29.35,19.66,0,1.95,0
BHIWANDI_TO_CHAKAN,156.03,1.93,1.42,56.03,108.16,0,2.21,0
BHIWANDI_TO_CHAKAN,156.03,1.93,1.61,37.91,92.58,0,2.19,0
JNPT_TO_CHAKAN,136.67,1.75,0.24,21.21,507.09,0,2.44,1
JNPT_TO_CHAKAN,136.67,1.75,10.38,18.64,27.66,0,1.62,0
BHIWANDI_TO_CHAKAN,156.03,1.93,1.48,17.65,170.61,0,2.12,0
CHAKAN_TO_SRIPERUMBUDUR,1094.0,13.23,0.6,33.56,173.21,0,12.16,0
JNPT_TO_BHIWANDI,67.55,0.92,0.89,16.06,77.35,1,4.39,1
JNPT_TO_CHAKAN,136.67,1.75,0.32,49.55,111.68,0,1.94,0
JNPT_TO_CHAKAN,136.67,1.75,0.99,39.23,249.03,0,1.71,0
JNPT_TO_CHAKAN,136.67,1.75,1.34,13.17,144.52,0,1.82,0
BHIWANDI_TO_CHAKAN,156.03,1.93,1.02,16.87,290.17,0,1.9,0
JNPT_TO_CHAKAN,136.67,1.75,1.11,27.62,8.85,0,1.62,0
JNPT_TO_BHIWANDI,67.55,0.92,0.65,31.66,68.76,0,1.08,0
MUNDRA_TO_BHIWANDI,872.85,11.64,1.05,38.12,32.9,0,13.6,0
BHIWANDI_TO_CHAKAN,156.03,1.93,0.67,49.85,18.38,0,1.93,0
JNPT_TO_CHAKAN,136.67,1.75,5.56,15.57,153.19,0,1.95,0
JNPT_TO_BHIWANDI,67.55,0.92,2.0,33.24,2.55,0,1.1,0
CHAKAN_TO_SRIPERUMBUDUR,1094.0,13.23,6.05,28.08,90.9,0,13.57,0
MUNDRA_TO_BHIWANDI,872.85,11.64,1.33,55.54,26.95,0,11.65,0
BHIWANDI_TO_CHAKAN,156.03,1.93,0.68,34.53,58.45,0,2.29,0
BHIWANDI_TO_CHAKAN,156.03,1.93,0.87,40.37,92.58,0,1.9,0
BHIWANDI_TO_CHAKAN,156.03,1.93,0.43,52.3,123.31,0,1.92,0
CHAKAN_TO_SRIPERUMBUDUR,1094.0,13.23,12.58,10.38,438.34,0,16.04,0
BHIWANDI_TO_CHAKAN,156.03,1.93,1.19,15.36,16.29,0,1.93,0
JNPT_TO_BHIWANDI,67.55,0.92,0.22,52.05,64.11,0,1.04,0
JNPT_TO_CHAKAN,136.67,1.75,1.96,45.83,103.95,0,1.67,0
JNPT_TO_CHAKAN,136.67,1.75,0.43,51.39,125.53,0,1.87,0
MUNDRA_TO_BHIWANDI,872.85,11.64,0.23,25.54,1.74,0,13.71,0
BHIWANDI_TO_CHAKAN,156.03,1.93,0.8,35.57,400.38,0,2.25,0
CHAKAN_TO_SRIPERUMBUDUR,1094.0,13.23,0.2,47.68,128.22,0,14.32,0
CHAKAN_TO_SRIPERUMBUDUR,1094.0,13.23,1.54,11.18,13.55,0,15.29,0
BHIWANDI_TO_CHAKAN,156.03,1.93,1.32,43.44,47.2,0,1.79,0
JNPT_TO_BHIWANDI,67.55,0.92,0.56,27.35,73.84,0,1.07,0
BHIWANDI_TO_CHAKAN,156.03,1.93,0.51,25.48,107.86,0,1.88,0
JNPT_TO_BHIWANDI,67.55,0.92,0.67,33.88,41.34,0,0.95,0
BHIWANDI_TO_CHAKAN,156.03,1.93,1.19,35.82,30.24,0,1.8,0
JNPT_TO_CHAKAN,136.67,1.75,0.64,49.07,15.46,0,2.05,0
MUNDRA_TO_BHIWANDI,872.85,11.64,1.3,24.48,11.54,0,11.06,0
MUNDRA_TO_BHIWANDI,872.85,11.64,0.67,53.11,15.69,0,13.59,0
JNPT_TO_BHIWANDI,67.55,0.92,1.18,21.03,327.81,0,1.23,1
JNPT_TO_CHAKAN,136.67,1.75,0.9,40.77,126.52,0,1.62,0
JNPT_TO_CHAKAN,136.67,1.75,0.18,47.88,364.52,0,2.36,1
JNPT_TO_BHIWANDI,67.55,0.92,9.37,33.43,9.52,0,1.01,0
MUNDRA_TO_BHIWANDI,872.85,11.64,0.29,38.41,0.19,0,11.02,0
CHAKAN_TO_SRIPERUMBUDUR,1094.0,13.23,0.52,27.32,106.96,0,15.48,0
JNPT_TO_BHIWANDI,67.55,0.92,0.63,15.22,208.87,0,1.02,0
CHAKAN_TO_SRIPERUMBUDUR,1094.0,13.23,0.75,39.47,522.6,0,16.1,0
CHAKAN_TO_SRIPERUMBUDUR,1094.0,13.23,1.13,15.28,9.65,0,13.09,0
BHIWANDI_TO_CHAKAN,156.03,1.93,0.67,41.51,113.4,0,1.77,0
JNPT_TO_CHAKAN,136.67,1.75,1.07,18.16,13.35,0,1.59,0
JNPT_TO_CHAKAN,136.67,1.75,0.19,46.28,140.39,0,1.6,0
JNPT_TO_CHAKAN,136.67,1.75,1.7,28.29,59.42,0,1.98,0
JNPT_TO_CHAKAN,136.67,1.75,0.69,23.25,333.39,0,2.19,1
BHIWANDI_TO_CHAKAN,156.03,1.93,0.93,17.14,29.73,1,4.96,1
CHAKAN_TO_SRIPERUMBUDUR,1094.0,13.23,1.48,20.92,42.9,0,14.29,0
BHIWANDI_TO_CHAKAN,156.03,1.93,0.38,54.73,12.61,0,2.1,0
JNPT_TO_CHAKAN,136.67,1.75,0.69,53.43,8.32,0,1.63,0
MUNDRA_TO_BHIWANDI,872.85,11.64,3.54,29.62,111.38,0,12.96,0
MUNDRA_TO_BHIWANDI,872.85,11.64,0.27,33.69,164.23,0,13.45,0
MUNDRA_TO_BHIWANDI,872.85,11.64,0.28,49.17,219.06,0,10.89,0
BHIWANDI_TO_CHAKAN,156.03,1.93,0.18,45.5,11.93,0,1.8,0
CHAKAN_TO_SRIPERUMBUDUR,1094.0,13.23,3.91,44.82,0.01,0,15.32,0
JNPT_TO_CHAKAN,136.67,1.75,0.6,16.99,151.94,0,1.98,0
CHAKAN_TO_SRIPERUMBUDUR,1094.0,13.23,0.29,25.02,94.19,0,12.84,0
JNPT_TO_BHIWANDI,67.55,0.92,1.99,59.96,2.61,0,0.9,0
BHIWANDI_TO_CHAKAN,156.03,1.93,4.04,22.19,229.37,0,1.78,0
JNPT_TO_CHAKAN,136.67,1.75,0.86,16.78,66.75,1,9.76,1
JNPT_TO_CHAKAN,136.67,1.75,0.03,11.71,122.25,0,1.95,0
JNPT_TO_BHIWANDI,67.55,0.92,0.04,30.58,6.97,0,1.04,0
BHIWANDI_TO_CHAKAN,156.03,1.93,1.9,54.96,34.01,0,2.02,0
CHAKAN_TO_SRIPERUMBUDUR,1094.0,13.23,3.91,38.44,188.78,0,14.69,0
JNPT_TO_CHAKAN,136.67,1.75,0.34,13.18,333.84,0,1.94,0
CHAKAN_TO_SRIPERUMBUDUR,1094.0,13.23,1.22,58.09,168.49,0,12.07,0
JNPT_TO_CHAKAN,136.67,1.75,1.51,44.29,84.4,0,1.79,0
CHAKAN_TO_SRIPERUMBUDUR,1094.0,13.23,0.25,50.77,5.81,0,14.99,0
MUNDRA_TO_BHIWANDI,872.85,11.64,1.43,29.16,16.04,0,11.03,0
MUNDRA_TO_BHIWANDI,872.85,11.64,0.83,32.45,13.77,0,13.16,0
BHIWANDI_TO_CHAKAN,156.03,1.93,1.78,59.22,135.4,0,2.17,0
CHAKAN_TO_SRIPERUMBUDUR,1094.0,13.23,3.04,51.57,9.19,1,20.98,1
JNPT_TO_CHAKAN,136.67,1.75,0.93,13.9,339.75,0,2.29,1
BHIWANDI_TO_CHAKAN,156.03,1.93,8.26,34.71,37.4,0,1.78,0
JNPT_TO_CHAKAN,136.67,1.75,5.0,14.23,152.09,0,1.64,0
JNPT_TO_CHAKAN,136.67,1.75,1.68,37.33,81.71,0,1.84,0
MUNDRA_TO_BHIWANDI,872.85,11.64,0.54,16.67,149.11,0,12.35,0
MUNDRA_TO_BHIWANDI,872.85,11.64,1.42,24.69,37.61,0,10.66,0
BHIWANDI_TO_CHAKAN,156.03,1.93,0.67,12.62,42.72,0,2.03,0
JNPT_TO_BHIWANDI,67.55,0.92,1.17,59.75,89.11,0,1.1,0
JNPT_TO_CHAKAN,136.67,1.75,0.75,12.84,187.72,0,1.82,0
BHIWANDI_TO_CHAKAN,156.03,1.93,0.7,55.35,104.12,0,2.08,0
MUNDRA_TO_BHIWANDI,872.85,11.64,10.69,43.04,75.45,0,13.74,0
MUNDRA_TO_BHIWANDI,872.85,11.64,0.75,14.77,44.86,0,11.71,0
JNPT_TO_CHAKAN,136.67,1.75,1.21,18.8,371.9,0,2.3,1
MUNDRA_TO_BHIWANDI,872.85,11.64,0.25,13.49,69.39,0,13.91,0
BHIWANDI_TO_CHAKAN,156.03,1.93,1.87,27.75,47.67,0,1.91,0
JNPT_TO_BHIWANDI,67.55,0.92,0.31,37.52,76.51,0,0.96,0
JNPT_TO_CHAKAN,136.67,1.75,0.58,19.81,64.55,0,1.75,0
MUNDRA_TO_BHIWANDI,872.85,11.64,1.18,35.37,94.98,0,11.72,0
CHAKAN_TO_SRIPERUMBUDUR,1094.0,13.23,0.56,59.35,243.12,0,15.36,0
MUNDRA_TO_BHIWANDI,872.85,11.64,10.05,15.5,235.5,0,13.58,0
JNPT_TO_CHAKAN,136.67,1.75,3.07,32.14,51.98,0,1.92,0
JNPT_TO_BHIWANDI,67.55,0.92,0.1,10.9,58.5,0,0.91,0
BHIWANDI_TO_CHAKAN,156.03,1.93,1.79,55.23,99.49,0,2.11,0
JNPT_TO_CHAKAN,136.67,1.75,1.12,49.19,53.99,0,2.01,0
JNPT_TO_CHAKAN,136.67,1.75,1.94,43.02,110.01,0,1.98,0
MUNDRA_TO_BHIWANDI,872.85,11.64,17.61,12.23,134.39,0,14.66,1
JNPT_TO_CHAKAN,136.67,1.75,0.51,59.54,3.13,0,1.77,0
BHIWANDI_TO_CHAKAN,156.03,1.93,1.69,15.89,82.46,0,2.24,0
JNPT_TO_BHIWANDI,67.55,0.92,0.41,42.36,181.66,0,1.1,0
CHAKAN_TO_SRIPERUMBUDUR,1094.0,13.23,1.69,14.75,8.49,0,13.33,0
BHIWANDI_TO_CHAKAN,156.03,1.93,3.98,17.58,27.25,0,2.22,0
BHIWANDI_TO_CHAKAN,156.03,1.93,1.58,51.53,2.78,0,2.14,0
BHIWANDI_TO_CHAKAN,156.03,1.93,1.37,41.97,164.78,0,1.84,0
BHIWANDI_TO_CHAKAN,156.03,1.93,1.99,37.16,29.5,0,2.15,0
MUNDRA_TO_BHIWANDI,872.85,11.64,0.08,57.43,389.49,0,12.03,0
MUNDRA_TO_BHIWANDI,872.85,11.64,1.36,56.61,94.82,0,11.67,0
CHAKAN_TO_SRIPERUMBUDUR,1094.0,13.23,0.42,41.63,38.23,0,14.03,0
BHIWANDI_TO_CHAKAN,156.03,1.93,0.5,20.59,78.2,0,1.77,0
BHIWANDI_TO_CHAKAN,156.03,1.93,0.52,36.57,6.08,0,2.29,0
JNPT_TO_CHAKAN,136.67,1.75,1.26,42.47,152.72,0,1.66,0
BHIWANDI_TO_CHAKAN,156.03,1.93,1.59,50.1,6.54,0,1.92,0
MUNDRA_TO_BHIWANDI,872.85,11.64,8.22,21.04,13.99,0,11.46,0
JNPT_TO_CHAKAN,136.67,1.75,1.23,56.46,211.97,0,2.1,0
MUNDRA_TO_BHIWANDI,872.85,11.64,2.33,44.53,38.94,0,11.55,0
JNPT_TO_BHIWANDI,67.55,0.92,0.27,35.93,4.05,0,0.95,0
BHIWANDI_TO_CHAKAN,156.03,1.93,1.82,44.67,75.24,0,2.22,0
CHAKAN_TO_SRIPERUMBUDUR,1094.0,13.23,1.21,21.54,153.57,0,15.21,0
JNPT_TO_BHIWANDI,67.55,0.92,0.23,20.28,147.05,0,0.9,0
JNPT_TO_CHAKAN,136.67,1.75,0.82,42.67,300.26,0,2.1,0
JNPT_TO_CHAKAN,136.67,1.75,1.71,17.61,24.06,0,1.71,0
JNPT_TO_CHAKAN,136.67,1.75,1.82,17.48,150.2,0,1.6,0
CHAKAN_TO_SRIPERUMBUDUR,1094.0,13.23,1.23,29.73,92.02,0,12.61,0
JNPT_TO_BHIWANDI,67.55,0.92,0.2,41.19,137.78,0,0.9,0
BHIWANDI_TO_CHAKAN,156.03,1.93,1.16,17.42,31.94,0,2.23,0
JNPT_TO_BHIWANDI,67.55,0.92,0.23,45.31,77.57,0,0.85,0
JNPT_TO_BHIWANDI,67.55,0.92,17.04,15.73,11.3,0,2.72,1
JNPT_TO_CHAKAN,136.67,1.75,0.48,26.84,25.29,0,1.93,0
BHIWANDI_TO_CHAKAN,156.03,1.93,0.33,41.59,240.84,0,2.25,0
JNPT_TO_CHAKAN,136.67,1.75,4.77,42.02,190.8,0,1.82,0
CHAKAN_TO_SRIPERUMBUDUR,1094.0,13.23,0.21,37.86,56.89,0,12.31,0
BHIWANDI_TO_CHAKAN,156.03,1.93,0.41,17.47,15.1,0,2.21,0
JNPT_TO_BHIWANDI,67.55,0.92,1.12,33.01,202.31,0,0.88,0
JNPT_TO_BHIWANDI,67.55,0.92,1.39,55.06,242.0,0,0.84,0
CHAKAN_TO_SRIPERUMBUDUR,1094.0,13.23,1.84,56.14,145.17,0,15.65,0
MUNDRA_TO_BHIWANDI,872.85,11.64,1.18,11.11,112.19,0,11.22,0
BHIWANDI_TO_CHAKAN,156.03,1.93,0.28,38.19,10.43,0,1.92,0
MUNDRA_TO_BHIWANDI,872.85,11.64,0.93,45.65,241.48,0,11.7,0
JNPT_TO_BHIWANDI,67.55,0.92,1.7,25.79,440.04,0,1.27,1
JNPT_TO_CHAKAN,136.67,1.75,0.67,43.15,1.54,0,1.72,0
MUNDRA_TO_BHIWANDI,872.85,11.64,3.31,29.9,131.85,0,11.78,0
MUNDRA_TO_BHIWANDI,872.85,11.64,0.49,51.49,434.41,0,12.32,0
BHIWANDI_TO_CHAKAN,156.03,1.93,1.98,14.46,98.61,0,2.16,0
CHAKAN_TO_SRIPERUMBUDUR,1094.0,13.23,0.17,30.49,253.64,0,14.91,0
CHAKAN_TO_SRIPERUMBUDUR,1094.0,13.23,1.28,39.27,1.71,0,14.31,0
JNPT_TO_CHAKAN,136.67,1.75,7.37,18.49,114.91,0,1.75,0
BHIWANDI_TO_CHAKAN,156.03,1.93,0.27,32.55,98.88,0,2.27,0
CHAKAN_TO_SRIPERUMBUDUR,1094.0,13.23,0.43,28.04,77.97,0,13.97,0
BHIWANDI_TO_CHAKAN,156.03,1.93,18.54,36.08,44.19,0,3.62,1
MUNDRA_TO_BHIWANDI,872.85,11.64,1.16,57.94,6.63,0,11.22,0
CHAKAN_TO_SRIPERUMBUDUR,1094.0,13.23,1.06,32.39,4.66,0,13.37,0
CHAKAN_TO_SRIPERUMBUDUR,1094.0,13.23,0.45,23.14,87.95,0,12.59,0
JNPT_TO_CHAKAN,136.67,1.75,0.34,50.39,30.05,0,1.65,0
MUNDRA_TO_BHIWANDI,872.85,11.64,1.36,42.89,62.07,0,12.94,0
JNPT_TO_CHAKAN,136.67,1.75,1.16,57.0,12.3,0,1.83,0
JNPT_TO_BHIWANDI,67.55,0.92,1.7,53.32,353.68,0,1.3,1
JNPT_TO_BHIWANDI,67.55,0.92,1.96,52.87,48.28,0,0.9,0
MUNDRA_TO_BHIWANDI,872.85,11.64,1.17,29.93,26.86,0,11.6,0
CHAKAN_TO_SRIPERUMBUDUR,1094.0,13.23,1.69,55.29,8.35,0,12.03,0
BHIWANDI_TO_CHAKAN,156.03,1.93,1.2,27.78,19.59,0,2.01,0
BHIWANDI_TO_CHAKAN,156.03,1.93,1.49,10.9,101.16,0,1.78,0
JNPT_TO_CHAKAN,136.67,1.75,6.9,58.15,249.13,0,1.61,0
BHIWANDI_TO_CHAKAN,156.03,1.93,1.06,58.24,407.2,0,2.43,1
JNPT_TO_BHIWANDI,67.55,0.92,0.45,57.35,75.69,0,1.02,0
CHAKAN_TO_SRIPERUMBUDUR,1094.0,13.23,0.84,44.9,113.09,0,12.1,0
CHAKAN_TO_SRIPERUMBUDUR,1094.0,13.23,4.38,22.0,173.88,0,14.4,0
MUNDRA_TO_BHIWANDI,872.85,11.64,1.93,16.78,231.7,0,12.91,0
JNPT_TO_BHIWANDI,67.55,0.92,1.35,51.59,83.45,0,1.1,0
BHIWANDI_TO_CHAKAN,156.03,1.93,0.58,31.19,24.69,0,1.89,0
BHIWANDI_TO_CHAKAN,156.03,1.93,1.49,13.79,37.93,0,2.09,0
BHIWANDI_TO_CHAKAN,156.03,1.93,1.74,29.78,79.17,0,2.19,0
MUNDRA_TO_BHIWANDI,872.85,11.64,3.39,55.65,8.73,0,13.67,0
MUNDRA_TO_BHIWANDI,872.85,11.64,1.04,15.21,101.63,0,12.03,0
CHAKAN_TO_SRIPERUMBUDUR,1094.0,13.23,1.95,23.45,15.83,0,12.36,0
CHAKAN_TO_SRIPERUMBUDUR,1094.0,13.23,1.81,37.73,10.28,0,13.79,0
JNPT_TO_BHIWANDI,67.55,0.92,1.51,43.27,268.37,0,0.92,0
JNPT_TO_BHIWANDI,67.55,0.92,2.0,34.77,98.8,0,1.05,0
CHAKAN_TO_SRIPERUMBUDUR,1094.0,13.23,1.87,17.77,2.5,0,15.09,0
CHAKAN_TO_SRIPERUMBUDUR,1094.0,13.23,1.63,44.64,55.21,0,12.86,0
JNPT_TO_BHIWANDI,67.55,0.92,0.07,47.31,3.44,0,0.84,0
JNPT_TO_CHAKAN,136.67,1.75,1.62,30.66,90.69,0,1.69,0
JNPT_TO_BHIWANDI,67.55,0.92,0.09,47.14,483.43,0,1.4,1
CHAKAN_TO_SRIPERUMBUDUR,1094.0,13.23,0.18,19.79,69.06,0,15.14,0
JNPT_TO_CHAKAN,136.67,1.75,1.93,49.92,115.18,0,1.84,0
MUNDRA_TO_BHIWANDI,872.85,11.64,3.96,18.83,10.33,0,11.91,0
JNPT_TO_CHAKAN,136.67,1.75,1.31,38.11,61.11,0,2.08,0
JNPT_TO_BHIWANDI,67.55,0.92,0.72,40.26,2.89,0,0.92,0
JNPT_TO_BHIWANDI,67.55,0.92,0.37,11.07,14.09,0,1.03,0
MUNDRA_TO_BHIWANDI,872.85,11.64,0.78,19.56,129.0,0,10.66,0
JNPT_TO_CHAKAN,136.67,1.75,4.25,16.03,428.37,0,2.23,1
MUNDRA_TO_BHIWANDI,872.85,11.64,1.44,22.27,10.69,0,13.42,0
JNPT_TO_CHAKAN,136.67,1.75,1.54,21.15,51.09,0,1.68,0
JNPT_TO_BHIWANDI,67.55,0.92,1.29,39.32,62.53,0,0.87,0
BHIWANDI_TO_CHAKAN,156.03,1.93,0.57,12.37,263.15,0,2.16,0
MUNDRA_TO_BHIWANDI,872.85,11.64,0.22,10.64,273.63,0,13.3,0
JNPT_TO_BHIWANDI,67.55,0.92,0.08,19.6,37.65,0,1.08,0
JNPT_TO_BHIWANDI,67.55,0.92,0.71,49.38,94.74,0,0.88,0
JNPT_TO_CHAKAN,136.67,1.75,1.78,13.84,18.82,0,1.8,0
JNPT_TO_BHIWANDI,67.55,0.92,1.78,49.21,23.15,0,1.07,0
BHIWANDI_TO_CHAKAN,156.03,1.93,1.16,52.99,113.54,0,1.79,0
CHAKAN_TO_SRIPERUMBUDUR,1094.0,13.23,5.84,59.74,144.0,0,13.28,0
BHIWANDI_TO_CHAKAN,156.03,1.93,0.93,21.77,59.92,0,1.98,0
CHAKAN_TO_SRIPERUMBUDUR,1094.0,13.23,0.18,12.5,107.58,0,14.18,0
BHIWANDI_TO_CHAKAN,156.03,1.93,1.57,19.99,96.63,0,1.76,0
JNPT_TO_CHAKAN,136.67,1.75,2.55,54.62,78.84,0,2.02,0
CHAKAN_TO_SRIPERUMBUDUR,1094.0,13.23,0.93,57.86,225.47,0,15.56,0
JNPT_TO_BHIWANDI,67.55,0.92,1.71,12.22,24.03,0,0.85,0
MUNDRA_TO_BHIWANDI,872.85,11.64,1.86,20.74,198.84,0,13.4,0
JNPT_TO_CHAKAN,136.67,1.75,0.81,36.39,22.01,0,1.76,0
JNPT_TO_CHAKAN,136.67,1.75,1.45,18.92,6.85,0,1.62,0
BHIWANDI_TO_CHAKAN,156.03,1.93,0.51,12.58,23.24,0,1.86,0
MUNDRA_TO_BHIWANDI,872.85,11.64,1.06,20.21,48.62,0,11.06,0
JNPT_TO_CHAKAN,136.67,1.75,0.23,16.97,26.5,0,1.87,0
CHAKAN_TO_SRIPERUMBUDUR,1094.0,13.23,0.63,42.09,3.06,0,15.0,0
JNPT_TO_BHIWANDI,67.55,0.92,1.99,59.59,373.19,0,1.29,1
JNPT_TO_CHAKAN,136.67,1.75,1.78,51.35,29.4,0,1.72,0
JNPT_TO_BHIWANDI,67.55,0.92,1.13,28.76,136.95,0,0.99,0
MUNDRA_TO_BHIWANDI,872.85,11.64,1.31,40.59,117.37,0,10.49,0
CHAKAN_TO_SRIPERUMBUDUR,1094.0,13.23,0.03,51.55,0.21,0,15.39,0
JNPT_TO_CHAKAN,136.67,1.75,0.64,40.35,61.5,0,1.58,0
CHAKAN_TO_SRIPERUMBUDUR,1094.0,13.23,1.98,32.89,66.89,0,13.4,0
JNPT_TO_CHAKAN,136.67,1.75,1.42,49.69,42.9,0,1.92,0
CHAKAN_TO_SRIPERUMBUDUR,1094.0,13.23,1.48,28.22,51.6,0,13.52,0
JNPT_TO_BHIWANDI,67.55,0.92,1.29,11.31,210.21,0,0.89,0
CHAKAN_TO_SRIPERUMBUDUR,1094.0,13.23,0.77,48.09,68.53,0,13.78,0
JNPT_TO_CHAKAN,136.67,1.75,1.21,30.75,305.85,0,2.0,0
JNPT_TO_CHAKAN,136.67,1.75,0.56,38.17,97.07,0,1.83,0
JNPT_TO_CHAKAN,136.67,1.75,1.81,14.82,17.29,0,1.75,0
BHIWANDI_TO_CHAKAN,156.03,1.93,1.27,45.28,70.42,0,1.84,0
CHAKAN_TO_SRIPERUMBUDUR,1094.0,13.23,0.34,20.41,108.46,0,12.42,0
BHIWANDI_TO_CHAKAN,156.03,1.93,1.17,10.48,44.28,0,2.16,0
MUNDRA_TO_BHIWANDI,872.85,11.64,0.17,22.69,26.54,0,13.21,0
JNPT_TO_CHAKAN,136.67,1.75,1.14,28.67,53.38,0,1.93,0
CHAKAN_TO_SRIPERUMBUDUR,1094.0,13.23,1.04,11.84,32.52,0,15.18,0
JNPT_TO_CHAKAN,136.67,1.75,0.68,45.32,29.63,0,1.74,0
BHIWANDI_TO_CHAKAN,156.03,1.93,0.51,30.61,316.66,0,2.37,0
CHAKAN_TO_SRIPERUMBUDUR,1094.0,13.23,0.79,43.25,83.99,0,12.01,0
JNPT_TO_BHIWANDI,67.55,0.92,0.22,33.33,84.28,0,0.94,0
JNPT_TO_BHIWANDI,67.55,0.92,0.35,56.09,44.24,0,0.86,0
BHIWANDI_TO_CHAKAN,156.03,1.93,1.56,57.31,19.35,0,1.99,0
BHIWANDI_TO_CHAKAN,156.03,1.93,1.51,18.5,57.68,0,2.03,0
BHIWANDI_TO_CHAKAN,156.03,1.93,1.47,24.2,89.28,0,1.91,0
JNPT_TO_CHAKAN,136.67,1.75,1.96,23.44,38.36,0,2.0,0
BHIWANDI_TO_CHAKAN,156.03,1.93,0.51,37.56,112.03,0,1.97,0
MUNDRA_TO_BHIWANDI,872.85,11.64,1.09,20.25,11.69,0,10.88,0
MUNDRA_TO_BHIWANDI,872.85,11.64,0.66,49.59,3.97,0,12.26,0
MUNDRA_TO_BHIWANDI,872.85,11.64,0.1,25.6,87.46,0,12.75,0
BHIWANDI_TO_CHAKAN,156.03,1.93,0.25,45.83,101.46,0,1.82,0
JNPT_TO_CHAKAN,136.67,1.75,0.59,54.23,8.0,0,1.73,0
BHIWANDI_TO_CHAKAN,156.03,1.93,1.6,52.92,38.46,0,1.9,0
MUNDRA_TO_BHIWANDI,872.85,11.64,1.24,42.28,53.47,0,12.9,0
MUNDRA_TO_BHIWANDI,872.85,11.64,1.38,37.54,10.59,0,10.86,0
JNPT_TO_CHAKAN,136.67,1.75,1.65,48.18,48.07,0,1.91,0
JNPT_TO_CHAKAN,136.67,1.75,0.06,42.38,22.57,0,1.9,0
CHAKAN_TO_SRIPERUMBUDUR,1094.0,13.23,0.15,53.92,372.78,0,14.12,0
CHAKAN_TO_SRIPERUMBUDUR,1094.0,13.23,0.38,33.13,8.35,1,18.89,1
CHAKAN_TO_SRIPERUMBUDUR,1094.0,13.23,1.19,19.85,96.65,0,14.19,0
BHIWANDI_TO_CHAKAN,156.03,1.93,0.56,31.77,65.03,0,1.87,0
MUNDRA_TO_BHIWANDI,872.85,11.64,0.66,20.31,235.42,0,13.45,0
BHIWANDI_TO_CHAKAN,156.03,1.93,6.86,21.9,60.74,0,2.31,0
CHAKAN_TO_SRIPERUMBUDUR,1094.0,13.23,0.59,54.75,256.52,0,12.61,0
BHIWANDI_TO_CHAKAN,156.03,1.93,0.05,16.8,778.6,0,2.86,1
BHIWANDI_TO_CHAKAN,156.03,1.93,0.08,47.92,38.17,0,1.9,0
MUNDRA_TO_BHIWANDI,872.85,11.64,1.76,47.24,147.09,0,12.79,0
JNPT_TO_BHIWANDI,67.55,0.92,0.8,47.58,113.34,0,0.92,0
JNPT_TO_CHAKAN,136.67,1.75,1.99,10.28,188.0,0,1.86,0
CHAKAN_TO_SRIPERUMBUDUR,1094.0,13.23,1.59,38.65,60.39,0,15.68,0
MUNDRA_TO_BHIWANDI,872.85,11.64,0.69,25.03,239.46,0,10.94,0
JNPT_TO_CHAKAN,136.67,1.75,0.63,58.17,118.22,0,1.9,0
CHAKAN_TO_SRIPERUMBUDUR,1094.0,13.23,1.62,18.92,7.0,0,14.57,0
MUNDRA_TO_BHIWANDI,872.85,11.64,0.57,47.98,169.1,0,12.88,0
CHAKAN_TO_SRIPERUMBUDUR,1094.0,13.23,0.88,36.8,4.72,0,12.05,0
CHAKAN_TO_SRIPERUMBUDUR,1094.0,13.23,1.26,51.42,63.81,0,13.48,0
BHIWANDI_TO_CHAKAN,156.03,1.93,1.01,23.98,81.69,0,2.05,0
BHIWANDI_TO_CHAKAN,156.03,1.93,1.37,17.25,33.22,0,2.16,0
JNPT_TO_CHAKAN,136.67,1.75,0.34,44.88,44.85,0,2.0,0
CHAKAN_TO_SRIPERUMBUDUR,1094.0,13.23,1.46,48.37,1.11,0,12.92,0
MUNDRA_TO_BHIWANDI,872.85,11.64,0.42,24.74,82.54,0,13.48,0
BHIWANDI_TO_CHAKAN,156.03,1.93,6.4,57.18,97.23,0,1.84,0
BHIWANDI_TO_CHAKAN,156.03,1.93,0.03,30.53,6.15,0,2.16,0
BHIWANDI_TO_CHAKAN,156.03,1.93,10.67,53.79,92.36,0,2.14,0
JNPT_TO_CHAKAN,136.67,1.75,0.56,40.13,115.31,0,1.79,0
MUNDRA_TO_BHIWANDI,872.85,11.64,38.89,16.87,139.42,0,16.62,1
JNPT_TO_BHIWANDI,67.55,0.92,1.14,30.51,119.52,0,0.83,0
JNPT_TO_BHIWANDI,67.55,0.92,0.32,41.19,8.18,0,1.01,0
CHAKAN_TO_SRIPERUMBUDUR,1094.0,13.23,1.33,21.94,205.27,0,12.97,0
BHIWANDI_TO_CHAKAN,156.03,1.93,3.73,46.4,69.99,0,2.05,0
CHAKAN_TO_SRIPERUMBUDUR,1094.0,13.23,1.59,44.76,14.98,0,13.93,0
JNPT_TO_BHIWANDI,67.55,0.92,0.28,43.63,30.77,0,1.05,0
BHIWANDI_TO_CHAKAN,156.03,1.93,1.22,28.07,48.17,0,1.99,0
MUNDRA_TO_BHIWANDI,872.85,11.64,0.54,58.04,39.48,0,12.61,0
JNPT_TO_CHAKAN,136.67,1.75,0.59,25.37,66.67,0,2.01,0
CHAKAN_TO_SRIPERUMBUDUR,1094.0,13.23,1.21,19.83,8.06,0,15.38,0
CHAKAN_TO_SRIPERUMBUDUR,1094.0,13.23,2.32,59.92,84.82,0,12.4,0
MUNDRA_TO_BHIWANDI,872.85,11.64,8.55,11.1,186.58,0,13.09,0
CHAKAN_TO_SRIPERUMBUDUR,1094.0,13.23,6.89,51.59,37.87,0,13.76,0
JNPT_TO_BHIWANDI,67.55,0.92,1.67,29.11,15.0,0,0.9,0
MUNDRA_TO_BHIWANDI,872.85,11.64,1.44,19.97,190.3,0,11.6,0
JNPT_TO_BHIWANDI,67.55,0.92,1.43,23.48,0.33,0,0.93,0
BHIWANDI_TO_CHAKAN,156.03,1.93,1.09,55.78,31.29,0,1.82,0
BHIWANDI_TO_CHAKAN,156.03,1.93,1.85,53.1,137.36,0,1.86,0
JNPT_TO_BHIWANDI,67.55,0.92,4.72,39.73,218.82,0,0.95,0
MUNDRA_TO_BHIWANDI,872.85,11.64,1.11,14.99,174.88,0,13.8,0
MUNDRA_TO_BHIWANDI,872.85,11.64,2.85,53.19,32.42,0,10.57,0
CHAKAN_TO_SRIPERUMBUDUR,1094.0,13.23,1.26,10.2,37.79,0,14.42,0
BHIWANDI_TO_CHAKAN,156.03,1.93,1.84,52.73,67.28,0,2.2,0
JNPT_TO_CHAKAN,136.67,1.75,1.23,26.55,17.35,0,1.89,0
CHAKAN_TO_SRIPERUMBUDUR,1094.0,13.23,0.55,18.22,234.55,0,14.16,0
CHAKAN_TO_SRIPERUMBUDUR,1094.0,13.23,0.41,30.51,288.55,0,15.53,0
CHAKAN_TO_SRIPERUMBUDUR,1094.0,13.23,0.2,40.18,63.03,0,14.16,0
MUNDRA_TO_BHIWANDI,872.85,11.64,0.43,43.11,101.97,0,13.81,0
MUNDRA_TO_BHIWANDI,872.85,11.64,0.96,32.81,57.97,0,11.84,0
JNPT_TO_CHAKAN,136.67,1.75,0.19,12.73,238.72,0,1.97,0
BHIWANDI_TO_CHAKAN,156.03,1.93,0.82,45.07,88.07,0,2.12,0
CHAKAN_TO_SRIPERUMBUDUR,1094.0,13.23,1.06,26.9,176.0,0,15.64,0
JNPT_TO_CHAKAN,136.67,1.75,0.76,43.62,86.27,0,1.9,0
JNPT_TO_CHAKAN,136.67,1.75,1.43,24.94,64.38,0,1.74,0
CHAKAN_TO_SRIPERUMBUDUR,1094.0,13.23,1.21,14.61,58.04,0,13.32,0
MUNDRA_TO_BHIWANDI,872.85,11.64,1.9,38.48,17.39,0,10.51,0
CHAKAN_TO_SRIPERUMBUDUR,1094.0,13.23,7.84,51.25,100.72,0,12.37,0
BHIWANDI_TO_CHAKAN,156.03,1.93,1.61,35.28,51.72,0,2.01,0
CHAKAN_TO_SRIPERUMBUDUR,1094.0,13.23,0.1,22.04,25.51,0,13.05,0
JNPT_TO_CHAKAN,136.67,1.75,0.28,39.99,1.3,0,2.06,0
JNPT_TO_CHAKAN,136.67,1.75,1.92,41.72,7.21,0,1.9,0
JNPT_TO_BHIWANDI,67.55,0.92,1.11,24.93,47.36,0,0.87,0
BHIWANDI_TO_CHAKAN,156.03,1.93,0.73,57.5,79.87,0,1.82,0
JNPT_TO_BHIWANDI,67.55,0.92,0.84,33.46,63.88,0,0.88,0
JNPT_TO_BHIWANDI,67.55,0.92,0.6,51.24,27.93,0,0.96,0
CHAKAN_TO_SRIPERUMBUDUR,1094.0,13.23,1.69,21.98,33.73,0,13.12,0
MUNDRA_TO_BHIWANDI,872.85,11.64,0.11,45.73,9.31,0,13.55,0
JNPT_TO_CHAKAN,136.67,1.75,1.32,44.44,178.56,0,1.83,0
CHAKAN_TO_SRIPERUMBUDUR,1094.0,13.23,1.94,17.59,54.79,0,13.91,0
BHIWANDI_TO_CHAKAN,156.03,1.93,1.11,29.79,39.34,0,1.82,0
JNPT_TO_CHAKAN,136.67,1.75,0.76,32.87,88.12,0,1.74,0
MUNDRA_TO_BHIWANDI,872.85,11.64,0.83,16.84,33.87,0,10.92,0
JNPT_TO_BHIWANDI,67.55,0.92,1.61,51.59,59.54,0,1.09,0
BHIWANDI_TO_CHAKAN,156.03,1.93,1.57,57.71,63.51,0,1.8,0
MUNDRA_TO_BHIWANDI,872.85,11.64,0.91,35.6,10.83,0,10.52,0
JNPT_TO_BHIWANDI,67.55,0.92,1.44,56.77,80.92,0,0.88,0
JNPT_TO_CHAKAN,136.67,1.75,31.55,25.91,43.68,0,5.07,1
BHIWANDI_TO_CHAKAN,156.03,1.93,0.69,12.9,31.31,0,1.95,0
BHIWANDI_TO_CHAKAN,156.03,1.93,1.4,35.72,102.65,0,2.25,0
BHIWANDI_TO_CHAKAN,156.03,1.93,1.1,35.14,52.46,0,2.17,0
CHAKAN_TO_SRIPERUMBUDUR,1094.0,13.23,1.19,36.23,77.1,0,13.35,0
JNPT_TO_CHAKAN,136.67,1.75,1.77,54.27,68.27,0,1.75,0
BHIWANDI_TO_CHAKAN,156.03,1.93,0.87,14.28,83.64,0,1.97,0
MUNDRA_TO_BHIWANDI,872.85,11.64,1.68,35.73,98.71,0,12.41,0
JNPT_TO_CHAKAN,136.67,1.75,1.17,35.72,49.87,0,1.73,0
MUNDRA_TO_BHIWANDI,872.85,11.64,1.2,45.76,78.1,0,13.21,0
MUNDRA_TO_BHIWANDI,872.85,11.64,1.81,51.62,59.55,0,11.73,0
CHAKAN_TO_SRIPERUMBUDUR,1094.0,13.23,1.52,48.31,219.38,0,14.3,0
JNPT_TO_CHAKAN,136.67,1.75,3.05,21.69,115.6,0,1.99,0
JNPT_TO_BHIWANDI,67.55,0.92,1.41,35.32,295.98,0,0.84,0
JNPT_TO_CHAKAN,136.67,1.75,0.29,15.38,16.39,0,1.86,0
CHAKAN_TO_SRIPERUMBUDUR,1094.0,13.23,1.64,16.85,21.17,0,14.78,0
JNPT_TO_CHAKAN,136.67,1.75,1.35,15.92,126.81,0,1.9,0
CHAKAN_TO_SRIPERUMBUDUR,1094.0,13.23,1.35,11.35,3.42,0,15.45,0
JNPT_TO_BHIWANDI,67.55,0.92,0.5,31.82,186.29,0,0.9,0
MUNDRA_TO_BHIWANDI,872.85,11.64,1.12,34.82,23.45,0,12.7,0
CHAKAN_TO_SRIPERUMBUDUR,1094.0,13.23,0.12,22.84,1.08,0,14.1,0
JNPT_TO_BHIWANDI,67.55,0.92,1.01,23.37,56.49,0,0.87,0
BHIWANDI_TO_CHAKAN,156.03,1.93,8.28,25.77,128.73,0,2.11,0
JNPT_TO_BHIWANDI,67.55,0.92,0.06,41.66,68.28,0,1.05,0
CHAKAN_TO_SRIPERUMBUDUR,1094.0,13.23,0.11,42.5,193.67,0,12.99,0
JNPT_TO_BHIWANDI,67.55,0.92,0.02,45.87,27.6,0,0.86,0
BHIWANDI_TO_CHAKAN,156.03,1.93,0.71,49.96,49.21,0,1.91,0
BHIWANDI_TO_CHAKAN,156.03,1.93,1.18,12.73,11.46,0,2.14,0
JNPT_TO_BHIWANDI,67.55,0.92,1.23,42.73,32.59,0,0.88,0
BHIWANDI_TO_CHAKAN,156.03,1.93,1.94,20.92,80.04,0,1.97,0
CHAKAN_TO_SRIPERUMBUDUR,1094.0,13.23,0.06,49.4,162.3,0,14.17,0
JNPT_TO_BHIWANDI,67.55,0.92,1.07,26.7,11.08,0,1.04,0
CHAKAN_TO_SRIPERUMBUDUR,1094.0,13.23,11.83,38.47,8.27,0,15.76,0
CHAKAN_TO_SRIPERUMBUDUR,1094.0,13.23,0.5,58.64,18.19,0,14.17,0
CHAKAN_TO_SRIPERUMBUDUR,1094.0,13.23,1.81,13.37,158.23,0,14.05,0
CHAKAN_TO_SRIPERUMBUDUR,1094.0,13.23,3.0,56.37,146.36,0,13.81,0
JNPT_TO_CHAKAN,136.67,1.75,1.53,57.69,99.59,0,1.58,0
BHIWANDI_TO_CHAKAN,156.03,1.93,16.54,51.35,123.81,0,3.72,1
JNPT_TO_CHAKAN,136.67,1.75,0.98,55.86,6.96,0,1.72,0
MUNDRA_TO_BHIWANDI,872.85,11.64,0.69,19.79,20.97,0,10.63,0
JNPT_TO_BHIWANDI,67.55,0.92,1.07,36.11,82.08,0,1.08,0
CHAKAN_TO_SRIPERUMBUDUR,1094.0,13.23,0.78,55.6,59.56,0,14.28,0
JNPT_TO_BHIWANDI,67.55,0.92,0.58,42.4,79.89,0,0.86,0
CHAKAN_TO_SRIPERUMBUDUR,1094.0,13.23,1.57,26.41,5.95,0,14.32,0
JNPT_TO_BHIWANDI,67.55,0.92,0.33,58.86,71.23,0,0.85,0
MUNDRA_TO_BHIWANDI,872.85,11.64,2.03,16.77,41.82,0,13.16,0
JNPT_TO_CHAKAN,136.67,1.75,9.12,29.99,43.45,0,1.94,0
JNPT_TO_CHAKAN,136.67,1.75,0.45,10.12,1.02,0,2.0,0
MUNDRA_TO_BHIWANDI,872.85,11.64,1.81,14.42,142.51,0,12.39,0
CHAKAN_TO_SRIPERUMBUDUR,1094.0,13.23,1.35,50.57,12.26,0,12.11,0
JNPT_TO_BHIWANDI,67.55,0.92,1.78,25.3,34.44,0,0.95,0
MUNDRA_TO_BHIWANDI,872.85,11.64,0.01,50.17,51.93,0,11.74,0
BHIWANDI_TO_CHAKAN,156.03,1.93,1.74,26.23,142.21,0,2.05,0
JNPT_TO_BHIWANDI,67.55,0.92,2.84,17.7,102.88,0,0.99,0
JNPT_TO_BHIWANDI,67.55,0.92,1.18,31.11,126.86,0,1.07,0
MUNDRA_TO_BHIWANDI,872.85,11.64,0.29,11.88,10.94,0,10.72,0
BHIWANDI_TO_CHAKAN,156.03,1.93,0.28,16.45,81.38,0,2.07,0
MUNDRA_TO_BHIWANDI,872.85,11.64,6.3,42.81,189.81,0,13.0,0
JNPT_TO_BHIWANDI,67.55,0.92,0.82,42.02,92.52,0,1.07,0
CHAKAN_TO_SRIPERUMBUDUR,1094.0,13.23,1.97,25.55,16.76,0,14.88,0
BHIWANDI_TO_CHAKAN,156.03,1.93,1.67,37.94,109.91,0,2.02,0
BHIWANDI_TO_CHAKAN,156.03,1.93,1.27,28.44,44.05,0,1.91,0
JNPT_TO_BHIWANDI,67.55,0.92,0.61,16.7,191.44,0,0.86,0
CHAKAN_TO_SRIPERUMBUDUR,1094.0,13.23,1.78,12.41,26.47,0,12.72,0
CHAKAN_TO_SRIPERUMBUDUR,1094.0,13.23,1.01,34.96,187.06,0,15.25,0
MUNDRA_TO_BHIWANDI,872.85,11.64,1.95,13.38,42.84,0,11.1,0
BHIWANDI_TO_CHAKAN,156.03,1.93,0.49,41.15,171.61,0,2.27,0
JNPT_TO_BHIWANDI,67.55,0.92,0.78,33.28,49.86,0,0.86,0
JNPT_TO_BHIWANDI,67.55,0.92,1.74,58.67,67.05,0,0.83,0
BHIWANDI_TO_CHAKAN,156.03,1.93,1.51,19.05,18.37,1,6.14,1
JNPT_TO_CHAKAN,136.67,1.75,1.83,13.72,8.45,0,1.83,0
BHIWANDI_TO_CHAKAN,156.03,1.93,1.95,20.45,57.33,0,1.77,0
MUNDRA_TO_BHIWANDI,872.85,11.64,1.77,38.97,144.73,0,12.87,0
JNPT_TO_BHIWANDI,67.55,0.92,7.86,29.9,13.07,0,1.06,0
BHIWANDI_TO_CHAKAN,156.03,1.93,1.04,21.56,116.8,0,1.79,0
JNPT_TO_BHIWANDI,67.55,0.92,1.24,25.83,148.51,0,1.05,0
JNPT_TO_BHIWANDI,67.55,0.92,1.26,28.41,56.49,0,0.93,0
CHAKAN_TO_SRIPERUMBUDUR,1094.0,13.23,0.8,12.69,4.98,0,14.15,0
CHAKAN_TO_SRIPERUMBUDUR,1094.0,13.23,0.86,16.57,81.61,0,14.65,0
JNPT_TO_CHAKAN,136.67,1.75,1.89,22.13,9.73,0,1.82,0
JNPT_TO_CHAKAN,136.67,1.75,8.17,38.62,76.06,0,1.9,0
JNPT_TO_CHAKAN,136.67,1.75,0.92,55.02,149.35,0,1.7,0
MUNDRA_TO_BHIWANDI,872.85,11.64,0.83,22.66,1.09,0,12.31,0
MUNDRA_TO_BHIWANDI,872.85,11.64,1.97,14.56,28.01,0,12.93,0
CHAKAN_TO_SRIPERUMBUDUR,1094.0,13.23,0.73,35.18,79.65,0,12.73,0
JNPT_TO_CHAKAN,136.67,1.75,1.01,16.16,124.08,0,2.06,0
MUNDRA_TO_BHIWANDI,872.85,11.64,1.86,38.1,87.31,0,12.01,0
JNPT_TO_BHIWANDI,67.55,0.92,0.69,31.72,4.54,0,0.92,0
BHIWANDI_TO_CHAKAN,156.03,1.93,11.97,36.47,71.45,0,1.9,0
JNPT_TO_BHIWANDI,67.55,0.92,0.68,13.86,64.68,0,1.01,0
CHAKAN_TO_SRIPERUMBUDUR,1094.0,13.23,0.51,37.88,138.54,0,15.44,0
BHIWANDI_TO_CHAKAN,156.03,1.93,0.63,44.12,39.74,0,2.22,0
BHIWANDI_TO_CHAKAN,156.03,1.93,0.42,12.67,33.18,0,2.22,0
JNPT_TO_CHAKAN,136.67,1.75,1.68,21.88,171.22,0,2.05,0
JNPT_TO_BHIWANDI,67.55,0.92,1.76,23.66,17.15,0,1.08,0
JNPT_TO_CHAKAN,136.67,1.75,0.66,57.47,235.97,0,1.89,0
JNPT_TO_BHIWANDI,67.55,0.92,0.12,16.92,4.89,0,0.92,0
JNPT_TO_BHIWANDI,67.55,0.92,1.23,27.24,57.75,0,1.06,0
BHIWANDI_TO_CHAKAN,156.03,1.93,0.05,43.61,28.66,0,2.25,0
BHIWANDI_TO_CHAKAN,156.03,1.93,0.01,55.3,13.59,0,2.16,0
JNPT_TO_BHIWANDI,67.55,0.92,0.46,50.97,73.89,0,0.92,0
JNPT_TO_CHAKAN,136.67,1.75,0.01,56.98,27.07,0,2.05,0
JNPT_TO_BHIWANDI,67.55,0.92,2.12,52.58,236.46,0,1.05,0
MUNDRA_TO_BHIWANDI,872.85,11.64,0.88,57.82,56.92,0,11.98,0
JNPT_TO_BHIWANDI,67.55,0.92,3.49,31.17,31.55,0,1.04,0
JNPT_TO_BHIWANDI,67.55,0.92,1.62,41.91,111.99,0,1.07,0
JNPT_TO_CHAKAN,136.67,1.75,1.67,43.66,10.39,0,1.9,0
BHIWANDI_TO_CHAKAN,156.03,1.93,1.4,24.99,180.94,0,2.04,0
CHAKAN_TO_SRIPERUMBUDUR,1094.0,13.23,1.92,13.66,73.35,0,11.93,0
JNPT_TO_CHAKAN,136.67,1.75,5.4,32.57,7.1,0,1.84,0
MUNDRA_TO_BHIWANDI,872.85,11.64,0.18,24.11,18.09,0,12.31,0
MUNDRA_TO_BHIWANDI,872.85,11.64,0.91,16.76,91.63,0,13.87,0
BHIWANDI_TO_CHAKAN,156.03,1.93,1.92,34.51,41.6,0,2.25,0
BHIWANDI_TO_CHAKAN,156.03,1.93,1.26,38.67,4.76,0,2.02,0
JNPT_TO_BHIWANDI,67.55,0.92,1.85,33.37,140.38,0,0.89,0
JNPT_TO_CHAKAN,136.67,1.75,5.33,36.32,19.68,0,2.01,0
BHIWANDI_TO_CHAKAN,156.03,1.93,0.24,49.9,87.31,0,1.8,0
MUNDRA_TO_BHIWANDI,872.85,11.64,0.97,11.59,108.85,0,11.22,0
BHIWANDI_TO_CHAKAN,156.03,1.93,0.92,16.96,217.11,0,2.29,0
CHAKAN_TO_SRIPERUMBUDUR,1094.0,13.23,1.47,16.37,129.96,0,12.59,0
CHAKAN_TO_SRIPERUMBUDUR,1094.0,13.23,1.07,14.19,40.16,0,14.16,0
MUNDRA_TO_BHIWANDI,872.85,11.64,1.99,20.06,173.51,0,11.8,0
BHIWANDI_TO_CHAKAN,156.03,1.93,1.55,20.14,221.92,0,1.97,0
JNPT_TO_CHAKAN,136.67,1.75,0.86,50.02,150.16,0,1.73,0
JNPT_TO_BHIWANDI,67.55,0.92,7.0,20.6,55.22,0,0.96,0
CHAKAN_TO_SRIPERUMBUDUR,1094.0,13.23,0.3,57.87,71.93,0,13.42,0
CHAKAN_TO_SRIPERUMBUDUR,1094.0,13.23,0.44,26.11,145.17,0,14.7,0
CHAKAN_TO_SRIPERUMBUDUR,1094.0,13.23,0.01,10.52,38.55,1,22.12,1
MUNDRA_TO_BHIWANDI,872.85,11.64,1.82,35.72,34.08,0,11.24,0
MUNDRA_TO_BHIWANDI,872.85,11.64,0.87,55.79,98.25,0,12.95,0
MUNDRA_TO_BHIWANDI,872.85,11.64,4.75,55.31,24.42,0,12.56,0
MUNDRA_TO_BHIWANDI,872.85,11.64,1.19,47.75,43.13,0,11.1,0
CHAKAN_TO_SRIPERUMBUDUR,1094.0,13.23,1.71,38.89,329.57,0,14.01,0
MUNDRA_TO_BHIWANDI,872.85,11.64,0.47,58.71,25.37,0,11.16,0
JNPT_TO_BHIWANDI,67.55,0.92,0.71,12.74,2.11,0,0.88,0
BHIWANDI_TO_CHAKAN,156.03,1.93,1.59,13.86,318.98,0,2.4,0
MUNDRA_TO_BHIWANDI,872.85,11.64,1.08,35.94,84.87,0,13.12,0
MUNDRA_TO_BHIWANDI,872.85,11.64,1.98,49.59,52.08,0,11.23,0
CHAKAN_TO_SRIPERUMBUDUR,1094.0,13.23,0.69,50.99,4.16,0,14.05,0
JNPT_TO_BHIWANDI,67.55,0.92,6.9,45.27,296.63,0,0.92,0
MUNDRA_TO_BHIWANDI,872.85,11.64,1.81,46.03,245.34,0,10.92,0
BHIWANDI_TO_CHAKAN,156.03,1.93,4.75,35.38,341.09,0,2.54,1
BHIWANDI_TO_CHAKAN,156.03,1.93,0.61,35.12,141.94,0,2.17,0
MUNDRA_TO_BHIWANDI,872.85,11.64,0.0,23.04,399.34,0,13.11,0
JNPT_TO_CHAKAN,136.67,1.75,1.18,14.24,95.06,0,2.03,0
JNPT_TO_BHIWANDI,67.55,0.92,1.46,15.91,28.9,0,0.84,0
JNPT_TO_CHAKAN,136.67,1.75,6.5,41.62,127.08,0,1.99,0
MUNDRA_TO_BHIWANDI,872.85,11.64,0.04,43.52,83.52,0,10.72,0
JNPT_TO_CHAKAN,136.67,1.75,1.03,47.15,70.19,0,1.91,0
JNPT_TO_CHAKAN,136.67,1.75,1.43,43.49,48.56,0,1.75,0
MUNDRA_TO_BHIWANDI,872.85,11.64,1.16,29.0,18.2,0,13.19,0
CHAKAN_TO_SRIPERUMBUDUR,1094.0,13.23,0.56,56.07,133.8,0,12.9,0
MUNDRA_TO_BHIWANDI,872.85,11.64,0.45,34.11,11.41,0,13.72,0
BHIWANDI_TO_CHAKAN,156.03,1.93,0.29,29.89,38.06,0,2.17,0
MUNDRA_TO_BHIWANDI,872.85,11.64,0.67,20.85,6.0,0,12.35,0
JNPT_TO_BHIWANDI,67.55,0.92,1.07,11.74,45.34,0,0.84,0
MUNDRA_TO_BHIWANDI,872.85,11.64,1.68,39.68,1.21,0,11.42,0
CHAKAN_TO_SRIPERUMBUDUR,1094.0,13.23,1.84,28.8,13.23,0,14.63,0
JNPT_TO_CHAKAN,136.67,1.75,9.08,56.73,87.55,0,1.99,0
CHAKAN_TO_SRIPERUMBUDUR,1094.0,13.23,1.34,14.05,501.05,0,15.7,0
CHAKAN_TO_SRIPERUMBUDUR,1094.0,13.23,7.17,25.08,50.75,0,14.62,0
JNPT_TO_CHAKAN,136.67,1.75,1.36,46.74,128.28,0,1.6,0
JNPT_TO_CHAKAN,136.67,1.75,1.03,38.04,377.59,0,2.04,0
BHIWANDI_TO_CHAKAN,156.03,1.93,1.46,21.69,126.08,0,2.27,0
MUNDRA_TO_BHIWANDI,872.85,11.64,0.11,17.05,161.79,0,13.91,0
CHAKAN_TO_SRIPERUMBUDUR,1094.0,13.23,0.64,44.91,44.23,0,13.41,0
BHIWANDI_TO_CHAKAN,156.03,1.93,1.88,15.74,6.9,0,2.16,0
JNPT_TO_CHAKAN,136.67,1.75,0.56,15.25,143.02,0,1.76,0
BHIWANDI_TO_CHAKAN,156.03,1.93,1.77,37.53,57.83,0,2.07,0
JNPT_TO_BHIWANDI,67.55,0.92,0.48,55.79,123.97,0,0.85,0
JNPT_TO_CHAKAN,136.67,1.75,0.29,22.02,135.12,0,2.07,0
JNPT_TO_CHAKAN,136.67,1.75,0.49,33.14,136.15,0,1.66,0
JNPT_TO_BHIWANDI,67.55,0.92,0.58,10.87,80.29,0,1.02,0
JNPT_TO_BHIWANDI,67.55,0.92,1.07,58.09,55.88,0,1.06,0
BHIWANDI_TO_CHAKAN,156.03,1.93,0.72,39.74,328.07,0,2.1,0
JNPT_TO_BHIWANDI,67.55,0.92,1.33,48.35,7.85,0,1.02,0
BHIWANDI_TO_CHAKAN,156.03,1.93,0.16,21.26,100.32,0,2.31,0
BHIWANDI_TO_CHAKAN,156.03,1.93,1.02,58.82,235.79,0,2.18,0
JNPT_TO_BHIWANDI,67.55,0.92,0.9,15.67,161.97,0,1.09,0
BHIWANDI_TO_CHAKAN,156.03,1.93,1.72,39.94,164.8,0,2.18,0
CHAKAN_TO_SRIPERUMBUDUR,1094.0,13.23,1.81,56.44,99.83,0,15.71,0
BHIWANDI_TO_CHAKAN,156.03,1.93,0.74,10.11,98.87,0,1.74,0
BHIWANDI_TO_CHAKAN,156.03,1.93,0.66,47.28,70.32,0,2.1,0
BHIWANDI_TO_CHAKAN,156.03,1.93,1.91,46.99,4.84,0,2.03,0
MUNDRA_TO_BHIWANDI,872.85,11.64,0.57,52.48,106.88,0,13.96,0
JNPT_TO_CHAKAN,136.67,1.75,6.24,58.31,80.55,0,1.85,0
JNPT_TO_BHIWANDI,67.55,0.92,1.2,26.97,2.29,0,1.08,0
MUNDRA_TO_BHIWANDI,872.85,11.64,1.31,57.53,3.69,0,11.81,0
BHIWANDI_TO_CHAKAN,156.03,1.93,1.92,52.76,214.41,0,1.9,0
JNPT_TO_BHIWANDI,67.55,0.92,0.85,14.05,149.77,0,0.88,0
JNPT_TO_BHIWANDI,67.55,0.92,1.37,27.12,6.6,0,0.87,0
BHIWANDI_TO_CHAKAN,156.03,1.93,1.55,44.65,121.85,0,2.02,0
BHIWANDI_TO_CHAKAN,156.03,1.93,0.11,22.82,48.38,0,2.25,0
BHIWANDI_TO_CHAKAN,156.03,1.93,1.48,57.99,53.01,0,2.12,0
MUNDRA_TO_BHIWANDI,872.85,11.64,1.78,24.61,106.03,0,10.52,0
MUNDRA_TO_BHIWANDI,872.85,11.64,0.71,44.86,37.92,0,12.49,0
BHIWANDI_TO_CHAKAN,156.03,1.93,8.89,27.96,474.43,0,2.51,1
BHIWANDI_TO_CHAKAN,156.03,1.93,1.99,38.17,262.91,0,2.03,0
JNPT_TO_CHAKAN,136.67,1.75,2.94,40.3,22.48,0,1.71,0
BHIWANDI_TO_CHAKAN,156.03,1.93,1.4,27.33,11.29,0,1.74,0
BHIWANDI_TO_CHAKAN,156.03,1.93,0.6,43.25,74.26,0,1.77,0
JNPT_TO_BHIWANDI,67.55,0.92,0.61,21.36,55.08,0,1.02,0
CHAKAN_TO_SRIPERUMBUDUR,1094.0,13.23,1.54,12.85,32.42,0,15.56,0
BHIWANDI_TO_CHAKAN,156.03,1.93,0.82,52.26,2.7,0,1.86,0
BHIWANDI_TO_CHAKAN,156.03,1.93,1.8,59.84,99.48,0,1.74,0
JNPT_TO_CHAKAN,136.67,1.75,0.26,57.08,62.2,0,1.99,0
CHAKAN_TO_SRIPERUMBUDUR,1094.0,13.23,0.22,52.71,331.75,0,13.12,0
BHIWANDI_TO_CHAKAN,156.03,1.93,0.12,51.51,5.07,0,2.05,0
MUNDRA_TO_BHIWANDI,872.85,11.64,0.36,52.3,0.02,0,13.2,0
BHIWANDI_TO_CHAKAN,156.03,1.93,3.24,57.99,46.91,0,2.26,0
CHAKAN_TO_SRIPERUMBUDUR,1094.0,13.23,1.86,52.1,473.64,0,15.61,0
MUNDRA_TO_BHIWANDI,872.85,11.64,0.09,15.47,181.61,0,13.95,0
CHAKAN_TO_SRIPERUMBUDUR,1094.0,13.23,1.66,22.33,65.94,0,12.26,0
CHAKAN_TO_SRIPERUMBUDUR,1094.0,13.23,1.92,16.28,98.35,0,12.7,0
CHAKAN_TO_SRIPERUMBUDUR,1094.0,13.23,3.85,40.36,82.36,0,14.39,0
BHIWANDI_TO_CHAKAN,156.03,1.93,0.57,42.61,12.67,0,2.29,0
CHAKAN_TO_SRIPERUMBUDUR,1094.0,13.23,1.41,28.19,8.61,0,12.69,0
JNPT_TO_BHIWANDI,67.55,0.92,1.49,42.83,23.81,0,1.02,0
JNPT_TO_BHIWANDI,67.55,0.92,0.39,57.29,193.54,0,1.06,0
BHIWANDI_TO_CHAKAN,156.03,1.93,0.32,35.89,122.34,0,1.79,0
BHIWANDI_TO_CHAKAN,156.03,1.93,0.79,20.5,195.68,0,2.05,0
MUNDRA_TO_BHIWANDI,872.85,11.64,0.62,36.22,74.57,0,11.59,0
MUNDRA_TO_BHIWANDI,872.85,11.64,1.6,47.89,89.23,0,13.27,0
JNPT_TO_CHAKAN,136.67,1.75,1.39,34.65,174.38,0,1.88,0
JNPT_TO_BHIWANDI,67.55,0.92,1.95,58.88,26.25,0,1.1,0
CHAKAN_TO_SRIPERUMBUDUR,1094.0,13.23,0.22,13.71,66.86,0,14.59,0
JNPT_TO_CHAKAN,136.67,1.75,0.1,21.52,34.73,0,1.59,0
JNPT_TO_BHIWANDI,67.55,0.92,1.33,58.48,153.31,0,0.86,0
MUNDRA_TO_BHIWANDI,872.85,11.64,10.28,47.49,135.19,0,11.53,0
JNPT_TO_BHIWANDI,67.55,0.92,0.36,40.35,8.22,0,1.1,0
CHAKAN_TO_SRIPERUMBUDUR,1094.0,13.23,1.62,36.77,211.54,0,13.49,0
MUNDRA_TO_BHIWANDI,872.85,11.64,0.06,41.52,219.18,0,11.22,0
MUNDRA_TO_BHIWANDI,872.85,11.64,0.83,34.55,111.38,0,11.3,0
BHIWANDI_TO_CHAKAN,156.03,1.93,1.6,31.58,49.67,0,2.18,0
MUNDRA_TO_BHIWANDI,872.85,11.64,1.05,34.15,12.57,0,13.65,0
MUNDRA_TO_BHIWANDI,872.85,11.64,0.36,42.84,89.98,0,10.78,0
JNPT_TO_BHIWANDI,67.55,0.92,1.93,44.74,31.67,0,0.91,0
MUNDRA_TO_BHIWANDI,872.85,11.64,2.63,51.81,22.75,0,12.33,0
JNPT_TO_CHAKAN,136.67,1.75,7.59,48.67,7.46,0,1.97,0
JNPT_TO_CHAKAN,136.67,1.75,7.95,24.3,180.21,0,1.74,0
MUNDRA_TO_BHIWANDI,872.85,11.64,0.85,45.78,37.52,0,12.99,0
JNPT_TO_BHIWANDI,67.55,0.92,1.01,40.26,10.79,0,1.0,0
JNPT_TO_CHAKAN,136.67,1.75,9.79,50.33,222.26,0,1.94,0
JNPT_TO_CHAKAN,136.67,1.75,1.84,39.38,76.96,0,1.83,0
JNPT_TO_BHIWANDI,67.55,0.92,1.3,35.82,43.58,0,1.08,0
JNPT_TO_CHAKAN,136.67,1.75,1.4,46.91,54.37,0,1.72,0
MUNDRA_TO_BHIWANDI,872.85,11.64,9.23,54.52,36.03,0,11.33,0
BHIWANDI_TO_CHAKAN,156.03,1.93,1.02,59.31,89.53,0,1.85,0
JNPT_TO_BHIWANDI,67.55,0.92,0.96,28.29,33.13,0,1.03,0
BHIWANDI_TO_CHAKAN,156.03,1.93,11.65,23.31,315.01,0,2.27,0
JNPT_TO_BHIWANDI,67.55,0.92,1.67,53.32,81.58,0,0.98,0
MUNDRA_TO_BHIWANDI,872.85,11.64,1.64,43.19,200.99,0,11.35,0
CHAKAN_TO_SRIPERUMBUDUR,1094.0,13.23,0.32,44.31,177.26,0,14.68,0
MUNDRA_TO_BHIWANDI,872.85,11.64,0.69,23.07,330.02,0,11.5,0
CHAKAN_TO_SRIPERUMBUDUR,1094.0,13.23,0.27,58.23,4.61,1,18.63,1
BHIWANDI_TO_CHAKAN,156.03,1.93,1.96,35.72,159.03,0,1.91,0
JNPT_TO_CHAKAN,136.67,1.75,1.29,26.07,3.83,0,1.85,0
MUNDRA_TO_BHIWANDI,872.85,11.64,1.34,23.59,358.33,0,12.64,0
JNPT_TO_BHIWANDI,67.55,0.92,5.25,20.31,12.33,0,1.02,0
BHIWANDI_TO_CHAKAN,156.03,1.93,0.04,36.52,113.6,0,2.23,0
BHIWANDI_TO_CHAKAN,156.03,1.93,0.12,38.54,293.12,0,2.17,0
JNPT_TO_CHAKAN,136.67,1.75,0.29,43.99,107.59,0,1.78,0
BHIWANDI_TO_CHAKAN,156.03,1.93,0.67,41.4,369.34,0,2.51,1
MUNDRA_TO_BHIWANDI,872.85,11.64,0.85,47.05,142.68,0,12.0,0
CHAKAN_TO_SRIPERUMBUDUR,1094.0,13.23,1.5,40.61,95.65,1,16.25,0
JNPT_TO_CHAKAN,136.67,1.75,0.82,21.22,196.29,0,1.99,0
BHIWANDI_TO_CHAKAN,156.03,1.93,0.66,58.7,65.8,0,2.21,0
JNPT_TO_BHIWANDI,67.55,0.92,1.08,47.87,56.34,0,1.09,0
BHIWANDI_TO_CHAKAN,156.03,1.93,0.34,12.2,22.95,0,2.24,0
MUNDRA_TO_BHIWANDI,872.85,11.64,1.49,50.52,150.37,0,10.77,0
JNPT_TO_BHIWANDI,67.55,0.92,1.36,22.83,8.37,0,1.01,0
BHIWANDI_TO_CHAKAN,156.03,1.93,4.89,28.64,20.68,0,1.81,0
CHAKAN_TO_SRIPERUMBUDUR,1094.0,13.23,1.85,38.97,157.78,0,15.24,0
CHAKAN_TO_SRIPERUMBUDUR,1094.0,13.23,1.0,20.92,57.94,0,12.27,0
CHAKAN_TO_SRIPERUMBUDUR,1094.0,13.23,0.52,19.61,14.33,0,14.39,0
MUNDRA_TO_BHIWANDI,872.85,11.64,1.95,30.5,223.79,0,13.69,0
CHAKAN_TO_SRIPERUMBUDUR,1094.0,13.23,0.64,23.21,7.22,0,12.72,0
JNPT_TO_CHAKAN,136.67,1.75,0.27,56.66,49.96,0,1.76,0
JNPT_TO_CHAKAN,136.67,1.75,0.04,57.42,41.47,0,1.64,0
CHAKAN_TO_SRIPERUMBUDUR,1094.0,13.23,1.72,53.18,218.36,0,12.38,0
JNPT_TO_CHAKAN,136.67,1.75,6.17,22.56,49.87,0,1.96,0
JNPT_TO_BHIWANDI,67.55,0.92,1.14,21.03,116.35,0,0.95,0
BHIWANDI_TO_CHAKAN,156.03,1.93,5.39,58.49,121.9,0,2.15,0
CHAKAN_TO_SRIPERUMBUDUR,1094.0,13.23,0.83,42.17,113.02,0,12.77,0
CHAKAN_TO_SRIPERUMBUDUR,1094.0,13.23,1.85,37.5,34.63,0,14.42,0
BHIWANDI_TO_CHAKAN,156.03,1.93,5.83,40.13,46.76,0,1.86,0
MUNDRA_TO_BHIWANDI,872.85,11.64,1.21,26.5,19.95,0,11.91,0
BHIWANDI_TO_CHAKAN,156.03,1.93,1.12,44.54,40.09,0,1.81,0
MUNDRA_TO_BHIWANDI,872.85,11.64,1.08,44.71,107.78,0,11.41,0
JNPT_TO_BHIWANDI,67.55,0.92,0.69,32.43,15.77,0,1.07,0
BHIWANDI_TO_CHAKAN,156.03,1.93,1.5,46.93,76.47,0,1.92,0
MUNDRA_TO_BHIWANDI,872.85,11.64,1.27,21.02,148.18,0,13.25,0
JNPT_TO_BHIWANDI,67.55,0.92,1.95,24.5,150.32,0,0.96,0
BHIWANDI_TO_CHAKAN,156.03,1.93,16.11,23.46,32.34,1,7.54,1
MUNDRA_TO_BHIWANDI,872.85,11.64,0.99,56.12,6.19,0,12.72,0
MUNDRA_TO_BHIWANDI,872.85,11.64,1.0,10.77,56.31,0,12.78,0
CHAKAN_TO_SRIPERUMBUDUR,1094.0,13.23,1.55,46.71,42.66,0,12.88,0
BHIWANDI_TO_CHAKAN,156.03,1.93,0.77,33.53,387.3,0,2.33,0
BHIWANDI_TO_CHAKAN,156.03,1.93,1.97,49.7,152.84,0,1.83,0
MUNDRA_TO_BHIWANDI,872.85,11.64,1.44,38.22,36.87,0,13.1,0
JNPT_TO_BHIWANDI,67.55,0.92,1.99,23.33,325.98,0,1.19,1
BHIWANDI_TO_CHAKAN,156.03,1.93,4.4,21.52,44.55,0,2.14,0
JNPT_TO_BHIWANDI,67.55,0.92,0.76,19.34,5.76,0,1.08,0
BHIWANDI_TO_CHAKAN,156.03,1.93,3.95,34.07,26.06,0,1.85,0
CHAKAN_TO_SRIPERUMBUDUR,1094.0,13.23,0.36,20.05,10.09,0,13.84,0
JNPT_TO_CHAKAN,136.67,1.75,9.37,19.53,21.2,0,1.58,0
JNPT_TO_CHAKAN,136.67,1.75,0.52,56.37,114.09,0,1.95,0
BHIWANDI_TO_CHAKAN,156.03,1.93,1.0,15.12,179.61,0,1.89,0
JNPT_TO_CHAKAN,136.67,1.75,1.39,14.61,6.49,0,1.6,0
CHAKAN_TO_SRIPERUMBUDUR,1094.0,13.23,1.47,10.53,180.05,0,14.33,0
JNPT_TO_BHIWANDI,67.55,0.92,0.73,12.98,27.87,0,1.03,0
JNPT_TO_BHIWANDI,67.55,0.92,0.36,39.77,61.82,0,1.02,0
JNPT_TO_CHAKAN,136.67,1.75,1.26,18.14,52.74,0,2.09,0
MUNDRA_TO_BHIWANDI,872.85,11.64,0.19,49.15,284.49,0,11.02,0
BHIWANDI_TO_CHAKAN,156.03,1.93,1.55,14.86,14.18,0,2.21,0
BHIWANDI_TO_CHAKAN,156.03,1.93,11.47,44.13,43.9,0,1.76,0
JNPT_TO_BHIWANDI,67.55,0.92,0.33,25.81,111.46,0,0.99,0
JNPT_TO_CHAKAN,136.67,1.75,7.54,51.88,224.21,0,1.94,0
CHAKAN_TO_SRIPERUMBUDUR,1094.0,13.23,1.82,31.2,4.89,0,15.15,0
JNPT_TO_BHIWANDI,67.55,0.92,0.63,51.56,376.34,0,1.24,1
CHAKAN_TO_SRIPERUMBUDUR,1094.0,13.23,1.95,51.4,171.87,0,12.7,0
BHIWANDI_TO_CHAKAN,156.03,1.93,1.51,40.43,399.66,0,2.56,1
MUNDRA_TO_BHIWANDI,872.85,11.64,0.14,56.45,242.19,0,11.35,0
MUNDRA_TO_BHIWANDI,872.85,11.64,1.36,29.56,243.16,0,12.13,0
MUNDRA_TO_BHIWANDI,872.85,11.64,0.58,55.42,85.53,0,12.12,0
MUNDRA_TO_BHIWANDI,872.85,11.64,0.95,26.42,2.05,0,11.97,0
JNPT_TO_BHIWANDI,67.55,0.92,1.74,19.82,40.06,0,0.98,0
MUNDRA_TO_BHIWANDI,872.85,11.64,1.93,29.65,6.09,0,10.94,0
CHAKAN_TO_SRIPERUMBUDUR,1094.0,13.23,1.98,59.48,16.58,0,12.48,0
MUNDRA_TO_BHIWANDI,872.85,11.64,0.75,37.46,89.61,0,11.65,0
JNPT_TO_CHAKAN,136.67,1.75,0.08,49.14,2.71,0,1.88,0
BHIWANDI_TO_CHAKAN,156.03,1.93,0.16,11.06,149.91,0,1.79,0
CHAKAN_TO_SRIPERUMBUDUR,1094.0,13.23,1.59,24.59,210.23,0,12.91,0
JNPT_TO_CHAKAN,136.67,1.75,0.59,24.86,140.21,1,7.75,1
BHIWANDI_TO_CHAKAN,156.03,1.93,1.97,43.35,127.38,0,2.32,0
MUNDRA_TO_BHIWANDI,872.85,11.64,0.74,35.56,414.22,0,13.74,0
JNPT_TO_CHAKAN,136.67,1.75,1.95,46.25,176.01,0,1.95,0
BHIWANDI_TO_CHAKAN,156.03,1.93,1.12,38.54,381.74,0,2.55,1
BHIWANDI_TO_CHAKAN,156.03,1.93,0.79,36.44,8.87,0,2.22,0
BHIWANDI_TO_CHAKAN,156.03,1.93,1.93,52.72,91.87,0,1.89,0
JNPT_TO_BHIWANDI,67.55,0.92,0.68,39.64,82.13,0,1.07,0
CHAKAN_TO_SRIPERUMBUDUR,1094.0,13.23,19.26,53.93,21.77,0,15.71,0
JNPT_TO_CHAKAN,136.67,1.75,0.47,47.81,237.26,0,1.99,0
MUNDRA_TO_BHIWANDI,872.85,11.64,0.08,27.83,38.81,0,11.25,0
JNPT_TO_BHIWANDI,67.55,0.92,1.83,43.77,103.9,0,0.94,0
BHIWANDI_TO_CHAKAN,156.03,1.93,1.38,44.17,83.05,0,2.2,0
CHAKAN_TO_SRIPERUMBUDUR,1094.0,13.23,4.3,50.65,12.5,0,13.77,0
CHAKAN_TO_SRIPERUMBUDUR,1094.0,13.23,0.02,13.22,5.46,0,12.05,0
JNPT_TO_CHAKAN,136.67,1.75,0.2,20.89,117.32,0,1.74,0
MUNDRA_TO_BHIWANDI,872.85,11.64,0.55,58.73,11.95,0,11.39,0
JNPT_TO_BHIWANDI,67.55,0.92,4.58,22.76,103.57,0,0.88,0
CHAKAN_TO_SRIPERUMBUDUR,1094.0,13.23,0.47,42.64,239.0,0,13.57,0
BHIWANDI_TO_CHAKAN,156.03,1.93,4.45,17.07,57.64,0,1.89,0
MUNDRA_TO_BHIWANDI,872.85,11.64,2.45,55.74,46.03,0,10.76,0
JNPT_TO_BHIWANDI,67.55,0.92,0.76,19.63,215.19,0,0.94,0
JNPT_TO_CHAKAN,136.67,1.75,9.32,37.08,249.64,0,2.02,0
JNPT_TO_BHIWANDI,67.55,0.92,1.2,41.26,160.98,0,1.02,0
MUNDRA_TO_BHIWANDI,872.85,11.64,1.67,10.8,26.7,0,12.79,0
BHIWANDI_TO_CHAKAN,156.03,1.93,0.07,18.16,145.46,0,1.85,0
MUNDRA_TO_BHIWANDI,872.85,11.64,0.13,44.26,78.34,0,13.62,0
CHAKAN_TO_SRIPERUMBUDUR,1094.0,13.23,0.78,49.37,191.07,0,12.23,0
BHIWANDI_TO_CHAKAN,156.03,1.93,1.64,15.21,134.27,1,9.79,1
CHAKAN_TO_SRIPERUMBUDUR,1094.0,13.23,0.14,10.1,133.01,0,13.23,0
JNPT_TO_CHAKAN,136.67,1.75,4.18,28.62,80.98,0,1.91,0
BHIWANDI_TO_CHAKAN,156.03,1.93,1.8,23.22,3.17,0,2.18,0
JNPT_TO_BHIWANDI,67.55,0.92,0.88,56.47,61.75,0,1.04,0
MUNDRA_TO_BHIWANDI,872.85,11.64,0.48,37.09,129.36,0,12.62,0
MUNDRA_TO_BHIWANDI,872.85,11.64,0.45,39.56,89.58,0,12.92,0
CHAKAN_TO_SRIPERUMBUDUR,1094.0,13.23,1.01,44.2,39.9,0,15.26,0
JNPT_TO_BHIWANDI,67.55,0.92,0.59,17.23,0.46,0,1.07,0
CHAKAN_TO_SRIPERUMBUDUR,1094.0,13.23,0.34,13.44,51.37,0,14.71,0
JNPT_TO_BHIWANDI,67.55,0.92,2.91,22.13,0.34,0,0.9,0
BHIWANDI_TO_CHAKAN,156.03,1.93,2.83,42.4,269.55,0,2.05,0
CHAKAN_TO_SRIPERUMBUDUR,1094.0,13.23,1.29,47.91,174.35,0,12.43,0
MUNDRA_TO_BHIWANDI,872.85,11.64,1.66,59.17,24.45,0,12.74,0
JNPT_TO_CHAKAN,136.67,1.75,1.84,48.92,34.68,0,1.86,0
BHIWANDI_TO_CHAKAN,156.03,1.93,1.25,50.7,38.54,0,2.3,0
BHIWANDI_TO_CHAKAN,156.03,1.93,0.54,37.83,219.01,0,2.18,0
CHAKAN_TO_SRIPERUMBUDUR,1094.0,13.23,1.94,54.65,70.89,0,15.46,0
MUNDRA_TO_BHIWANDI,872.85,11.64,0.67,43.35,205.52,0,11.14,0
MUNDRA_TO_BHIWANDI,872.85,11.64,0.58,43.14,144.7,0,10.93,0
JNPT_TO_BHIWANDI,67.55,0.92,1.62,55.43,135.64,0,0.92,0
MUNDRA_TO_BHIWANDI,872.85,11.64,1.75,53.63,27.52,0,13.17,0
JNPT_TO_CHAKAN,136.67,1.75,0.05,53.87,199.29,0,1.71,0
CHAKAN_TO_SRIPERUMBUDUR,1094.0,13.23,7.79,52.66,38.55,0,13.34,0
CHAKAN_TO_SRIPERUMBUDUR,1094.0,13.23,0.4,50.81,9.8,0,13.85,0
MUNDRA_TO_BHIWANDI,872.85,11.64,0.99,54.47,12.21,0,11.8,0
CHAKAN_TO_SRIPERUMBUDUR,1094.0,13.23,3.57,53.37,100.33,0,13.75,0
CHAKAN_TO_SRIPERUMBUDUR,1094.0,13.23,0.62,12.26,61.23,0,15.67,0
JNPT_TO_BHIWANDI,67.55,0.92,1.28,59.85,127.31,0,0.94,0
BHIWANDI_TO_CHAKAN,156.03,1.93,0.51,14.46,3.74,0,1.93,0
MUNDRA_TO_BHIWANDI,872.85,11.64,6.37,47.93,244.45,0,12.03,0
BHIWANDI_TO_CHAKAN,156.03,1.93,0.6,57.16,109.23,0,2.25,0
CHAKAN_TO_SRIPERUMBUDUR,1094.0,13.23,0.59,33.56,60.29,0,13.09,0
CHAKAN_TO_SRIPERUMBUDUR,1094.0,13.23,0.62,10.35,121.99,0,15.45,0
JNPT_TO_CHAKAN,136.67,1.75,0.67,47.7,70.18,0,2.09,0
CHAKAN_TO_SRIPERUMBUDUR,1094.0,13.23,0.66,21.84,210.03,0,13.86,0
MUNDRA_TO_BHIWANDI,872.85,11.64,9.25,25.29,463.18,0,10.96,0
JNPT_TO_BHIWANDI,67.55,0.92,1.47,54.43,18.37,0,0.91,0
JNPT_TO_CHAKAN,136.67,1.75,1.02,41.73,62.4,0,2.03,0
CHAKAN_TO_SRIPERUMBUDUR,1094.0,13.23,1.52,51.9,157.54,0,14.25,0
JNPT_TO_CHAKAN,136.67,1.75,0.6,41.29,15.22,0,1.98,0
MUNDRA_TO_BHIWANDI,872.85,11.64,0.19,37.72,114.6,0,12.24,0
JNPT_TO_CHAKAN,136.67,1.75,0.52,10.07,18.16,0,1.75,0
MUNDRA_TO_BHIWANDI,872.85,11.64,1.51,39.07,99.28,0,12.24,0
JNPT_TO_BHIWANDI,67.55,0.92,1.69,52.84,50.58,0,0.91,0
JNPT_TO_BHIWANDI,67.55,0.92,0.18,50.8,136.72,0,0.87,0
CHAKAN_TO_SRIPERUMBUDUR,1094.0,13.23,1.74,18.57,23.09,0,14.73,0
BHIWANDI_TO_CHAKAN,156.03,1.93,0.15,18.57,13.22,0,2.01,0
BHIWANDI_TO_CHAKAN,156.03,1.93,0.65,17.93,15.31,0,2.25,0
JNPT_TO_BHIWANDI,67.55,0.92,8.55,28.58,44.37,0,1.06,0
CHAKAN_TO_SRIPERUMBUDUR,1094.0,13.23,0.28,37.12,33.4,0,13.96,0
JNPT_TO_CHAKAN,136.67,1.75,1.84,12.1,24.53,0,1.84,0
BHIWANDI_TO_CHAKAN,156.03,1.93,1.27,22.62,9.73,0,1.81,0
JNPT_TO_CHAKAN,136.67,1.75,1.95,30.14,101.23,0,1.95,0
CHAKAN_TO_SRIPERUMBUDUR,1094.0,13.23,0.04,58.61,2.85,0,14.83,0
CHAKAN_TO_SRIPERUMBUDUR,1094.0,13.23,1.27,27.36,49.91,0,14.16,0
BHIWANDI_TO_CHAKAN,156.03,1.93,1.97,53.39,80.64,0,2.07,0
JNPT_TO_CHAKAN,136.67,1.75,0.72,23.9,17.57,0,2.07,0
CHAKAN_TO_SRIPERUMBUDUR,1094.0,13.23,1.25,20.25,1.83,0,14.17,0
JNPT_TO_BHIWANDI,67.55,0.92,8.52,25.54,182.3,0,0.88,0
JNPT_TO_BHIWANDI,67.55,0.92,1.76,24.44,62.16,0,0.95,0
BHIWANDI_TO_CHAKAN,156.03,1.93,1.58,16.86,202.91,0,1.96,0
JNPT_TO_BHIWANDI,67.55,0.92,0.3,15.45,74.02,0,1.02,0
CHAKAN_TO_SRIPERUMBUDUR,1094.0,13.23,1.68,11.5,89.22,0,15.41,0
BHIWANDI_TO_CHAKAN,156.03,1.93,1.77,14.21,12.57,0,2.13,0
CHAKAN_TO_SRIPERUMBUDUR,1094.0,13.23,0.34,53.12,110.75,0,14.73,0
BHIWANDI_TO_CHAKAN,156.03,1.93,0.76,24.44,234.33,0,2.26,0
JNPT_TO_CHAKAN,136.67,1.75,1.72,57.44,88.39,0,2.06,0
JNPT_TO_BHIWANDI,67.55,0.92,1.33,57.75,80.76,0,0.92,0
MUNDRA_TO_BHIWANDI,872.85,11.64,3.65,59.85,249.35,0,10.49,0
BHIWANDI_TO_CHAKAN,156.03,1.93,1.06,38.81,42.07,0,2.27,0
CHAKAN_TO_SRIPERUMBUDUR,1094.0,13.23,0.44,43.21,98.69,0,15.81,0
CHAKAN_TO_SRIPERUMBUDUR,1094.0,13.23,1.3,17.62,61.25,0,13.87,0
BHIWANDI_TO_CHAKAN,156.03,1.93,0.93,25.98,115.24,0,2.01,0
JNPT_TO_BHIWANDI,67.55,0.92,5.88,17.69,101.82,0,0.9,0
JNPT_TO_CHAKAN,136.67,1.75,0.5,50.01,461.9,0,2.39,1
BHIWANDI_TO_CHAKAN,156.03,1.93,1.25,46.39,15.91,0,2.29,0
JNPT_TO_BHIWANDI,67.55,0.92,1.88,40.3,144.45,0,0.9,0
MUNDRA_TO_BHIWANDI,872.85,11.64,1.03,44.84,97.98,0,13.21,0
CHAKAN_TO_SRIPERUMBUDUR,1094.0,13.23,1.35,45.73,430.42,0,15.83,0
JNPT_TO_BHIWANDI,67.55,0.92,1.78,38.06,6.7,0,0.96,0
BHIWANDI_TO_CHAKAN,156.03,1.93,1.16,45.33,7.93,0,2.27,0
CHAKAN_TO_SRIPERUMBUDUR,1094.0,13.23,0.7,57.95,103.96,0,13.95,0
BHIWANDI_TO_CHAKAN,156.03,1.93,1.65,33.85,27.75,0,1.78,0
JNPT_TO_CHAKAN,136.67,1.75,1.04,25.0,82.17,0,1.81,0
MUNDRA_TO_BHIWANDI,872.85,11.64,0.89,34.56,332.43,0,11.06,0
JNPT_TO_BHIWANDI,67.55,0.92,0.87,19.83,27.13,0,0.84,0
BHIWANDI_TO_CHAKAN,156.03,1.93,1.43,32.82,86.14,0,1.79,0
BHIWANDI_TO_CHAKAN,156.03,1.93,0.16,17.35,0.13,0,2.16,0
JNPT_TO_CHAKAN,136.67,1.75,1.72,11.48,88.9,0,1.67,0
BHIWANDI_TO_CHAKAN,156.03,1.93,4.78,53.16,61.87,0,1.8,0
MUNDRA_TO_BHIWANDI,872.85,11.64,0.43,41.53,14.11,0,11.38,0
JNPT_TO_CHAKAN,136.67,1.75,1.88,25.51,72.87,0,1.86,0
BHIWANDI_TO_CHAKAN,156.03,1.93,0.24,40.9,2.16,0,2.26,0
MUNDRA_TO_BHIWANDI,872.85,11.64,1.13,50.93,116.22,0,10.74,0
CHAKAN_TO_SRIPERUMBUDUR,1094.0,13.23,2.17,48.52,5.4,0,12.41,0
MUNDRA_TO_BHIWANDI,872.85,11.64,0.51,26.7,87.64,0,12.27,0
BHIWANDI_TO_CHAKAN,156.03,1.93,0.46,57.6,136.54,0,1.84,0
BHIWANDI_TO_CHAKAN,156.03,1.93,3.86,43.68,42.07,0,1.95,0
BHIWANDI_TO_CHAKAN,156.03,1.93,1.3,36.28,39.23,0,2.12,0
JNPT_TO_BHIWANDI,67.55,0.92,1.78,24.16,28.9,0,0.86,0
BHIWANDI_TO_CHAKAN,156.03,1.93,2.79,15.24,53.66,1,5.49,1
MUNDRA_TO_BHIWANDI,872.85,11.64,0.72,58.46,41.32,0,11.58,0
CHAKAN_TO_SRIPERUMBUDUR,1094.0,13.23,0.81,14.43,29.75,1,19.65,1
BHIWANDI_TO_CHAKAN,156.03,1.93,1.09,54.4,36.58,0,2.16,0
JNPT_TO_BHIWANDI,67.55,0.92,1.1,36.48,147.52,0,1.09,0
MUNDRA_TO_BHIWANDI,872.85,11.64,0.83,21.29,198.65,0,13.25,0
JNPT_TO_BHIWANDI,67.55,0.92,0.6,28.57,313.01,0,1.16,1
MUNDRA_TO_BHIWANDI,872.85,11.64,0.41,17.46,20.51,0,11.32,0
CHAKAN_TO_SRIPERUMBUDUR,1094.0,13.23,0.18,16.61,315.84,0,12.35,0
CHAKAN_TO_SRIPERUMBUDUR,1094.0,13.23,1.47,41.93,15.15,0,15.77,0
CHAKAN_TO_SRIPERUMBUDUR,1094.0,13.23,1.54,32.13,50.23,0,13.45,0
CHAKAN_TO_SRIPERUMBUDUR,1094.0,13.23,1.94,54.47,33.41,0,13.44,0
MUNDRA_TO_BHIWANDI,872.85,11.64,0.84,50.13,79.37,0,13.18,0
MUNDRA_TO_BHIWANDI,872.85,11.64,5.3,39.23,20.26,0,11.17,0
CHAKAN_TO_SRIPERUMBUDUR,1094.0,13.23,0.33,40.45,160.85,0,15.01,0
JNPT_TO_CHAKAN,136.67,1.75,1.89,38.21,110.22,0,1.87,0
CHAKAN_TO_SRIPERUMBUDUR,1094.0,13.23,0.77,39.01,89.73,1,18.81,1
JNPT_TO_CHAKAN,136.67,1.75,1.87,25.97,44.91,1,5.31,1
BHIWANDI_TO_CHAKAN,156.03,1.93,1.51,44.05,256.96,0,2.03,0
JNPT_TO_CHAKAN,136.67,1.75,0.8,17.35,468.39,0,2.07,0
JNPT_TO_BHIWANDI,67.55,0.92,0.55,39.04,108.9,0,0.86,0
CHAKAN_TO_SRIPERUMBUDUR,1094.0,13.23,0.82,16.59,137.33,0,12.24,0
JNPT_TO_BHIWANDI,67.55,0.92,1.93,46.84,5.94,0,0.91,0
JNPT_TO_CHAKAN,136.67,1.75,1.39,11.08,109.92,0,1.61,0
CHAKAN_TO_SRIPERUMBUDUR,1094.0,13.23,0.52,48.69,216.6,0,11.94,0
JNPT_TO_CHAKAN,136.67,1.75,1.27,49.61,267.48,0,2.0,0
JNPT_TO_BHIWANDI,67.55,0.92,0.17,59.65,45.92,0,0.9,0
JNPT_TO_BHIWANDI,67.55,0.92,10.01,38.98,230.66,0,0.85,0
JNPT_TO_CHAKAN,136.67,1.75,1.09,48.29,1.79,0,1.82,0
JNPT_TO_BHIWANDI,67.55,0.92,1.49,21.63,2.5,0,0.84,0
JNPT_TO_CHAKAN,136.67,1.75,9.51,30.69,223.49,0,2.05,0
BHIWANDI_TO_CHAKAN,156.03,1.93,2.9,50.04,86.62,0,1.92,0
CHAKAN_TO_SRIPERUMBUDUR,1094.0,13.23,1.94,18.84,5.85,0,14.84,0
JNPT_TO_CHAKAN,136.67,1.75,5.63,24.09,222.6,0,1.87,0
JNPT_TO_BHIWANDI,67.55,0.92,0.17,33.59,38.69,0,1.01,0
JNPT_TO_BHIWANDI,67.55,0.92,0.9,48.76,102.65,0,0.97,0
JNPT_TO_CHAKAN,136.67,1.75,6.28,27.9,67.89,0,1.62,0
JNPT_TO_BHIWANDI,67.55,0.92,0.6,59.09,45.82,0,1.09,0
JNPT_TO_CHAKAN,136.67,1.75,29.38,35.38,45.51,0,4.91,1
BHIWANDI_TO_CHAKAN,156.03,1.93,19.16,20.63,8.84,0,3.79,1
JNPT_TO_CHAKAN,136.67,1.75,1.86,59.68,21.98,0,1.89,0
CHAKAN_TO_SRIPERUMBUDUR,1094.0,13.23,1.31,33.03,24.95,0,14.11,0
CHAKAN_TO_SRIPERUMBUDUR,1094.0,13.23,0.88,16.76,14.54,0,15.23,0
JNPT_TO_CHAKAN,136.67,1.75,0.67,37.52,72.89,1,6.98,1
JNPT_TO_CHAKAN,136.67,1.75,7.95,39.74,274.24,0,1.81,0
MUNDRA_TO_BHIWANDI,872.85,11.64,7.63,58.84,13.13,0,12.18,0
JNPT_TO_BHIWANDI,67.55,0.92,0.34,47.93,41.69,0,0.95,0
JNPT_TO_CHAKAN,136.67,1.75,0.69,47.4,25.39,0,1.96,0
JNPT_TO_BHIWANDI,67.55,0.92,1.68,32.29,79.95,0,1.07,0
BHIWANDI_TO_CHAKAN,156.03,1.93,0.3,13.13,149.82,0,1.88,0
MUNDRA_TO_BHIWANDI,872.85,11.64,0.42,13.15,178.27,0,10.91,0
MUNDRA_TO_BHIWANDI,872.85,11.64,1.1,56.08,33.93,0,11.07,0
JNPT_TO_CHAKAN,136.67,1.75,1.21,37.51,16.84,0,1.58,0
JNPT_TO_CHAKAN,136.67,1.75,7.05,38.68,109.02,0,1.78,0
MUNDRA_TO_BHIWANDI,872.85,11.64,0.08,47.39,187.99,0,11.36,0
MUNDRA_TO_BHIWANDI,872.85,11.64,1.88,26.87,26.67,0,12.03,0
CHAKAN_TO_SRIPERUMBUDUR,1094.0,13.23,1.11,21.41,2.7,0,15.14,0
BHIWANDI_TO_CHAKAN,156.03,1.93,1.17,54.09,58.08,0,1.98,0
JNPT_TO_BHIWANDI,67.55,0.92,0.44,10.66,266.13,0,0.93,0
CHAKAN_TO_SRIPERUMBUDUR,1094.0,13.23,0.82,24.2,25.96,0,15.83,0
JNPT_TO_BHIWANDI,67.55,0.92,0.06,55.4,101.98,0,0.91,0
JNPT_TO_CHAKAN,136.67,1.75,0.76,22.65,112.91,0,1.72,0
JNPT_TO_CHAKAN,136.67,1.75,0.88,43.36,26.73,0,1.69,0
BHIWANDI_TO_CHAKAN,156.03,1.93,4.18,36.68,89.08,0,2.12,0
JNPT_TO_CHAKAN,136.67,1.75,0.8,43.0,22.03,0,1.88,0
BHIWANDI_TO_CHAKAN,156.03,1.93,0.23,48.99,22.35,0,2.19,0
MUNDRA_TO_BHIWANDI,872.85,11.64,0.32,59.97,121.97,0,10.5,0
MUNDRA_TO_BHIWANDI,872.85,11.64,0.15,16.05,18.0,0,10.68,0
BHIWANDI_TO_CHAKAN,156.03,1.93,0.59,48.05,33.15,0,2.2,0
JNPT_TO_BHIWANDI,67.55,0.92,0.4,11.66,385.15,0,1.34,1
JNPT_TO_CHAKAN,136.67,1.75,1.11,13.14,34.41,0,1.76,0
MUNDRA_TO_BHIWANDI,872.85,11.64,1.99,14.46,5.8,0,13.16,0
MUNDRA_TO_BHIWANDI,872.85,11.64,0.21,13.12,116.39,0,10.97,0
BHIWANDI_TO_CHAKAN,156.03,1.93,0.03,27.22,34.41,0,2.28,0
MUNDRA_TO_BHIWANDI,872.85,11.64,1.74,12.47,40.06,0,10.99,0
MUNDRA_TO_BHIWANDI,872.85,11.64,1.79,28.37,115.61,0,11.16,0
JNPT_TO_CHAKAN,136.67,1.75,1.81,45.55,210.85,0,2.08,0
JNPT_TO_CHAKAN,136.67,1.75,0.46,30.82,93.86,0,1.65,0
JNPT_TO_CHAKAN,136.67,1.75,0.86,13.38,61.48,0,2.02,0
JNPT_TO_BHIWANDI,67.55,0.92,2.23,48.79,154.45,0,0.9,0
CHAKAN_TO_SRIPERUMBUDUR,1094.0,13.23,2.93,28.15,11.09,0,12.99,0
JNPT_TO_BHIWANDI,67.55,0.92,0.03,48.23,43.72,0,1.01,0
JNPT_TO_CHAKAN,136.67,1.75,1.77,45.91,89.13,0,1.81,0
JNPT_TO_BHIWANDI,67.55,0.92,1.29,38.37,121.5,0,1.07,0
CHAKAN_TO_SRIPERUMBUDUR,1094.0,13.23,2.3,45.38,466.03,0,13.76,0
CHAKAN_TO_SRIPERUMBUDUR,1094.0,13.23,4.9,15.01,61.01,0,12.5,0
BHIWANDI_TO_CHAKAN,156.03,1.93,1.66,49.92,479.87,0,2.45,1
BHIWANDI_TO_CHAKAN,156.03,1.93,1.64,12.17,169.75,0,2.07,0
MUNDRA_TO_BHIWANDI,872.85,11.64,0.5,18.06,42.83,0,11.97,0
MUNDRA_TO_BHIWANDI,872.85,11.64,9.68,43.52,70.83,0,13.76,0
JNPT_TO_BHIWANDI,67.55,0.92,10.34,59.68,94.3,0,1.02,0
JNPT_TO_BHIWANDI,67.55,0.92,0.58,25.35,51.96,0,1.03,0
JNPT_TO_CHAKAN,136.67,1.75,0.43,14.89,51.76,0,1.99,0
MUNDRA_TO_BHIWANDI,872.85,11.64,1.91,51.42,85.96,0,13.16,0
CHAKAN_TO_SRIPERUMBUDUR,1094.0,13.23,1.66,57.65,259.79,0,14.47,0
JNPT_TO_CHAKAN,136.67,1.75,0.46,41.18,96.54,0,1.58,0
CHAKAN_TO_SRIPERUMBUDUR,1094.0,13.23,0.45,57.04,31.65,0,12.17,0
JNPT_TO_CHAKAN,136.67,1.75,32.7,45.74,71.5,0,4.92,1
BHIWANDI_TO_CHAKAN,156.03,1.93,5.71,35.01,15.38,0,2.2,0
CHAKAN_TO_SRIPERUMBUDUR,1094.0,13.23,0.97,53.05,121.69,0,14.01,0
CHAKAN_TO_SRIPERUMBUDUR,1094.0,13.23,0.01,28.24,21.59,0,12.9,0
MUNDRA_TO_BHIWANDI,872.85,11.64,1.8,14.3,153.3,0,12.21,0
CHAKAN_TO_SRIPERUMBUDUR,1094.0,13.23,1.63,41.71,60.8,1,21.85,1
BHIWANDI_TO_CHAKAN,156.03,1.93,1.2,53.53,20.94,0,2.0,0
BHIWANDI_TO_CHAKAN,156.03,1.93,0.59,28.22,52.89,0,1.99,0
JNPT_TO_CHAKAN,136.67,1.75,1.12,40.18,214.18,0,1.81,0
JNPT_TO_CHAKAN,136.67,1.75,1.72,13.91,9.37,0,1.68,0
BHIWANDI_TO_CHAKAN,156.03,1.93,1.12,45.94,17.6,0,2.11,0
CHAKAN_TO_SRIPERUMBUDUR,1094.0,13.23,7.66,30.15,208.05,0,15.88,0
MUNDRA_TO_BHIWANDI,872.85,11.64,0.59,40.06,36.58,0,12.68,0
BHIWANDI_TO_CHAKAN,156.03,1.93,0.16,36.99,7.55,0,1.75,0
JNPT_TO_CHAKAN,136.67,1.75,0.84,21.93,494.55,0,2.17,0
JNPT_TO_CHAKAN,136.67,1.75,1.18,46.6,27.47,0,1.61,0
MUNDRA_TO_BHIWANDI,872.85,11.64,3.73,28.9,115.95,0,10.56,0
JNPT_TO_CHAKAN,136.67,1.75,0.17,17.49,27.54,0,1.72,0
BHIWANDI_TO_CHAKAN,156.03,1.93,1.13,12.4,5.06,0,1.99,0
BHIWANDI_TO_CHAKAN,156.03,1.93,0.96,56.62,17.78,0,2.0,0
CHAKAN_TO_SRIPERUMBUDUR,1094.0,13.23,0.27,39.89,4.07,0,14.55,0
BHIWANDI_TO_CHAKAN,156.03,1.93,0.17,39.81,17.05,0,1.77,0
CHAKAN_TO_SRIPERUMBUDUR,1094.0,13.23,1.38,47.17,84.59,0,14.43,0
JNPT_TO_CHAKAN,136.67,1.75,0.84,35.04,274.77,0,2.1,0
JNPT_TO_BHIWANDI,67.55,0.92,1.49,31.48,29.11,0,0.95,0
JNPT_TO_CHAKAN,136.67,1.75,0.22,25.44,38.11,0,1.59,0
CHAKAN_TO_SRIPERUMBUDUR,1094.0,13.23,1.28,56.96,122.41,0,12.76,0
JNPT_TO_CHAKAN,136.67,1.75,1.5,25.13,248.81,0,1.94,0
BHIWANDI_TO_CHAKAN,156.03,1.93,1.19,58.0,66.96,0,2.0,0
JNPT_TO_CHAKAN,136.67,1.75,0.17,33.39,11.69,0,1.86,0
MUNDRA_TO_BHIWANDI,872.85,11.64,0.98,41.93,6.05,0,13.43,0
JNPT_TO_CHAKAN,136.67,1.75,0.14,41.92,2.14,0,1.59,0
JNPT_TO_BHIWANDI,67.55,0.92,1.37,58.95,147.86,0,0.94,0
JNPT_TO_BHIWANDI,67.55,0.92,10.9,11.95,9.6,0,1.04,0
JNPT_TO_BHIWANDI,67.55,0.92,1.79,57.71,69.8,0,0.85,0
BHIWANDI_TO_CHAKAN,156.03,1.93,0.55,47.36,218.0,0,1.88,0
JNPT_TO_BHIWANDI,67.55,0.92,1.87,13.71,109.35,0,1.1,0
JNPT_TO_CHAKAN,136.67,1.75,1.07,42.88,34.64,0,1.78,0
CHAKAN_TO_SRIPERUMBUDUR,1094.0,13.23,0.12,19.26,52.11,0,12.62,0
MUNDRA_TO_BHIWANDI,872.85,11.64,1.43,32.68,266.34,0,13.87,0
BHIWANDI_TO_CHAKAN,156.03,1.93,1.24,51.82,97.78,0,2.03,0
JNPT_TO_CHAKAN,136.67,1.75,0.46,54.09,133.45,0,1.58,0
BHIWANDI_TO_CHAKAN,156.03,1.93,3.5,54.64,0.07,0,1.95,0
CHAKAN_TO_SRIPERUMBUDUR,1094.0,13.23,1.7,27.81,4.65,0,12.53,0
JNPT_TO_BHIWANDI,67.55,0.92,1.98,38.66,1.49,0,1.02,0
JNPT_TO_CHAKAN,136.67,1.75,3.92,32.56,21.13,0,1.73,0
BHIWANDI_TO_CHAKAN,156.03,1.93,0.35,55.07,99.81,0,2.02,0
JNPT_TO_CHAKAN,136.67,1.75,1.71,38.3,89.23,0,2.04,0
MUNDRA_TO_BHIWANDI,872.85,11.64,0.48,39.88,591.16,0,14.44,0
MUNDRA_TO_BHIWANDI,872.85,11.64,0.72,10.92,25.67,0,12.85,0
BHIWANDI_TO_CHAKAN,156.03,1.93,1.15,39.12,87.28,0,2.17,0
BHIWANDI_TO_CHAKAN,156.03,1.93,1.07,28.45,29.11,0,2.04,0
BHIWANDI_TO_CHAKAN,156.03,1.93,2.34,12.23,204.79,0,1.97,0
JNPT_TO_BHIWANDI,67.55,0.92,1.56,55.17,98.78,0,0.97,0
JNPT_TO_CHAKAN,136.67,1.75,0.69,39.76,137.2,0,2.01,0
JNPT_TO_CHAKAN,136.67,1.75,1.33,19.14,72.74,0,2.01,0
JNPT_TO_BHIWANDI,67.55,0.92,1.38,18.16,242.21,0,1.02,0
JNPT_TO_CHAKAN,136.67,1.75,0.69,49.6,1.37,0,2.08,0
BHIWANDI_TO_CHAKAN,156.03,1.93,1.59,36.04,614.48,0,2.8,1
CHAKAN_TO_SRIPERUMBUDUR,1094.0,13.23,1.28,56.72,696.14,0,15.4,0
CHAKAN_TO_SRIPERUMBUDUR,1094.0,13.23,1.91,46.6,181.35,0,15.36,0
JNPT_TO_BHIWANDI,67.55,0.92,0.34,12.82,6.46,0,0.98,0
CHAKAN_TO_SRIPERUMBUDUR,1094.0,13.23,1.05,53.05,21.64,0,12.3,0
JNPT_TO_CHAKAN,136.67,1.75,0.61,16.13,32.11,0,1.85,0
JNPT_TO_CHAKAN,136.67,1.75,10.23,39.69,74.15,0,1.93,0
JNPT_TO_BHIWANDI,67.55,0.92,1.61,14.76,110.05,0,0.89,0
BHIWANDI_TO_CHAKAN,156.03,1.93,1.32,27.27,119.61,0,1.83,0
BHIWANDI_TO_CHAKAN,156.03,1.93,1.11,52.29,63.85,0,2.06,0
JNPT_TO_CHAKAN,136.67,1.75,1.75,35.31,62.1,0,1.91,0
MUNDRA_TO_BHIWANDI,872.85,11.64,16.14,59.97,167.94,1,19.09,1
JNPT_TO_BHIWANDI,67.55,0.92,1.69,17.23,65.09,0,0.88,0
BHIWANDI_TO_CHAKAN,156.03,1.93,1.59,48.24,74.94,0,2.17,0
CHAKAN_TO_SRIPERUMBUDUR,1094.0,13.23,1.14,59.67,1.88,0,15.53,0
MUNDRA_TO_BHIWANDI,872.85,11.64,1.43,47.98,20.84,0,11.34,0
MUNDRA_TO_BHIWANDI,872.85,11.64,11.81,27.2,56.64,0,13.39,0
BHIWANDI_TO_CHAKAN,156.03,1.93,1.78,50.85,25.98,0,2.05,0
JNPT_TO_BHIWANDI,67.55,0.92,1.97,45.72,19.99,0,0.89,0
MUNDRA_TO_BHIWANDI,872.85,11.64,1.45,39.19,5.44,0,12.08,0
JNPT_TO_CHAKAN,136.67,1.75,0.05,11.34,20.36,0,2.01,0
BHIWANDI_TO_CHAKAN,156.03,1.93,0.95,45.18,26.96,0,1.77,0
JNPT_TO_CHAKAN,136.67,1.75,1.98,58.3,160.23,0,2.08,0
MUNDRA_TO_BHIWANDI,872.85,11.64,0.69,34.12,21.26,0,10.91,0
CHAKAN_TO_SRIPERUMBUDUR,1094.0,13.23,1.07,53.06,8.05,0,12.42,0
MUNDRA_TO_BHIWANDI,872.85,11.64,1.14,36.71,22.81,0,13.48,0
BHIWANDI_TO_CHAKAN,156.03,1.93,6.38,52.4,308.39,0,2.56,1
JNPT_TO_BHIWANDI,67.55,0.92,1.03,29.05,23.07,0,0.88,0
BHIWANDI_TO_CHAKAN,156.03,1.93,18.75,49.65,3.07,0,3.63,1
JNPT_TO_BHIWANDI,67.55,0.92,1.13,21.3,31.08,0,0.95,0
JNPT_TO_BHIWANDI,67.55,0.92,0.22,39.13,76.65,0,0.88,0
CHAKAN_TO_SRIPERUMBUDUR,1094.0,13.23,2.72,48.23,105.3,0,12.26,0
BHIWANDI_TO_CHAKAN,156.03,1.93,0.12,11.96,219.74,0,2.15,0
JNPT_TO_CHAKAN,136.67,1.75,0.17,10.99,46.1,0,1.7,0
JNPT_TO_CHAKAN,136.67,1.75,0.96,33.49,271.75,0,1.85,0
CHAKAN_TO_SRIPERUMBUDUR,1094.0,13.23,1.43,53.92,17.55,0,13.26,0
CHAKAN_TO_SRIPERUMBUDUR,1094.0,13.23,1.29,22.74,91.87,0,15.8,0
JNPT_TO_CHAKAN,136.67,1.75,0.02,18.81,90.39,0,1.86,0
CHAKAN_TO_SRIPERUMBUDUR,1094.0,13.23,1.97,35.12,188.83,0,12.57,0
CHAKAN_TO_SRIPERUMBUDUR,1094.0,13.23,1.68,17.37,188.27,0,12.75,0
JNPT_TO_BHIWANDI,67.55,0.92,0.11,53.54,16.93,0,1.0,0
JNPT_TO_BHIWANDI,67.55,0.92,1.17,35.63,149.73,0,1.08,0
JNPT_TO_CHAKAN,136.67,1.75,1.51,38.84,40.41,0,2.05,0
BHIWANDI_TO_CHAKAN,156.03,1.93,0.29,24.48,24.22,0,2.2,0
CHAKAN_TO_SRIPERUMBUDUR,1094.0,13.23,1.25,51.24,123.73,0,13.65,0
CHAKAN_TO_SRIPERUMBUDUR,1094.0,13.23,0.61,44.21,121.4,0,14.08,0
CHAKAN_TO_SRIPERUMBUDUR,1094.0,13.23,1.6,52.29,127.08,0,13.9,0
JNPT_TO_BHIWANDI,67.55,0.92,1.76,15.87,33.15,0,1.0,0
JNPT_TO_CHAKAN,136.67,1.75,0.91,34.9,214.22,0,1.81,0
BHIWANDI_TO_CHAKAN,156.03,1.93,0.42,20.53,1.03,0,1.75,0
MUNDRA_TO_BHIWANDI,872.85,11.64,0.79,16.81,45.95,0,10.66,0
MUNDRA_TO_BHIWANDI,872.85,11.64,1.01,36.03,28.22,0,11.75,0
JNPT_TO_CHAKAN,136.67,1.75,1.31,41.23,38.86,0,1.68,0
BHIWANDI_TO_CHAKAN,156.03,1.93,2.54,55.63,84.62,0,2.2,0
JNPT_TO_BHIWANDI,67.55,0.92,1.6,50.84,20.94,0,0.88,0
CHAKAN_TO_SRIPERUMBUDUR,1094.0,13.23,1.23,51.66,22.32,0,15.87,0
CHAKAN_TO_SRIPERUMBUDUR,1094.0,13.23,1.28,25.26,76.68,0,12.3,0
JNPT_TO_BHIWANDI,67.55,0.92,3.37,41.44,10.61,1,5.38,1
MUNDRA_TO_BHIWANDI,872.85,11.64,3.88,30.95,78.15,0,12.45,0
JNPT_TO_CHAKAN,136.67,1.75,1.6,38.19,128.64,0,1.81,0
MUNDRA_TO_BHIWANDI,872.85,11.64,0.93,17.82,232.56,0,13.05,0
JNPT_TO_CHAKAN,136.67,1.75,0.44,59.11,224.55,0,2.04,0
BHIWANDI_TO_CHAKAN,156.03,1.93,0.65,43.76,129.29,0,1.85,0
JNPT_TO_BHIWANDI,67.55,0.92,1.24,19.55,17.9,0,1.1,0
BHIWANDI_TO_CHAKAN,156.03,1.93,0.54,53.08,104.17,0,1.96,0
MUNDRA_TO_BHIWANDI,872.85,11.64,1.51,34.05,2.39,0,12.89,0
BHIWANDI_TO_CHAKAN,156.03,1.93,1.92,39.32,109.42,0,1.78,0
CHAKAN_TO_SRIPERUMBUDUR,1094.0,13.23,0.75,30.41,9.64,0,15.66,0
MUNDRA_TO_BHIWANDI,872.85,11.64,0.06,42.01,3.54,0,12.72,0
JNPT_TO_CHAKAN,136.67,1.75,2.57,55.09,57.5,0,1.59,0
MUNDRA_TO_BHIWANDI,872.85,11.64,0.24,35.46,6.27,0,11.55,0
JNPT_TO_BHIWANDI,67.55,0.92,1.22,32.03,207.29,0,1.02,0
JNPT_TO_BHIWANDI,67.55,0.92,1.36,12.7,82.88,0,0.98,0
BHIWANDI_TO_CHAKAN,156.03,1.93,0.9,57.64,43.71,0,1.82,0
JNPT_TO_BHIWANDI,67.55,0.92,0.87,22.42,23.11,0,0.92,0
JNPT_TO_CHAKAN,136.67,1.75,1.17,16.54,34.13,0,1.95,0
JNPT_TO_BHIWANDI,67.55,0.92,0.09,47.78,25.68,0,0.94,0
CHAKAN_TO_SRIPERUMBUDUR,1094.0,13.23,0.3,40.99,54.28,0,12.07,0
BHIWANDI_TO_CHAKAN,156.03,1.93,0.41,12.13,86.44,1,8.99,1
BHIWANDI_TO_CHAKAN,156.03,1.93,0.95,34.0,48.01,0,2.21,0
BHIWANDI_TO_CHAKAN,156.03,1.93,0.63,59.2,233.99,0,2.09,0
CHAKAN_TO_SRIPERUMBUDUR,1094.0,13.23,1.11,23.04,65.61,0,13.86,0
BHIWANDI_TO_CHAKAN,156.03,1.93,1.01,49.43,145.54,0,2.13,0
JNPT_TO_CHAKAN,136.67,1.75,1.93,23.41,91.95,0,2.03,0
JNPT_TO_BHIWANDI,67.55,0.92,0.46,15.69,107.91,0,0.9,0
JNPT_TO_BHIWANDI,67.55,0.92,0.63,13.35,26.34,0,0.88,0
JNPT_TO_CHAKAN,136.67,1.75,0.78,33.18,2.77,0,2.04,0
JNPT_TO_CHAKAN,136.67,1.75,1.18,15.38,76.73,0,2.09,0
BHIWANDI_TO_CHAKAN,156.03,1.93,1.54,14.31,21.79,0,2.16,0
CHAKAN_TO_SRIPERUMBUDUR,1094.0,13.23,0.5,18.1,70.87,0,12.17,0
CHAKAN_TO_SRIPERUMBUDUR,1094.0,13.23,1.11,47.7,3.84,0,13.53,0
BHIWANDI_TO_CHAKAN,156.03,1.93,0.41,20.37,88.71,0,2.25,0
BHIWANDI_TO_CHAKAN,156.03,1.93,1.79,46.72,184.87,0,1.88,0
JNPT_TO_BHIWANDI,67.55,0.92,0.53,56.56,149.05,0,1.04,0
JNPT_TO_CHAKAN,136.67,1.75,0.19,56.97,41.54,0,1.96,0
BHIWANDI_TO_CHAKAN,156.03,1.93,1.49,32.33,181.43,0,1.95,0
BHIWANDI_TO_CHAKAN,156.03,1.93,3.79,34.01,140.15,0,2.07,0
BHIWANDI_TO_CHAKAN,156.03,1.93,1.63,28.31,264.33,0,1.82,0
BHIWANDI_TO_CHAKAN,156.03,1.93,0.16,57.67,203.56,0,1.89,0
JNPT_TO_CHAKAN,136.67,1.75,1.99,21.66,131.73,0,2.1,0
JNPT_TO_CHAKAN,136.67,1.75,0.72,18.55,79.32,0,2.0,0
CHAKAN_TO_SRIPERUMBUDUR,1094.0,13.23,1.94,54.07,206.84,0,13.89,0
JNPT_TO_BHIWANDI,67.55,0.92,0.86,52.75,164.62,0,0.9,0
JNPT_TO_CHAKAN,136.67,1.75,1.27,45.46,203.46,0,1.79,0
JNPT_TO_BHIWANDI,67.55,0.92,4.41,29.68,9.52,0,0.94,0
JNPT_TO_CHAKAN,136.67,1.75,0.7,38.09,64.25,0,1.62,0
CHAKAN_TO_SRIPERUMBUDUR,1094.0,13.23,1.33,37.03,177.1,0,13.96,0
MUNDRA_TO_BHIWANDI,872.85,11.64,1.38,19.54,181.54,0,13.65,0
BHIWANDI_TO_CHAKAN,156.03,1.93,3.7,11.63,1.38,0,2.2,0
JNPT_TO_CHAKAN,136.67,1.75,1.87,25.09,52.25,0,1.87,0
JNPT_TO_BHIWANDI,67.55,0.92,8.91,59.96,60.09,0,1.07,0
JNPT_TO_BHIWANDI,67.55,0.92,8.63,29.74,27.47,0,0.94,0
CHAKAN_TO_SRIPERUMBUDUR,1094.0,13.23,1.72,48.44,2.61,0,15.16,0
BHIWANDI_TO_CHAKAN,156.03,1.93,1.94,59.04,74.17,0,1.97,0
CHAKAN_TO_SRIPERUMBUDUR,1094.0,13.23,7.0,47.02,18.21,0,12.71,0
MUNDRA_TO_BHIWANDI,872.85,11.64,0.36,30.83,22.42,0,11.59,0
CHAKAN_TO_SRIPERUMBUDUR,1094.0,13.23,0.74,42.53,41.96,0,14.89,0
JNPT_TO_BHIWANDI,67.55,0.92,0.88,49.74,102.14,0,0.85,0
BHIWANDI_TO_CHAKAN,156.03,1.93,0.76,21.97,25.49,0,2.27,0
BHIWANDI_TO_CHAKAN,156.03,1.93,10.36,58.11,110.41,0,2.14,0
JNPT_TO_CHAKAN,136.67,1.75,1.88,24.81,17.25,0,2.02,0
MUNDRA_TO_BHIWANDI,872.85,11.64,27.3,31.08,80.54,0,16.45,1
JNPT_TO_BHIWANDI,67.55,0.92,0.89,18.73,103.61,0,1.02,0
MUNDRA_TO_BHIWANDI,872.85,11.64,4.57,25.51,17.72,0,12.82,0
BHIWANDI_TO_CHAKAN,156.03,1.93,1.0,17.75,26.0,0,1.78,0
JNPT_TO_BHIWANDI,67.55,0.92,0.19,20.41,130.89,0,0.86,0
JNPT_TO_CHAKAN,136.67,1.75,1.54,20.49,19.11,0,1.85,0
MUNDRA_TO_BHIWANDI,872.85,11.64,1.94,12.52,18.21,0,12.65,0
BHIWANDI_TO_CHAKAN,156.03,1.93,1.73,40.08,41.81,0,1.83,0
JNPT_TO_CHAKAN,136.67,1.75,1.29,42.29,10.52,0,1.79,0
CHAKAN_TO_SRIPERUMBUDUR,1094.0,13.23,0.38,17.34,160.25,0,12.03,0
JNPT_TO_BHIWANDI,67.55,0.92,1.56,36.62,106.51,0,0.99,0
BHIWANDI_TO_CHAKAN,156.03,1.93,1.79,29.16,54.82,0,1.94,0
JNPT_TO_BHIWANDI,67.55,0.92,0.78,59.76,50.13,0,0.83,0
BHIWANDI_TO_CHAKAN,156.03,1.93,1.76,19.89,136.6,0,1.88,0
JNPT_TO_CHAKAN,136.67,1.75,1.3,33.7,38.84,0,1.6,0
CHAKAN_TO_SRIPERUMBUDUR,1094.0,13.23,0.82,17.53,94.27,0,15.17,0
BHIWANDI_TO_CHAKAN,156.03,1.93,0.92,44.9,88.7,0,2.24,0
JNPT_TO_CHAKAN,136.67,1.75,0.61,44.03,42.25,0,1.92,0
CHAKAN_TO_SRIPERUMBUDUR,1094.0,13.23,7.59,43.36,182.67,0,13.25,0
CHAKAN_TO_SRIPERUMBUDUR,1094.0,13.23,0.04,47.81,210.49,0,13.0,0
MUNDRA_TO_BHIWANDI,872.85,11.64,1.88,52.69,18.76,0,13.48,0
CHAKAN_TO_SRIPERUMBUDUR,1094.0,13.23,0.32,25.24,84.72,0,15.08,0
BHIWANDI_TO_CHAKAN,156.03,1.93,4.96,49.25,112.73,0,2.07,0
JNPT_TO_BHIWANDI,67.55,0.92,0.09,29.66,32.17,0,0.99,0
JNPT_TO_BHIWANDI,67.55,0.92,0.27,49.04,184.51,0,0.91,0
BHIWANDI_TO_CHAKAN,156.03,1.93,0.17,28.6,109.79,0,2.04,0
BHIWANDI_TO_CHAKAN,156.03,1.93,1.96,14.67,36.51,0,1.89,0
CHAKAN_TO_SRIPERUMBUDUR,1094.0,13.23,1.41,36.88,139.52,0,15.28,0
MUNDRA_TO_BHIWANDI,872.85,11.64,0.04,44.0,61.59,0,10.82,0
JNPT_TO_BHIWANDI,67.55,0.92,1.02,46.38,31.64,0,0.93,0
JNPT_TO_BHIWANDI,67.55,0.92,0.8,53.93,11.88,0,1.0,0
MUNDRA_TO_BHIWANDI,872.85,11.64,1.45,26.41,186.87,0,10.88,0
JNPT_TO_CHAKAN,136.67,1.75,0.15,59.68,23.08,0,1.61,0
JNPT_TO_BHIWANDI,67.55,0.92,1.02,31.85,163.93,0,1.0,0
JNPT_TO_CHAKAN,136.67,1.75,0.26,23.42,6.9,0,1.77,0
MUNDRA_TO_BHIWANDI,872.85,11.64,1.15,25.24,5.37,0,11.95,0
JNPT_TO_BHIWANDI,67.55,0.92,0.01,10.98,195.33,0,1.04,0
JNPT_TO_CHAKAN,136.67,1.75,1.23,47.81,55.06,0,2.04,0
BHIWANDI_TO_CHAKAN,156.03,1.93,10.79,29.5,16.35,0,1.83,0
JNPT_TO_BHIWANDI,67.55,0.92,1.28,49.36,39.76,0,0.85,0
BHIWANDI_TO_CHAKAN,156.03,1.93,1.24,57.72,116.91,0,1.94,0
CHAKAN_TO_SRIPERUMBUDUR,1094.0,13.23,0.74,55.19,175.02,0,15.36,0
JNPT_TO_CHAKAN,136.67,1.75,0.25,27.65,150.28,0,1.66,0
JNPT_TO_CHAKAN,136.67,1.75,1.59,33.19,56.13,0,1.76,0
CHAKAN_TO_SRIPERUMBUDUR,1094.0,13.23,2.48,48.44,70.12,0,12.59,0
CHAKAN_TO_SRIPERUMBUDUR,1094.0,13.23,4.19,19.74,100.53,0,13.12,0
BHIWANDI_TO_CHAKAN,156.03,1.93,1.07,54.86,244.14,0,2.02,0
BHIWANDI_TO_CHAKAN,156.03,1.93,2.42,49.42,136.12,0,1.96,0
JNPT_TO_BHIWANDI,67.55,0.92,0.91,55.93,15.56,0,0.93,0
BHIWANDI_TO_CHAKAN,156.03,1.93,1.3,36.12,40.44,0,2.0,0
JNPT_TO_BHIWANDI,67.55,0.92,1.75,14.2,104.22,0,0.92,0
JNPT_TO_CHAKAN,136.67,1.75,4.58,35.93,243.28,0,1.59,0
MUNDRA_TO_BHIWANDI,872.85,11.64,0.3,38.38,12.01,0,11.91,0
BHIWANDI_TO_CHAKAN,156.03,1.93,0.79,46.97,227.05,0,2.04,0
MUNDRA_TO_BHIWANDI,872.85,11.64,1.37,46.95,117.79,0,13.88,0
MUNDRA_TO_BHIWANDI,872.85,11.64,0.61,34.88,3.06,0,13.54,0
JNPT_TO_CHAKAN,136.67,1.75,1.51,25.02,140.54,0,1.97,0
JNPT_TO_CHAKAN,136.67,1.75,0.61,53.19,37.74,0,1.97,0
CHAKAN_TO_SRIPERUMBUDUR,1094.0,13.23,0.62,56.27,71.49,0,13.83,0
JNPT_TO_CHAKAN,136.67,1.75,1.57,20.29,223.97,0,2.05,0
MUNDRA_TO_BHIWANDI,872.85,11.64,1.64,52.1,12.63,0,12.43,0
JNPT_TO_BHIWANDI,67.55,0.92,1.12,53.25,127.77,0,0.92,0
MUNDRA_TO_BHIWANDI,872.85,11.64,1.31,52.13,120.75,0,11.63,0
JNPT_TO_CHAKAN,136.67,1.75,1.55,41.0,8.62,0,2.09,0
BHIWANDI_TO_CHAKAN,156.03,1.93,1.58,35.79,7.72,0,2.05,0
JNPT_TO_BHIWANDI,67.55,0.92,0.84,18.57,60.59,0,0.87,0
MUNDRA_TO_BHIWANDI,872.85,11.64,0.93,51.91,5.69,0,12.76,0
JNPT_TO_CHAKAN,136.67,1.75,0.97,23.43,94.38,0,1.99,0
JNPT_TO_BHIWANDI,67.55,0.92,0.4,48.57,14.76,0,0.94,0
MUNDRA_TO_BHIWANDI,872.85,11.64,6.28,13.01,28.48,1,16.28,1
CHAKAN_TO_SRIPERUMBUDUR,1094.0,13.23,0.94,26.04,40.05,0,15.1,0
JNPT_TO_BHIWANDI,67.55,0.92,0.19,17.18,27.13,0,1.01,0
BHIWANDI_TO_CHAKAN,156.03,1.93,1.78,28.98,90.66,0,1.98,0
BHIWANDI_TO_CHAKAN,156.03,1.93,8.06,58.95,162.48,0,2.15,0
BHIWANDI_TO_CHAKAN,156.03,1.93,0.13,11.42,90.75,0,2.06,0
JNPT_TO_BHIWANDI,67.55,0.92,0.0,52.92,120.76,0,0.91,0
JNPT_TO_BHIWANDI,67.55,0.92,0.99,37.57,18.16,0,0.89,0
CHAKAN_TO_SRIPERUMBUDUR,1094.0,13.23,6.25,26.84,189.89,0,13.16,0
CHAKAN_TO_SRIPERUMBUDUR,1094.0,13.23,0.07,36.61,168.59,0,13.57,0
MUNDRA_TO_BHIWANDI,872.85,11.64,1.26,38.86,73.69,0,12.4,0
JNPT_TO_CHAKAN,136.67,1.75,0.65,26.7,26.3,0,1.74,0
JNPT_TO_BHIWANDI,67.55,0.92,1.2,37.98,28.03,0,0.96,0
JNPT_TO_CHAKAN,136.67,1.75,0.23,35.87,27.7,0,2.06,0
JNPT_TO_BHIWANDI,67.55,0.92,6.98,31.99,102.92,0,0.86,0
JNPT_TO_BHIWANDI,67.55,0.92,0.54,45.57,144.31,0,0.86,0
JNPT_TO_CHAKAN,136.67,1.75,0.97,49.62,137.66,0,1.77,0
JNPT_TO_CHAKAN,136.67,1.75,0.86,29.99,179.84,0,1.79,0
CHAKAN_TO_SRIPERUMBUDUR,1094.0,13.23,1.64,57.74,8.48,0,15.2,0
MUNDRA_TO_BHIWANDI,872.85,11.64,1.73,43.39,23.19,0,12.18,0
CHAKAN_TO_SRIPERUMBUDUR,1094.0,13.23,1.76,52.72,25.85,0,15.1,0
CHAKAN_TO_SRIPERUMBUDUR,1094.0,13.23,13.61,30.68,274.82,0,15.61,0
JNPT_TO_BHIWANDI,67.55,0.92,0.05,34.86,84.36,0,1.03,0
JNPT_TO_BHIWANDI,67.55,0.92,8.93,19.47,289.73,0,0.92,0
JNPT_TO_CHAKAN,136.67,1.75,0.59,42.13,18.8,0,2.04,0
BHIWANDI_TO_CHAKAN,156.03,1.93,1.49,34.2,30.64,0,1.98,0
CHAKAN_TO_SRIPERUMBUDUR,1094.0,13.23,2.81,14.25,904.93,0,15.18,0
JNPT_TO_CHAKAN,136.67,1.75,0.57,10.79,19.56,0,1.73,0
CHAKAN_TO_SRIPERUMBUDUR,1094.0,13.23,1.01,43.86,21.57,0,15.68,0
CHAKAN_TO_SRIPERUMBUDUR,1094.0,13.23,0.71,12.82,9.37,0,12.58,0
CHAKAN_TO_SRIPERUMBUDUR,1094.0,13.23,0.13,21.54,119.11,0,14.9,0
CHAKAN_TO_SRIPERUMBUDUR,1094.0,13.23,0.85,38.57,166.23,0,13.4,0
JNPT_TO_CHAKAN,136.67,1.75,1.92,54.5,166.51,0,1.61,0
BHIWANDI_TO_CHAKAN,156.03,1.93,0.31,46.35,65.91,0,1.82,0
CHAKAN_TO_SRIPERUMBUDUR,1094.0,13.23,16.79,21.33,7.69,0,14.29,0
MUNDRA_TO_BHIWANDI,872.85,11.64,0.13,39.88,190.7,0,12.98,0
JNPT_TO_CHAKAN,136.67,1.75,1.85,54.56,18.75,0,1.91,0
JNPT_TO_BHIWANDI,67.55,0.92,1.3,58.13,1.74,0,0.97,0
JNPT_TO_CHAKAN,136.67,1.75,0.73,54.84,172.39,1,5.01,1
JNPT_TO_BHIWANDI,67.55,0.92,1.76,20.14,64.92,0,0.95,0
CHAKAN_TO_SRIPERUMBUDUR,1094.0,13.23,1.25,25.5,0.73,0,14.86,0
MUNDRA_TO_BHIWANDI,872.85,11.64,1.23,47.85,173.52,0,13.65,0
JNPT_TO_CHAKAN,136.67,1.75,1.29,33.96,418.75,0,2.43,1
JNPT_TO_CHAKAN,136.67,1.75,5.44,10.39,66.63,0,1.94,0
JNPT_TO_BHIWANDI,67.55,0.92,2.36,37.65,101.9,0,1.07,0
JNPT_TO_CHAKAN,136.67,1.75,0.62,56.02,6.69,0,1.91,0
JNPT_TO_BHIWANDI,67.55,0.92,1.9,29.87,12.32,0,0.89,0
JNPT_TO_BHIWANDI,67.55,0.92,1.34,29.24,140.93,0,1.09,0
MUNDRA_TO_BHIWANDI,872.85,11.64,1.81,25.99,8.15,0,12.36,0
JNPT_TO_CHAKAN,136.67,1.75,4.2,37.66,18.41,0,1.59,0
CHAKAN_TO_SRIPERUMBUDUR,1094.0,13.23,0.36,59.09,92.72,0,13.21,0
JNPT_TO_CHAKAN,136.67,1.75,1.67,48.52,211.53,0,1.67,0
JNPT_TO_CHAKAN,136.67,1.75,0.14,27.44,12.65,0,1.62,0
JNPT_TO_BHIWANDI,67.55,0.92,1.11,42.13,25.13,0,1.07,0
JNPT_TO_BHIWANDI,67.55,0.92,1.01,26.93,67.43,0,0.89,0
BHIWANDI_TO_CHAKAN,156.03,1.93,1.11,37.67,143.36,0,2.16,0
JNPT_TO_BHIWANDI,67.55,0.92,1.23,36.19,26.41,0,0.94,0
JNPT_TO_BHIWANDI,67.55,0.92,1.61,20.18,18.7,0,0.88,0
JNPT_TO_BHIWANDI,67.55,0.92,0.57,19.26,314.52,0,1.17,1
CHAKAN_TO_SRIPERUMBUDUR,1094.0,13.23,1.22,24.12,74.77,0,14.17,0
BHIWANDI_TO_CHAKAN,156.03,1.93,0.88,14.54,3.03,0,1.9,0
JNPT_TO_CHAKAN,136.67,1.75,0.02,36.92,341.4,0,2.16,0
JNPT_TO_BHIWANDI,67.55,0.92,0.95,59.19,61.06,0,0.91,0
BHIWANDI_TO_CHAKAN,156.03,1.93,1.88,31.64,26.38,0,1.85,0
CHAKAN_TO_SRIPERUMBUDUR,1094.0,13.23,0.38,50.18,6.12,0,13.33,0
JNPT_TO_BHIWANDI,67.55,0.92,1.39,45.81,109.16,0,1.07,0
JNPT_TO_CHAKAN,136.67,1.75,1.51,16.09,25.16,0,1.62,0
MUNDRA_TO_BHIWANDI,872.85,11.64,1.53,37.33,62.71,0,11.39,0
MUNDRA_TO_BHIWANDI,872.85,11.64,1.0,34.92,466.0,0,12.48,0
MUNDRA_TO_BHIWANDI,872.85,11.64,0.07,10.31,170.11,0,12.3,0
CHAKAN_TO_SRIPERUMBUDUR,1094.0,13.23,1.89,18.42,33.93,0,14.48,0
CHAKAN_TO_SRIPERUMBUDUR,1094.0,13.23,0.43,53.47,1.51,0,13.81,0
JNPT_TO_BHIWANDI,67.55,0.92,1.22,20.12,240.75,0,1.05,0
MUNDRA_TO_BHIWANDI,872.85,11.64,1.82,31.49,370.37,0,10.95,0
CHAKAN_TO_SRIPERUMBUDUR,1094.0,13.23,1.08,57.88,330.12,0,12.79,0
MUNDRA_TO_BHIWANDI,872.85,11.64,1.68,58.71,3.14,0,13.0,0
CHAKAN_TO_SRIPERUMBUDUR,1094.0,13.23,1.17,30.15,8.08,0,12.89,0
JNPT_TO_CHAKAN,136.67,1.75,0.23,19.03,46.64,0,1.85,0
BHIWANDI_TO_CHAKAN,156.03,1.93,0.73,16.88,39.33,0,2.06,0
JNPT_TO_BHIWANDI,67.55,0.92,0.94,37.7,89.7,0,1.07,0
CHAKAN_TO_SRIPERUMBUDUR,1094.0,13.23,1.34,51.92,6.91,0,14.23,0
JNPT_TO_BHIWANDI,67.55,0.92,0.8,58.18,31.88,0,0.93,0
BHIWANDI_TO_CHAKAN,156.03,1.93,1.55,59.01,6.77,0,2.26,0
JNPT_TO_BHIWANDI,67.55,0.92,1.25,15.88,61.53,0,0.96,0
BHIWANDI_TO_CHAKAN,156.03,1.93,0.94,54.89,54.89,0,2.21,0
CHAKAN_TO_SRIPERUMBUDUR,1094.0,13.23,0.69,24.05,305.58,0,14.97,0
JNPT_TO_CHAKAN,136.67,1.75,1.46,24.15,168.83,0,1.84,0
JNPT_TO_CHAKAN,136.67,1.75,0.44,45.74,22.8,0,1.98,0
JNPT_TO_CHAKAN,136.67,1.75,5.84,54.14,422.63,0,2.04,0
BHIWANDI_TO_CHAKAN,156.03,1.93,1.52,24.72,216.62,0,2.19,0
JNPT_TO_BHIWANDI,67.55,0.92,1.83,54.8,31.12,0,0.84,0
BHIWANDI_TO_CHAKAN,156.03,1.93,0.07,25.07,85.51,0,1.83,0
MUNDRA_TO_BHIWANDI,872.85,11.64,1.27,30.95,75.69,0,11.82,0
JNPT_TO_CHAKAN,136.67,1.75,0.5,13.66,64.34,0,1.7,0
CHAKAN_TO_SRIPERUMBUDUR,1094.0,13.23,1.38,31.55,191.02,0,14.04,0
JNPT_TO_BHIWANDI,67.55,0.92,1.84,13.28,3.44,0,0.89,0
MUNDRA_TO_BHIWANDI,872.85,11.64,0.54,13.38,263.81,0,12.62,0
BHIWANDI_TO_CHAKAN,156.03,1.93,0.49,16.23,38.25,0,1.83,0
MUNDRA_TO_BHIWANDI,872.85,11.64,0.46,17.38,166.89,0,11.61,0
MUNDRA_TO_BHIWANDI,872.85,11.64,2.43,13.16,16.97,0,13.61,0
CHAKAN_TO_SRIPERUMBUDUR,1094.0,13.23,1.75,26.7,45.91,0,14.44,0
JNPT_TO_CHAKAN,136.67,1.75,0.53,28.06,114.11,0,2.04,0
JNPT_TO_BHIWANDI,67.55,0.92,0.03,16.63,15.57,0,0.85,0
JNPT_TO_BHIWANDI,67.55,0.92,4.96,30.32,330.36,0,1.4,1
JNPT_TO_BHIWANDI,67.55,0.92,1.69,59.86,35.99,0,1.01,0
JNPT_TO_BHIWANDI,67.55,0.92,1.19,31.93,114.11,0,1.0,0
MUNDRA_TO_BHIWANDI,872.85,11.64,1.4,29.13,6.82,0,13.91,0
BHIWANDI_TO_CHAKAN,156.03,1.93,0.61,53.29,64.63,0,2.01,0
JNPT_TO_CHAKAN,136.67,1.75,1.46,54.25,12.06,0,1.72,0
BHIWANDI_TO_CHAKAN,156.03,1.93,31.5,34.22,52.34,0,5.13,1
MUNDRA_TO_BHIWANDI,872.85,11.64,1.75,11.49,155.18,0,13.01,0
MUNDRA_TO_BHIWANDI,872.85,11.64,1.82,52.56,63.54,0,12.03,0
MUNDRA_TO_BHIWANDI,872.85,11.64,1.47,25.47,52.21,0,12.62,0
JNPT_TO_BHIWANDI,67.55,0.92,0.92,26.69,51.91,0,1.06,0
JNPT_TO_BHIWANDI,67.55,0.92,1.88,10.57,214.81,0,0.88,0
JNPT_TO_BHIWANDI,67.55,0.92,0.54,36.48,119.97,0,0.83,0
BHIWANDI_TO_CHAKAN,156.03,1.93,0.04,30.17,120.6,0,1.76,0
CHAKAN_TO_SRIPERUMBUDUR,1094.0,13.23,12.46,28.55,57.09,0,13.27,0
JNPT_TO_BHIWANDI,67.55,0.92,1.63,43.81,143.17,0,1.07,0
BHIWANDI_TO_CHAKAN,156.03,1.93,0.11,15.66,64.65,0,2.15,0
JNPT_TO_BHIWANDI,67.55,0.92,1.73,33.08,40.85,0,0.95,0
MUNDRA_TO_BHIWANDI,872.85,11.64,2.54,34.95,0.63,0,13.1,0
CHAKAN_TO_SRIPERUMBUDUR,1094.0,13.23,1.01,33.73,130.31,0,14.08,0
CHAKAN_TO_SRIPERUMBUDUR,1094.0,13.23,1.96,44.16,2.42,0,14.84,0
MUNDRA_TO_BHIWANDI,872.85,11.64,0.53,10.9,23.51,0,13.96,0
BHIWANDI_TO_CHAKAN,156.03,1.93,1.66,13.87,56.45,0,2.31,0
MUNDRA_TO_BHIWANDI,872.85,11.64,1.21,49.47,34.16,0,11.14,0
BHIWANDI_TO_CHAKAN,156.03,1.93,3.86,29.6,35.2,1,6.06,1
JNPT_TO_BHIWANDI,67.55,0.92,0.3,57.31,14.83,0,1.05,0
MUNDRA_TO_BHIWANDI,872.85,11.64,1.54,16.91,42.99,0,11.74,0
JNPT_TO_BHIWANDI,67.55,0.92,1.03,24.84,94.98,0,0.96,0
MUNDRA_TO_BHIWANDI,872.85,11.64,0.78,52.75,41.96,0,13.39,0
CHAKAN_TO_SRIPERUMBUDUR,1094.0,13.23,0.6,39.17,51.8,0,15.6,0
JNPT_TO_CHAKAN,136.67,1.75,1.51,17.68,55.01,0,1.97,0
CHAKAN_TO_SRIPERUMBUDUR,1094.0,13.23,0.05,37.19,101.07,0,13.37,0
JNPT_TO_BHIWANDI,67.55,0.92,1.26,57.94,123.34,0,0.87,0
JNPT_TO_BHIWANDI,67.55,0.92,0.83,13.46,13.66,0,1.04,0
JNPT_TO_BHIWANDI,67.55,0.92,0.39,43.23,404.1,0,1.25,1
CHAKAN_TO_SRIPERUMBUDUR,1094.0,13.23,1.8,14.64,97.49,0,14.89,0
MUNDRA_TO_BHIWANDI,872.85,11.64,5.44,46.0,82.19,0,10.68,0
BHIWANDI_TO_CHAKAN,156.03,1.93,0.53,15.9,28.54,0,2.2,0
MUNDRA_TO_BHIWANDI,872.85,11.64,0.66,53.88,23.94,0,12.71,0
JNPT_TO_CHAKAN,136.67,1.75,0.88,40.69,199.1,0,1.64,0
JNPT_TO_CHAKAN,136.67,1.75,0.43,17.86,198.17,0,1.62,0
JNPT_TO_CHAKAN,136.67,1.75,1.41,19.71,80.86,0,1.99,0
BHIWANDI_TO_CHAKAN,156.03,1.93,8.86,42.67,40.12,0,2.09,0
JNPT_TO_BHIWANDI,67.55,0.92,0.82,18.27,50.73,0,0.9,0
JNPT_TO_CHAKAN,136.67,1.75,1.97,26.42,177.91,0,1.61,0
CHAKAN_TO_SRIPERUMBUDUR,1094.0,13.23,0.63,32.74,15.38,0,13.23,0
BHIWANDI_TO_CHAKAN,156.03,1.93,1.52,55.38,148.82,0,1.83,0
CHAKAN_TO_SRIPERUMBUDUR,1094.0,13.23,0.73,46.18,185.38,0,15.52,0
BHIWANDI_TO_CHAKAN,156.03,1.93,0.67,28.83,17.54,0,2.19,0
JNPT_TO_BHIWANDI,67.55,0.92,1.28,31.92,66.5,0,0.91,0
JNPT_TO_CHAKAN,136.67,1.75,1.15,16.91,81.91,0,1.95,0
JNPT_TO_BHIWANDI,67.55,0.92,0.4,52.01,71.61,0,0.86,0
BHIWANDI_TO_CHAKAN,156.03,1.93,5.86,47.73,17.39,0,1.88,0
MUNDRA_TO_BHIWANDI,872.85,11.64,0.65,33.46,0.16,0,12.85,0
MUNDRA_TO_BHIWANDI,872.85,11.64,0.63,53.56,61.82,0,11.42,0
BHIWANDI_TO_CHAKAN,156.03,1.93,1.52,35.9,102.97,1,9.96,1
JNPT_TO_BHIWANDI,67.55,0.92,1.01,23.6,48.13,0,0.85,0
MUNDRA_TO_BHIWANDI,872.85,11.64,1.67,48.14,5.18,0,11.52,0
JNPT_TO_CHAKAN,136.67,1.75,0.29,35.22,6.39,0,1.79,0
MUNDRA_TO_BHIWANDI,872.85,11.64,0.09,20.0,70.31,0,13.34,0
BHIWANDI_TO_CHAKAN,156.03,1.93,1.32,18.99,295.45,0,1.86,0
BHIWANDI_TO_CHAKAN,156.03,1.93,0.27,37.51,19.82,0,1.89,0
MUNDRA_TO_BHIWANDI,872.85,11.64,0.72,26.98,17.6,0,13.64,0
CHAKAN_TO_SRIPERUMBUDUR,1094.0,13.23,4.86,51.62,134.23,0,14.29,0
JNPT_TO_CHAKAN,136.67,1.75,1.29,24.96,70.9,0,1.73,0
MUNDRA_TO_BHIWANDI,872.85,11.64,1.58,18.85,49.66,0,11.3,0
CHAKAN_TO_SRIPERUMBUDUR,1094.0,13.23,0.59,52.13,70.4,0,12.45,0
CHAKAN_TO_SRIPERUMBUDUR,1094.0,13.23,0.23,41.51,243.82,0,12.44,0
BHIWANDI_TO_CHAKAN,156.03,1.93,1.84,42.12,53.49,0,1.95,0
JNPT_TO_BHIWANDI,67.55,0.92,0.57,29.98,220.88,0,0.87,0
JNPT_TO_BHIWANDI,67.55,0.92,1.83,23.19,63.24,0,0.93,0
BHIWANDI_TO_CHAKAN,156.03,1.93,1.14,45.33,15.91,0,2.01,0
BHIWANDI_TO_CHAKAN,156.03,1.93,1.81,11.87,1.29,0,2.11,0
MUNDRA_TO_BHIWANDI,872.85,11.64,1.83,40.3,176.41,0,11.97,0
CHAKAN_TO_SRIPERUMBUDUR,1094.0,13.23,1.06,28.89,176.15,0,14.64,0
JNPT_TO_BHIWANDI,67.55,0.92,1.08,57.79,171.14,0,0.95,0
MUNDRA_TO_BHIWANDI,872.85,11.64,1.64,52.62,60.75,0,13.86,0
JNPT_TO_BHIWANDI,67.55,0.92,0.11,53.42,55.83,0,0.98,0
BHIWANDI_TO_CHAKAN,156.03,1.93,1.53,30.22,112.24,0,2.15,0
MUNDRA_TO_BHIWANDI,872.85,11.64,1.53,44.92,23.57,0,12.66,0
MUNDRA_TO_BHIWANDI,872.85,11.64,1.2,20.92,373.1,0,13.62,0
BHIWANDI_TO_CHAKAN,156.03,1.93,1.75,54.1,428.23,0,2.35,0
JNPT_TO_BHIWANDI,67.55,0.92,0.41,35.63,12.5,0,0.94,0
JNPT_TO_CHAKAN,136.67,1.75,0.68,18.36,19.93,0,1.71,0
JNPT_TO_BHIWANDI,67.55,0.92,3.4,19.4,264.33,0,0.94,0
CHAKAN_TO_SRIPERUMBUDUR,1094.0,13.23,0.11,47.68,247.58,0,14.77,0
JNPT_TO_CHAKAN,136.67,1.75,1.8,40.84,208.61,0,1.93,0
CHAKAN_TO_SRIPERUMBUDUR,1094.0,13.23,1.31,55.7,60.11,0,13.33,0
CHAKAN_TO_SRIPERUMBUDUR,1094.0,13.23,1.22,20.28,147.17,0,12.41,0
JNPT_TO_CHAKAN,136.67,1.75,1.52,11.26,16.85,0,2.08,0
CHAKAN_TO_SRIPERUMBUDUR,1094.0,13.23,0.66,55.74,159.97,0,13.02,0
BHIWANDI_TO_CHAKAN,156.03,1.93,7.55,18.65,417.11,0,2.5,1
BHIWANDI_TO_CHAKAN,156.03,1.93,0.1,50.29,157.18,0,2.29,0
JNPT_TO_BHIWANDI,67.55,0.92,0.38,58.65,291.05,0,0.91,0
CHAKAN_TO_SRIPERUMBUDUR,1094.0,13.23,1.9,18.8,76.32,0,12.89,0
JNPT_TO_CHAKAN,136.67,1.75,0.1,17.68,44.38,0,1.72,0
MUNDRA_TO_BHIWANDI,872.85,11.64,0.94,30.84,181.19,0,13.22,0
JNPT_TO_BHIWANDI,67.55,0.92,0.51,38.46,35.58,0,1.01,0
JNPT_TO_BHIWANDI,67.55,0.92,4.41,39.49,36.66,0,1.05,0
JNPT_TO_BHIWANDI,67.55,0.92,1.51,34.92,48.53,0,0.83,0
BHIWANDI_TO_CHAKAN,156.03,1.93,1.13,18.69,6.14,0,1.9,0
MUNDRA_TO_BHIWANDI,872.85,11.64,1.9,33.04,180.47,0,12.54,0
CHAKAN_TO_SRIPERUMBUDUR,1094.0,13.23,1.62,19.65,112.72,0,15.82,0
CHAKAN_TO_SRIPERUMBUDUR,1094.0,13.23,1.59,51.37,129.8,0,15.12,0
BHIWANDI_TO_CHAKAN,156.03,1.93,1.63,29.59,141.74,0,1.85,0
CHAKAN_TO_SRIPERUMBUDUR,1094.0,13.23,0.19,34.36,32.68,0,13.92,0
BHIWANDI_TO_CHAKAN,156.03,1.93,0.92,51.02,84.25,0,1.83,0
MUNDRA_TO_BHIWANDI,872.85,11.64,1.08,23.78,143.39,0,12.32,0
MUNDRA_TO_BHIWANDI,872.85,11.64,1.7,13.91,99.23,0,10.86,0
JNPT_TO_CHAKAN,136.67,1.75,0.44,26.59,17.36,0,1.97,0
BHIWANDI_TO_CHAKAN,156.03,1.93,0.88,41.27,57.06,0,1.83,0
MUNDRA_TO_BHIWANDI,872.85,11.64,5.3,50.34,46.09,0,12.01,0
JNPT_TO_BHIWANDI,67.55,0.92,0.93,13.28,250.44,0,0.91,0
MUNDRA_TO_BHIWANDI,872.85,11.64,1.61,59.3,20.1,0,11.9,0
JNPT_TO_BHIWANDI,67.55,0.92,0.65,57.53,24.83,0,0.94,0
JNPT_TO_CHAKAN,136.67,1.75,1.39,44.22,6.28,0,1.61,0
JNPT_TO_BHIWANDI,67.55,0.92,0.04,56.04,231.17,0,0.85,0
BHIWANDI_TO_CHAKAN,156.03,1.93,1.43,16.87,12.43,0,1.91,0
CHAKAN_TO_SRIPERUMBUDUR,1094.0,13.23,1.01,18.09,9.74,0,13.88,0
JNPT_TO_CHAKAN,136.67,1.75,1.22,23.28,9.19,0,1.73,0
JNPT_TO_BHIWANDI,67.55,0.92,1.24,29.56,109.16,0,0.87,0
BHIWANDI_TO_CHAKAN,156.03,1.93,0.77,28.03,154.32,0,1.81,0
BHIWANDI_TO_CHAKAN,156.03,1.93,8.67,49.21,6.02,0,1.76,0
BHIWANDI_TO_CHAKAN,156.03,1.93,22.39,53.31,154.4,0,4.06,1
MUNDRA_TO_BHIWANDI,872.85,11.64,0.97,17.04,70.38,0,10.98,0
BHIWANDI_TO_CHAKAN,156.03,1.93,1.01,13.04,34.66,0,2.18,0
CHAKAN_TO_SRIPERUMBUDUR,1094.0,13.23,0.11,16.41,230.4,0,13.56,0
JNPT_TO_BHIWANDI,67.55,0.92,0.95,36.76,27.88,0,1.01,0
JNPT_TO_BHIWANDI,67.55,0.92,1.67,12.02,656.52,0,1.63,1
JNPT_TO_BHIWANDI,67.55,0.92,1.9,28.8,58.89,0,1.09,0
CHAKAN_TO_SRIPERUMBUDUR,1094.0,13.23,1.2,51.69,3.99,0,12.09,0
JNPT_TO_BHIWANDI,67.55,0.92,0.25,41.7,12.08,0,0.98,0
BHIWANDI_TO_CHAKAN,156.03,1.93,0.87,58.98,85.98,0,2.08,0
JNPT_TO_CHAKAN,136.67,1.75,1.78,37.58,77.43,0,1.63,0
JNPT_TO_CHAKAN,136.67,1.75,0.15,35.09,82.72,0,1.58,0
CHAKAN_TO_SRIPERUMBUDUR,1094.0,13.23,1.95,25.45,417.01,0,13.41,0
JNPT_TO_CHAKAN,136.67,1.75,0.58,42.55,95.4,0,1.74,0
CHAKAN_TO_SRIPERUMBUDUR,1094.0,13.23,1.4,57.45,55.25,0,15.84,0
BHIWANDI_TO_CHAKAN,156.03,1.93,1.04,42.72,45.53,0,2.07,0
JNPT_TO_BHIWANDI,67.55,0.92,1.7,19.03,27.08,0,1.01,0
JNPT_TO_CHAKAN,136.67,1.75,1.14,54.29,90.02,0,1.79,0
MUNDRA_TO_BHIWANDI,872.85,11.64,0.08,29.72,94.43,0,11.43,0
MUNDRA_TO_BHIWANDI,872.85,11.64,1.29,40.32,152.87,0,11.28,0
CHAKAN_TO_SRIPERUMBUDUR,1094.0,13.23,7.64,17.08,30.56,0,15.04,0
MUNDRA_TO_BHIWANDI,872.85,11.64,0.17,37.82,8.22,0,10.84,0
JNPT_TO_CHAKAN,136.67,1.75,1.83,58.86,28.87,0,1.98,0
BHIWANDI_TO_CHAKAN,156.03,1.93,1.42,39.66,8.98,0,1.77,0
BHIWANDI_TO_CHAKAN,156.03,1.93,1.28,10.21,270.37,0,2.21,0
MUNDRA_TO_BHIWANDI,872.85,11.64,1.36,10.17,411.11,0,11.61,0
MUNDRA_TO_BHIWANDI,872.85,11.64,1.33,57.13,5.64,0,10.99,0
MUNDRA_TO_BHIWANDI,872.85,11.64,3.38,21.8,320.73,0,11.27,0
JNPT_TO_BHIWANDI,67.55,0.92,1.59,42.42,75.94,1,4.13,1
MUNDRA_TO_BHIWANDI,872.85,11.64,1.03,34.82,70.69,0,11.55,0
JNPT_TO_BHIWANDI,67.55,0.92,0.3,45.28,25.61,0,0.98,0
MUNDRA_TO_BHIWANDI,872.85,11.64,1.49,24.24,40.13,0,12.77,0
MUNDRA_TO_BHIWANDI,872.85,11.64,1.72,28.27,11.07,0,11.32,0
BHIWANDI_TO_CHAKAN,156.03,1.93,1.8,16.83,15.71,0,2.31,0
JNPT_TO_CHAKAN,136.67,1.75,1.43,28.29,131.36,0,2.07,0
MUNDRA_TO_BHIWANDI,872.85,11.64,1.75,59.05,62.2,0,10.64,0
JNPT_TO_CHAKAN,136.67,1.75,1.67,21.21,94.26,0,1.79,0
BHIWANDI_TO_CHAKAN,156.03,1.93,0.88,55.19,230.67,0,2.13,0
JNPT_TO_BHIWANDI,67.55,0.92,0.5,49.89,431.87,0,1.36,1
MUNDRA_TO_BHIWANDI,872.85,11.64,0.64,26.17,210.28,0,12.66,0
BHIWANDI_TO_CHAKAN,156.03,1.93,1.81,35.07,20.88,0,1.93,0
JNPT_TO_CHAKAN,136.67,1.75,0.32,38.13,17.82,0,1.82,0
JNPT_TO_CHAKAN,136.67,1.75,3.34,49.15,201.94,0,1.89,0
JNPT_TO_BHIWANDI,67.55,0.92,0.02,51.8,345.61,0,1.18,1
CHAKAN_TO_SRIPERUMBUDUR,1094.0,13.23,1.36,29.7,180.42,0,13.58,0
JNPT_TO_BHIWANDI,67.55,0.92,0.22,39.06,133.88,0,1.08,0
JNPT_TO_BHIWANDI,67.55,0.92,0.11,27.93,19.14,0,0.93,0
JNPT_TO_CHAKAN,136.67,1.75,0.76,19.9,45.08,0,1.6,0
JNPT_TO_CHAKAN,136.67,1.75,0.21,51.78,468.56,0,2.41,1
CHAKAN_TO_SRIPERUMBUDUR,1094.0,13.23,1.27,23.73,148.99,0,13.64,0
MUNDRA_TO_BHIWANDI,872.85,11.64,0.36,36.5,478.73,0,11.49,0
MUNDRA_TO_BHIWANDI,872.85,11.64,1.2,38.9,69.62,0,11.71,0
CHAKAN_TO_SRIPERUMBUDUR,1094.0,13.23,0.72,15.34,0.69,0,13.64,0
BHIWANDI_TO_CHAKAN,156.03,1.93,0.86,37.48,101.88,0,2.15,0
MUNDRA_TO_BHIWANDI,872.85,11.64,0.57,17.7,55.69,0,11.02,0
JNPT_TO_BHIWANDI,67.55,0.92,0.9,28.51,162.22,0,1.07,0
CHAKAN_TO_SRIPERUMBUDUR,1094.0,13.23,0.57,19.62,4.63,0,12.48,0
MUNDRA_TO_BHIWANDI,872.85,11.64,0.82,26.73,63.81,0,13.3,0
CHAKAN_TO_SRIPERUMBUDUR,1094.0,13.23,0.07,20.96,90.67,0,14.82,0
CHAKAN_TO_SRIPERUMBUDUR,1094.0,13.23,0.15,20.96,22.04,0,14.82,0
JNPT_TO_BHIWANDI,67.55,0.92,4.16,57.01,14.5,0,0.85,0
BHIWANDI_TO_CHAKAN,156.03,1.93,0.89,58.63,75.82,0,1.87,0
CHAKAN_TO_SRIPERUMBUDUR,1094.0,13.23,1.0,58.19,139.31,0,14.42,0
JNPT_TO_BHIWANDI,67.55,0.92,1.7,44.28,21.77,0,0.87,0
JNPT_TO_CHAKAN,136.67,1.75,1.27,59.89,5.23,0,2.03,0
JNPT_TO_BHIWANDI,67.55,0.92,1.01,46.5,139.8,0,0.93,0
JNPT_TO_BHIWANDI,67.55,0.92,0.16,59.78,299.46,0,1.02,0
CHAKAN_TO_SRIPERUMBUDUR,1094.0,13.23,0.25,44.27,150.76,0,15.39,0
JNPT_TO_CHAKAN,136.67,1.75,5.25,39.92,156.05,0,1.8,0
MUNDRA_TO_BHIWANDI,872.85,11.64,1.55,26.99,328.96,0,11.77,0
JNPT_TO_BHIWANDI,67.55,0.92,1.68,17.41,76.73,0,1.07,0
MUNDRA_TO_BHIWANDI,872.85,11.64,1.56,36.54,28.34,0,13.05,0
JNPT_TO_BHIWANDI,67.55,0.92,1.22,51.34,3.59,0,0.85,0
MUNDRA_TO_BHIWANDI,872.85,11.64,1.05,52.23,58.35,0,13.37,0
JNPT_TO_CHAKAN,136.67,1.75,0.47,19.63,395.05,0,2.0,0
BHIWANDI_TO_CHAKAN,156.03,1.93,5.69,43.33,78.38,0,1.95,0
JNPT_TO_CHAKAN,136.67,1.75,0.41,11.44,232.19,0,1.82,0
JNPT_TO_BHIWANDI,67.55,0.92,1.38,17.61,11.82,0,0.84,0
CHAKAN_TO_SRIPERUMBUDUR,1094.0,13.23,0.58,24.34,159.22,0,12.39,0
JNPT_TO_CHAKAN,136.67,1.75,1.93,58.4,350.37,0,2.08,0
JNPT_TO_BHIWANDI,67.55,0.92,0.43,35.07,38.13,0,0.96,0
MUNDRA_TO_BHIWANDI,872.85,11.64,1.95,35.27,31.74,0,10.67,0
JNPT_TO_CHAKAN,136.67,1.75,1.52,31.51,116.91,0,2.09,0
JNPT_TO_BHIWANDI,67.55,0.92,1.14,25.48,283.3,0,0.92,0
BHIWANDI_TO_CHAKAN,156.03,1.93,0.62,40.31,117.08,0,1.83,0
JNPT_TO_CHAKAN,136.67,1.75,2.34,47.26,96.08,0,1.91,0
BHIWANDI_TO_CHAKAN,156.03,1.93,0.65,25.91,10.87,0,1.76,0
BHIWANDI_TO_CHAKAN,156.03,1.93,0.31,48.21,84.08,0,2.13,0
BHIWANDI_TO_CHAKAN,156.03,1.93,0.74,37.47,53.86,0,1.78,0
CHAKAN_TO_SRIPERUMBUDUR,1094.0,13.23,0.09,37.77,63.43,0,13.42,0
CHAKAN_TO_SRIPERUMBUDUR,1094.0,13.23,0.62,12.1,79.52,0,15.43,0
JNPT_TO_BHIWANDI,67.55,0.92,0.84,40.0,95.03,0,0.86,0
BHIWANDI_TO_CHAKAN,156.03,1.93,0.92,10.55,9.77,0,2.21,0
CHAKAN_TO_SRIPERUMBUDUR,1094.0,13.23,1.99,53.66,19.35,0,12.93,0
MUNDRA_TO_BHIWANDI,872.85,11.64,2.34,24.23,11.36,0,12.06,0
CHAKAN_TO_SRIPERUMBUDUR,1094.0,13.23,1.93,14.27,564.5,0,14.18,0
MUNDRA_TO_BHIWANDI,872.85,11.64,1.91,24.66,221.87,0,12.53,0
JNPT_TO_CHAKAN,136.67,1.75,0.76,24.92,22.14,0,1.89,0
MUNDRA_TO_BHIWANDI,872.85,11.64,0.3,41.93,47.27,0,13.69,0
MUNDRA_TO_BHIWANDI,872.85,11.64,0.83,55.92,18.49,0,10.54,0
JNPT_TO_BHIWANDI,67.55,0.92,1.98,13.37,159.52,0,0.98,0
BHIWANDI_TO_CHAKAN,156.03,1.93,1.26,59.39,20.21,0,2.12,0
BHIWANDI_TO_CHAKAN,156.03,1.93,8.89,45.17,340.72,0,2.32,0
JNPT_TO_BHIWANDI,67.55,0.92,1.5,11.85,60.53,0,0.88,0
CHAKAN_TO_SRIPERUMBUDUR,1094.0,13.23,6.31,35.32,276.75,0,15.73,0
BHIWANDI_TO_CHAKAN,156.03,1.93,1.38,40.05,232.75,0,1.78,0
JNPT_TO_CHAKAN,136.67,1.75,5.47,27.72,5.05,0,2.07,0
JNPT_TO_BHIWANDI,67.55,0.92,1.78,53.7,179.81,0,0.93,0
CHAKAN_TO_SRIPERUMBUDUR,1094.0,13.23,1.02,21.13,70.16,0,12.77,0
CHAKAN_TO_SRIPERUMBUDUR,1094.0,13.23,0.13,55.1,255.68,0,14.69,0
CHAKAN_TO_SRIPERUMBUDUR,1094.0,13.23,1.53,16.65,152.28,0,13.35,0
CHAKAN_TO_SRIPERUMBUDUR,1094.0,13.23,3.86,34.58,41.37,0,15.45,0
CHAKAN_TO_SRIPERUMBUDUR,1094.0,13.23,0.81,29.04,118.78,0,15.86,0
BHIWANDI_TO_CHAKAN,156.03,1.93,0.56,40.08,128.75,0,2.23,0
CHAKAN_TO_SRIPERUMBUDUR,1094.0,13.23,1.97,37.04,362.52,0,14.77,0
JNPT_TO_BHIWANDI,67.55,0.92,0.58,37.24,40.99,0,0.84,0
CHAKAN_TO_SRIPERUMBUDUR,1094.0,13.23,0.14,51.1,95.88,0,12.95,0
MUNDRA_TO_BHIWANDI,872.85,11.64,1.66,13.71,221.51,0,11.0,0
CHAKAN_TO_SRIPERUMBUDUR,1094.0,13.23,1.38,13.97,149.55,0,13.17,0
JNPT_TO_CHAKAN,136.67,1.75,1.79,34.48,17.66,0,1.96,0
MUNDRA_TO_BHIWANDI,872.85,11.64,0.04,43.84,0.86,0,13.02,0
MUNDRA_TO_BHIWANDI,872.85,11.64,0.23,55.98,218.2,0,12.28,0
MUNDRA_TO_BHIWANDI,872.85,11.64,1.21,37.66,0.18,0,13.2,0
JNPT_TO_BHIWANDI,67.55,0.92,1.61,16.66,50.4,0,1.1,0
MUNDRA_TO_BHIWANDI,872.85,11.64,0.92,29.4,15.25,0,10.66,0
BHIWANDI_TO_CHAKAN,156.03,1.93,1.96,21.79,8.51,0,2.27,0
MUNDRA_TO_BHIWANDI,872.85,11.64,0.77,29.01,147.04,0,13.07,0
BHIWANDI_TO_CHAKAN,156.03,1.93,1.62,54.86,141.15,0,1.85,0
CHAKAN_TO_SRIPERUMBUDUR,1094.0,13.23,2.0,10.36,115.0,0,15.57,0
CHAKAN_TO_SRIPERUMBUDUR,1094.0,13.23,6.08,19.39,240.33,0,12.46,0
BHIWANDI_TO_CHAKAN,156.03,1.93,0.42,16.28,29.02,0,2.24,0
JNPT_TO_BHIWANDI,67.55,0.92,0.18,51.38,32.31,0,0.83,0
MUNDRA_TO_BHIWANDI,872.85,11.64,0.73,58.22,11.11,0,10.64,0
MUNDRA_TO_BHIWANDI,872.85,11.64,3.41,41.3,237.48,0,11.79,0
CHAKAN_TO_SRIPERUMBUDUR,1094.0,13.23,1.76,56.97,10.38,0,14.1,0
CHAKAN_TO_SRIPERUMBUDUR,1094.0,13.23,0.79,20.29,50.26,0,13.93,0
CHAKAN_TO_SRIPERUMBUDUR,1094.0,13.23,1.28,24.4,43.0,0,12.41,0
JNPT_TO_BHIWANDI,67.55,0.92,0.64,49.65,263.41,0,1.08,0
MUNDRA_TO_BHIWANDI,872.85,11.64,1.21,11.67,232.86,0,11.36,0
MUNDRA_TO_BHIWANDI,872.85,11.64,1.37,57.02,415.66,0,13.92,0
JNPT_TO_BHIWANDI,67.55,0.92,0.53,51.84,108.17,0,1.1,0
BHIWANDI_TO_CHAKAN,156.03,1.93,1.69,34.91,14.75,0,2.24,0
MUNDRA_TO_BHIWANDI,872.85,11.64,0.02,11.34,67.38,0,12.64,0
CHAKAN_TO_SRIPERUMBUDUR,1094.0,13.23,3.63,32.5,1.78,0,14.27,0
JNPT_TO_BHIWANDI,67.55,0.92,0.93,27.63,64.86,0,0.86,0
JNPT_TO_CHAKAN,136.67,1.75,1.48,31.59,125.05,0,1.58,0
BHIWANDI_TO_CHAKAN,156.03,1.93,1.55,47.0,452.11,0,2.42,1
JNPT_TO_BHIWANDI,67.55,0.92,1.18,55.95,36.46,0,0.84,0
MUNDRA_TO_BHIWANDI,872.85,11.64,0.58,15.55,14.93,0,11.98,0
BHIWANDI_TO_CHAKAN,156.03,1.93,0.61,15.71,20.61,0,1.82,0
BHIWANDI_TO_CHAKAN,156.03,1.93,1.4,25.19,139.51,0,2.24,0
MUNDRA_TO_BHIWANDI,872.85,11.64,1.57,23.5,142.76,0,11.06,0
CHAKAN_TO_SRIPERUMBUDUR,1094.0,13.23,1.26,39.88,43.53,0,12.41,0
JNPT_TO_BHIWANDI,67.55,0.92,1.35,48.1,204.88,0,0.92,0
JNPT_TO_CHAKAN,136.67,1.75,1.5,43.59,123.84,0,1.63,0
MUNDRA_TO_BHIWANDI,872.85,11.64,1.28,17.89,174.63,0,13.78,0
MUNDRA_TO_BHIWANDI,872.85,11.64,0.89,28.68,3.73,0,13.33,0
JNPT_TO_BHIWANDI,67.55,0.92,1.09,58.91,8.32,0,1.05,0
BHIWANDI_TO_CHAKAN,156.03,1.93,0.04,33.12,37.8,0,2.28,0
JNPT_TO_CHAKAN,136.67,1.75,1.03,46.28,73.31,0,2.06,0
MUNDRA_TO_BHIWANDI,872.85,11.64,1.72,26.21,89.08,0,11.37,0
BHIWANDI_TO_CHAKAN,156.03,1.93,1.5,44.55,49.13,0,1.76,0
MUNDRA_TO_BHIWANDI,872.85,11.64,1.43,18.19,42.33,0,11.13,0
JNPT_TO_CHAKAN,136.67,1.75,0.52,50.48,11.34,0,2.03,0
CHAKAN_TO_SRIPERUMBUDUR,1094.0,13.23,1.35,15.71,34.84,0,14.47,0
BHIWANDI_TO_CHAKAN,156.03,1.93,1.04,40.29,46.8,0,2.23,0
CHAKAN_TO_SRIPERUMBUDUR,1094.0,13.23,0.1,19.34,37.59,0,15.25,0
BHIWANDI_TO_CHAKAN,156.03,1.93,0.54,57.46,4.38,1,7.69,1
JNPT_TO_CHAKAN,136.67,1.75,0.19,41.64,4.41,0,1.62,0
JNPT_TO_BHIWANDI,67.55,0.92,1.89,24.23,248.48,0,1.03,0
BHIWANDI_TO_CHAKAN,156.03,1.93,0.73,18.6,185.75,0,2.18,0
MUNDRA_TO_BHIWANDI,872.85,11.64,4.34,36.74,141.18,0,13.04,0
MUNDRA_TO_BHIWANDI,872.85,11.64,14.37,15.67,207.38,0,11.08,0
MUNDRA_TO_BHIWANDI,872.85,11.64,1.96,54.03,34.45,0,11.14,0
BHIWANDI_TO_CHAKAN,156.03,1.93,1.77,27.86,89.94,0,2.19,0
JNPT_TO_CHAKAN,136.67,1.75,0.31,44.92,43.59,0,1.82,0
MUNDRA_TO_BHIWANDI,872.85,11.64,1.7,20.92,43.67,0,13.8,0
BHIWANDI_TO_CHAKAN,156.03,1.93,0.62,59.06,140.83,0,1.91,0
BHIWANDI_TO_CHAKAN,156.03,1.93,0.1,24.88,1.51,0,1.96,0
BHIWANDI_TO_CHAKAN,156.03,1.93,0.13,48.07,340.0,0,2.16,0
JNPT_TO_CHAKAN,136.67,1.75,0.69,21.26,27.03,0,1.8,0
MUNDRA_TO_BHIWANDI,872.85,11.64,1.59,15.76,2.87,0,11.89,0
MUNDRA_TO_BHIWANDI,872.85,11.64,1.13,43.35,313.92,0,10.94,0
BHIWANDI_TO_CHAKAN,156.03,1.93,1.53,17.22,14.04,0,2.06,0
CHAKAN_TO_SRIPERUMBUDUR,1094.0,13.23,0.45,17.46,37.26,1,22.12,1
MUNDRA_TO_BHIWANDI,872.85,11.64,0.42,38.52,60.1,0,12.55,0
CHAKAN_TO_SRIPERUMBUDUR,1094.0,13.23,1.58,10.34,104.84,0,12.94,0
BHIWANDI_TO_CHAKAN,156.03,1.93,0.8,59.41,98.68,0,1.77,0
BHIWANDI_TO_CHAKAN,156.03,1.93,0.43,51.73,0.11,0,2.09,0
BHIWANDI_TO_CHAKAN,156.03,1.93,0.78,15.88,48.76,0,2.11,0
BHIWANDI_TO_CHAKAN,156.03,1.93,0.58,35.19,68.47,0,1.74,0
JNPT_TO_BHIWANDI,67.55,0.92,1.51,35.97,32.64,0,0.85,0
JNPT_TO_CHAKAN,136.67,1.75,1.62,52.63,35.24,0,1.72,0
CHAKAN_TO_SRIPERUMBUDUR,1094.0,13.23,1.88,18.81,85.22,0,14.61,0
JNPT_TO_CHAKAN,136.67,1.75,1.06,32.11,30.68,0,1.92,0
JNPT_TO_CHAKAN,136.67,1.75,0.28,46.77,57.95,0,1.66,0
BHIWANDI_TO_CHAKAN,156.03,1.93,0.37,51.67,3.1,0,2.31,0
MUNDRA_TO_BHIWANDI,872.85,11.64,1.91,25.13,102.32,0,13.56,0
CHAKAN_TO_SRIPERUMBUDUR,1094.0,13.23,1.77,15.2,269.79,0,12.88,0
MUNDRA_TO_BHIWANDI,872.85,11.64,1.36,24.45,117.0,0,12.97,0
MUNDRA_TO_BHIWANDI,872.85,11.64,0.03,51.28,335.12,0,13.64,0
CHAKAN_TO_SRIPERUMBUDUR,1094.0,13.23,0.45,54.82,29.46,0,12.72,0
JNPT_TO_BHIWANDI,67.55,0.92,0.68,53.56,88.71,0,0.86,0
JNPT_TO_CHAKAN,136.67,1.75,4.24,40.43,40.48,0,1.93,0
CHAKAN_TO_SRIPERUMBUDUR,1094.0,13.23,0.88,52.45,278.76,0,12.53,0
JNPT_TO_CHAKAN,136.67,1.75,1.22,30.46,36.05,0,1.82,0
CHAKAN_TO_SRIPERUMBUDUR,1094.0,13.23,1.51,37.43,2.53,0,14.2,0
CHAKAN_TO_SRIPERUMBUDUR,1094.0,13.23,1.24,56.96,62.43,0,15.44,0
CHAKAN_TO_SRIPERUMBUDUR,1094.0,13.23,0.67,40.6,196.78,0,15.0,0
CHAKAN_TO_SRIPERUMBUDUR,1094.0,13.23,0.97,36.03,174.17,0,15.41,0
BHIWANDI_TO_CHAKAN,156.03,1.93,1.52,25.51,0.92,0,1.9,0
MUNDRA_TO_BHIWANDI,872.85,11.64,1.99,27.99,7.83,0,13.24,0
JNPT_TO_BHIWANDI,67.55,0.92,0.7,39.39,15.24,0,1.05,0
BHIWANDI_TO_CHAKAN,156.03,1.93,2.61,56.99,114.2,0,2.16,0
JNPT_TO_BHIWANDI,67.55,0.92,5.04,19.86,159.68,0,1.02,0
BHIWANDI_TO_CHAKAN,156.03,1.93,6.15,57.83,41.13,0,1.8,0
BHIWANDI_TO_CHAKAN,156.03,1.93,0.42,53.12,23.04,0,1.96,0
JNPT_TO_CHAKAN,136.67,1.75,0.15,53.57,204.13,0,1.76,0
JNPT_TO_BHIWANDI,67.55,0.92,1.73,30.89,73.69,0,0.99,0
JNPT_TO_CHAKAN,136.67,1.75,0.93,46.26,35.94,0,1.73,0
MUNDRA_TO_BHIWANDI,872.85,11.64,0.86,20.9,9.22,0,12.03,0
BHIWANDI_TO_CHAKAN,156.03,1.93,1.03,35.74,58.46,0,2.06,0
MUNDRA_TO_BHIWANDI,872.85,11.64,5.32,24.99,128.88,0,11.38,0
JNPT_TO_BHIWANDI,67.55,0.92,0.64,32.1,102.99,0,0.84,0
BHIWANDI_TO_CHAKAN,156.03,1.93,8.97,49.01,110.19,0,2.05,0
CHAKAN_TO_SRIPERUMBUDUR,1094.0,13.23,0.01,49.34,201.89,0,13.25,0
CHAKAN_TO_SRIPERUMBUDUR,1094.0,13.23,5.6,47.99,12.01,0,14.65,0
JNPT_TO_CHAKAN,136.67,1.75,1.94,53.77,33.89,0,1.67,0
CHAKAN_TO_SRIPERUMBUDUR,1094.0,13.23,3.1,28.39,205.39,0,13.25,0
MUNDRA_TO_BHIWANDI,872.85,11.64,3.7,38.16,11.56,0,13.29,0
MUNDRA_TO_BHIWANDI,872.85,11.64,0.97,53.29,17.22,0,12.42,0
MUNDRA_TO_BHIWANDI,872.85,11.64,1.94,27.51,36.66,0,13.78,0
JNPT_TO_BHIWANDI,67.55,0.92,0.68,16.84,44.74,0,0.92,0
BHIWANDI_TO_CHAKAN,156.03,1.93,0.52,57.24,16.26,0,2.09,0
CHAKAN_TO_SRIPERUMBUDUR,1094.0,13.23,1.88,39.47,524.95,0,13.6,0
BHIWANDI_TO_CHAKAN,156.03,1.93,1.59,27.51,23.63,0,1.75,0
JNPT_TO_BHIWANDI,67.55,0.92,3.58,10.65,44.07,0,0.95,0
MUNDRA_TO_BHIWANDI,872.85,11.64,0.32,47.98,46.81,0,11.26,0
JNPT_TO_BHIWANDI,67.55,0.92,1.48,16.44,11.05,0,0.91,0
JNPT_TO_CHAKAN,136.67,1.75,1.99,25.95,105.21,0,1.97,0
BHIWANDI_TO_CHAKAN,156.03,1.93,8.99,18.67,49.29,0,1.83,0
JNPT_TO_CHAKAN,136.67,1.75,0.31,18.99,80.73,0,1.65,0
JNPT_TO_BHIWANDI,67.55,0.92,1.69,51.5,292.18,0,0.87,0
BHIWANDI_TO_CHAKAN,156.03,1.93,0.42,50.52,81.75,0,2.04,0
JNPT_TO_CHAKAN,136.67,1.75,0.63,58.47,124.57,0,1.73,0
CHAKAN_TO_SRIPERUMBUDUR,1094.0,13.23,1.19,33.87,5.81,1,20.91,1
CHAKAN_TO_SRIPERUMBUDUR,1094.0,13.23,1.71,40.43,400.06,0,15.04,0
CHAKAN_TO_SRIPERUMBUDUR,1094.0,13.23,8.52,47.28,188.42,0,13.8,0
JNPT_TO_BHIWANDI,67.55,0.92,0.87,44.77,33.98,0,0.91,0
MUNDRA_TO_BHIWANDI,872.85,11.64,1.0,20.26,86.98,0,10.83,0
BHIWANDI_TO_CHAKAN,156.03,1.93,1.98,56.04,30.17,0,2.0,0
JNPT_TO_CHAKAN,136.67,1.75,0.01,45.51,25.17,0,1.63,0
MUNDRA_TO_BHIWANDI,872.85,11.64,0.06,52.77,46.72,0,11.17,0
BHIWANDI_TO_CHAKAN,156.03,1.93,0.48,50.74,115.67,0,1.9,0
CHAKAN_TO_SRIPERUMBUDUR,1094.0,13.23,9.09,15.4,35.62,0,12.58,0
CHAKAN_TO_SRIPERUMBUDUR,1094.0,13.23,1.43,34.77,40.04,0,12.25,0
MUNDRA_TO_BHIWANDI,872.85,11.64,1.18,23.26,338.5,0,13.28,0
JNPT_TO_BHIWANDI,67.55,0.92,1.92,33.32,39.91,0,0.9,0
BHIWANDI_TO_CHAKAN,156.03,1.93,0.54,28.04,284.64,0,2.03,0
BHIWANDI_TO_CHAKAN,156.03,1.93,1.87,40.27,303.94,0,2.24,0
CHAKAN_TO_SRIPERUMBUDUR,1094.0,13.23,0.5,10.87,67.47,0,12.66,0
MUNDRA_TO_BHIWANDI,872.85,11.64,3.89,39.8,311.18,0,11.53,0
MUNDRA_TO_BHIWANDI,872.85,11.64,1.92,49.01,225.85,0,13.85,0
MUNDRA_TO_BHIWANDI,872.85,11.64,7.15,24.7,81.51,0,10.75,0
BHIWANDI_TO_CHAKAN,156.03,1.93,1.59,46.01,20.4,0,1.75,0
BHIWANDI_TO_CHAKAN,156.03,1.93,1.8,41.71,85.0,0,2.1,0
MUNDRA_TO_BHIWANDI,872.85,11.64,0.51,49.5,192.97,0,12.66,0
CHAKAN_TO_SRIPERUMBUDUR,1094.0,13.23,1.04,32.0,76.47,0,12.72,0
BHIWANDI_TO_CHAKAN,156.03,1.93,6.07,30.64,62.61,0,2.14,0
JNPT_TO_BHIWANDI,67.55,0.92,0.17,29.37,24.2,0,1.08,0
CHAKAN_TO_SRIPERUMBUDUR,1094.0,13.23,3.89,23.41,30.57,0,15.02,0
JNPT_TO_BHIWANDI,67.55,0.92,1.07,38.29,90.36,0,1.1,0
JNPT_TO_CHAKAN,136.67,1.75,1.21,19.28,98.04,0,1.97,0
JNPT_TO_BHIWANDI,67.55,0.92,0.83,19.19,33.83,0,0.92,0
JNPT_TO_CHAKAN,136.67,1.75,0.96,43.87,48.85,0,1.68,0
JNPT_TO_CHAKAN,136.67,1.75,1.81,31.67,279.76,0,1.61,0
MUNDRA_TO_BHIWANDI,872.85,11.64,1.44,32.71,89.25,0,10.84,0
CHAKAN_TO_SRIPERUMBUDUR,1094.0,13.23,9.08,41.95,76.42,0,11.94,0
JNPT_TO_CHAKAN,136.67,1.75,1.62,33.62,163.02,0,1.9,0
JNPT_TO_BHIWANDI,67.55,0.92,1.83,22.42,150.17,0,1.05,0
CHAKAN_TO_SRIPERUMBUDUR,1094.0,13.23,8.7,46.24,2.12,0,15.17,0
JNPT_TO_CHAKAN,136.67,1.75,0.61,20.89,55.44,0,1.77,0
MUNDRA_TO_BHIWANDI,872.85,11.64,1.84,55.13,70.43,0,11.16,0
CHAKAN_TO_SRIPERUMBUDUR,1094.0,13.23,0.11,58.49,2.15,0,13.22,0
MUNDRA_TO_BHIWANDI,872.85,11.64,1.1,49.44,31.53,0,13.32,0
CHAKAN_TO_SRIPERUMBUDUR,1094.0,13.23,0.04,29.16,49.61,0,13.77,0
BHIWANDI_TO_CHAKAN,156.03,1.93,0.83,24.05,15.77,0,2.31,0
BHIWANDI_TO_CHAKAN,156.03,1.93,1.45,28.01,81.4,0,1.85,0
CHAKAN_TO_SRIPERUMBUDUR,1094.0,13.23,0.83,29.05,32.82,0,14.61,0
JNPT_TO_BHIWANDI,67.55,0.92,0.26,41.51,61.27,0,1.02,0
BHIWANDI_TO_CHAKAN,156.03,1.93,1.06,45.89,22.1,0,2.11,0
CHAKAN_TO_SRIPERUMBUDUR,1094.0,13.23,0.66,56.29,27.83,0,13.56,0
CHAKAN_TO_SRIPERUMBUDUR,1094.0,13.23,0.33,36.59,182.48,0,13.27,0
BHIWANDI_TO_CHAKAN,156.03,1.93,4.93,30.98,14.89,0,1.76,0
BHIWANDI_TO_CHAKAN,156.03,1.93,0.05,40.67,99.75,0,1.83,0
CHAKAN_TO_SRIPERUMBUDUR,1094.0,13.23,1.66,39.77,87.62,0,14.71,0
CHAKAN_TO_SRIPERUMBUDUR,1094.0,13.23,0.78,42.95,14.9,0,15.48,0
JNPT_TO_CHAKAN,136.67,1.75,8.33,56.15,29.96,0,1.81,0
JNPT_TO_CHAKAN,136.67,1.75,1.53,21.56,179.8,0,1.61,0
BHIWANDI_TO_CHAKAN,156.03,1.93,0.89,20.57,42.27,0,1.78,0
MUNDRA_TO_BHIWANDI,872.85,11.64,1.82,17.73,82.76,0,11.55,0
MUNDRA_TO_BHIWANDI,872.85,11.64,0.16,18.17,65.13,0,11.13,0
JNPT_TO_BHIWANDI,67.55,0.92,0.2,48.37,458.3,0,1.47,1
BHIWANDI_TO_CHAKAN,156.03,1.93,1.66,56.74,427.36,0,2.3,0
MUNDRA_TO_BHIWANDI,872.85,11.64,0.8,45.36,141.01,0,12.77,0
BHIWANDI_TO_CHAKAN,156.03,1.93,1.29,34.03,132.48,0,2.08,0
BHIWANDI_TO_CHAKAN,156.03,1.93,0.36,22.36,119.57,0,1.91,0
MUNDRA_TO_BHIWANDI,872.85,11.64,1.05,19.95,22.62,0,11.32,0
CHAKAN_TO_SRIPERUMBUDUR,1094.0,13.23,0.7,29.13,304.0,0,14.25,0
CHAKAN_TO_SRIPERUMBUDUR,1094.0,13.23,1.51,23.43,64.87,0,15.26,0
JNPT_TO_BHIWANDI,67.55,0.92,10.88,55.98,0.68,0,0.93,0
JNPT_TO_BHIWANDI,67.55,0.92,0.9,22.52,84.56,0,0.88,0
MUNDRA_TO_BHIWANDI,872.85,11.64,1.03,57.92,167.31,0,11.8,0
JNPT_TO_CHAKAN,136.67,1.75,1.2,40.96,96.13,0,1.8,0
JNPT_TO_CHAKAN,136.67,1.75,1.99,39.81,336.11,0,2.25,1
JNPT_TO_BHIWANDI,67.55,0.92,1.92,52.27,127.91,0,1.09,0
JNPT_TO_BHIWANDI,67.55,0.92,0.63,58.5,194.92,0,1.06,0
JNPT_TO_BHIWANDI,67.55,0.92,0.51,21.69,9.43,0,1.04,0
MUNDRA_TO_BHIWANDI,872.85,11.64,1.17,36.37,113.93,0,12.56,0
CHAKAN_TO_SRIPERUMBUDUR,1094.0,13.23,0.69,54.28,141.4,0,15.64,0
JNPT_TO_BHIWANDI,67.55,0.92,10.1,56.7,60.33,0,0.88,0
MUNDRA_TO_BHIWANDI,872.85,11.64,0.7,46.2,69.73,0,11.83,0
BHIWANDI_TO_CHAKAN,156.03,1.93,1.77,54.87,109.58,0,1.99,0
MUNDRA_TO_BHIWANDI,872.85,11.64,5.35,16.2,189.94,0,12.08,0
JNPT_TO_CHAKAN,136.67,1.75,0.46,33.02,50.09,0,1.7,0
MUNDRA_TO_BHIWANDI,872.85,11.64,12.13,53.24,32.14,0,10.79,0
CHAKAN_TO_SRIPERUMBUDUR,1094.0,13.23,1.06,19.55,17.16,0,13.07,0
BHIWANDI_TO_CHAKAN,156.03,1.93,5.52,48.16,48.04,0,2.23,0
BHIWANDI_TO_CHAKAN,156.03,1.93,0.61,29.88,17.11,0,2.27,0
MUNDRA_TO_BHIWANDI,872.85,11.64,0.62,26.31,20.35,0,13.88,0
MUNDRA_TO_BHIWANDI,872.85,11.64,0.44,13.22,272.98,0,13.56,0
BHIWANDI_TO_CHAKAN,156.03,1.93,0.61,29.94,153.31,0,2.13,0
JNPT_TO_BHIWANDI,67.55,0.92,1.5,51.11,330.45,0,1.24,1
JNPT_TO_BHIWANDI,67.55,0.92,2.31,56.85,37.59,0,0.9,0
JNPT_TO_CHAKAN,136.67,1.75,0.29,15.32,30.75,0,1.78,0
BHIWANDI_TO_CHAKAN,156.03,1.93,0.61,12.06,38.4,0,2.29,0
BHIWANDI_TO_CHAKAN,156.03,1.93,1.98,30.52,5.03,0,2.18,0
BHIWANDI_TO_CHAKAN,156.03,1.93,1.14,49.89,262.45,0,1.91,0
CHAKAN_TO_SRIPERUMBUDUR,1094.0,13.23,0.75,13.04,116.07,0,13.03,0
JNPT_TO_CHAKAN,136.67,1.75,0.67,21.0,28.64,0,2.05,0
JNPT_TO_BHIWANDI,67.55,0.92,1.75,17.56,24.86,0,0.97,0
JNPT_TO_CHAKAN,136.67,1.75,0.84,36.16,86.86,0,1.77,0
BHIWANDI_TO_CHAKAN,156.03,1.93,1.11,26.44,91.05,0,1.8,0
MUNDRA_TO_BHIWANDI,872.85,11.64,9.66,32.22,169.58,0,13.82,0
MUNDRA_TO_BHIWANDI,872.85,11.64,0.26,10.11,38.23,0,11.22,0
BHIWANDI_TO_CHAKAN,156.03,1.93,4.74,20.36,84.94,0,1.91,0
MUNDRA_TO_BHIWANDI,872.85,11.64,0.35,59.79,6.38,0,13.73,0
MUNDRA_TO_BHIWANDI,872.85,11.64,1.56,31.11,202.83,0,12.22,0
CHAKAN_TO_SRIPERUMBUDUR,1094.0,13.23,1.51,59.11,77.84,0,13.25,0
CHAKAN_TO_SRIPERUMBUDUR,1094.0,13.23,0.28,42.33,110.11,0,14.46,0
JNPT_TO_BHIWANDI,67.55,0.92,0.69,19.55,24.12,0,1.03,0
BHIWANDI_TO_CHAKAN,156.03,1.93,1.62,56.02,44.39,0,1.79,0
MUNDRA_TO_BHIWANDI,872.85,11.64,0.81,51.72,278.01,0,13.51,0
BHIWANDI_TO_CHAKAN,156.03,1.93,1.35,33.91,34.47,0,2.06,0
CHAKAN_TO_SRIPERUMBUDUR,1094.0,13.23,1.52,32.7,156.56,0,12.71,0
MUNDRA_TO_BHIWANDI,872.85,11.64,0.26,19.81,3.89,0,10.49,0
JNPT_TO_CHAKAN,136.67,1.75,0.5,53.53,89.71,0,1.69,0
JNPT_TO_CHAKAN,136.67,1.75,0.07,48.63,65.67,0,1.75,0
BHIWANDI_TO_CHAKAN,156.03,1.93,1.29,28.67,377.55,0,2.16,0
JNPT_TO_CHAKAN,136.67,1.75,1.06,28.51,43.14,0,1.67,0
BHIWANDI_TO_CHAKAN,156.03,1.93,0.67,38.09,213.18,0,2.13,0
MUNDRA_TO_BHIWANDI,872.85,11.64,1.92,59.21,17.71,0,13.63,0
JNPT_TO_CHAKAN,136.67,1.75,0.56,33.66,94.65,0,1.84,0
JNPT_TO_CHAKAN,136.67,1.75,3.38,58.97,34.06,0,1.82,0
CHAKAN_TO_SRIPERUMBUDUR,1094.0,13.23,0.61,35.25,185.69,0,12.12,0
JNPT_TO_BHIWANDI,67.55,0.92,0.4,54.36,137.82,0,0.98,0
JNPT_TO_CHAKAN,136.67,1.75,1.01,39.73,129.7,0,2.07,0
MUNDRA_TO_BHIWANDI,872.85,11.64,0.46,53.95,66.16,0,12.25,0
JNPT_TO_BHIWANDI,67.55,0.92,1.2,54.24,48.29,0,0.9,0
CHAKAN_TO_SRIPERUMBUDUR,1094.0,13.23,0.9,34.28,61.71,0,13.92,0
BHIWANDI_TO_CHAKAN,156.03,1.93,0.41,19.87,182.72,0,1.84,0
JNPT_TO_BHIWANDI,67.55,0.92,3.72,52.59,17.22,0,1.1,0
CHAKAN_TO_SRIPERUMBUDUR,1094.0,13.23,4.05,18.71,2.83,0,13.65,0
CHAKAN_TO_SRIPERUMBUDUR,1094.0,13.23,1.9,58.19,5.95,0,12.37,0
CHAKAN_TO_SRIPERUMBUDUR,1094.0,13.23,1.0,51.26,18.73,0,12.17,0
JNPT_TO_CHAKAN,136.67,1.75,0.72,55.37,261.38,0,1.77,0
MUNDRA_TO_BHIWANDI,872.85,11.64,1.22,10.99,81.57,0,10.66,0
MUNDRA_TO_BHIWANDI,872.85,11.64,1.41,14.95,78.15,0,12.16,0
MUNDRA_TO_BHIWANDI,872.85,11.64,3.76,59.73,31.16,0,13.88,0
CHAKAN_TO_SRIPERUMBUDUR,1094.0,13.23,0.74,18.08,93.89,0,13.17,0
BHIWANDI_TO_CHAKAN,156.03,1.93,1.19,58.46,129.44,0,2.21,0
JNPT_TO_BHIWANDI,67.55,0.92,0.63,41.71,60.63,0,1.04,0
JNPT_TO_BHIWANDI,67.55,0.92,1.58,17.37,59.13,0,0.85,0
JNPT_TO_CHAKAN,136.67,1.75,1.94,51.36,70.83,0,1.71,0
JNPT_TO_CHAKAN,136.67,1.75,1.08,40.23,22.62,0,1.76,0
JNPT_TO_CHAKAN,136.67,1.75,0.38,48.79,28.88,0,1.93,0
CHAKAN_TO_SRIPERUMBUDUR,1094.0,13.23,1.16,12.72,84.09,0,14.12,0
MUNDRA_TO_BHIWANDI,872.85,11.64,0.93,29.58,73.67,0,12.66,0
JNPT_TO_CHAKAN,136.67,1.75,1.85,54.21,17.86,0,2.06,0
CHAKAN_TO_SRIPERUMBUDUR,1094.0,13.23,0.11,30.29,62.85,0,12.96,0
BHIWANDI_TO_CHAKAN,156.03,1.93,1.45,56.86,74.74,0,1.78,0
JNPT_TO_BHIWANDI,67.55,0.92,1.35,51.9,0.96,0,1.01,0
MUNDRA_TO_BHIWANDI,872.85,11.64,0.9,46.53,97.38,0,11.28,0
JNPT_TO_CHAKAN,136.67,1.75,1.64,28.61,180.08,0,2.1,0
CHAKAN_TO_SRIPERUMBUDUR,1094.0,13.23,0.69,55.98,24.39,0,13.98,0
MUNDRA_TO_BHIWANDI,872.85,11.64,0.0,12.19,182.3,0,11.21,0
BHIWANDI_TO_CHAKAN,156.03,1.93,1.36,56.12,130.11,0,1.81,0
MUNDRA_TO_BHIWANDI,872.85,11.64,1.25,51.11,442.67,0,13.4,0
CHAKAN_TO_SRIPERUMBUDUR,1094.0,13.23,0.07,22.7,212.4,1,21.92,1
JNPT_TO_BHIWANDI,67.55,0.92,1.2,52.41,23.24,0,1.05,0
BHIWANDI_TO_CHAKAN,156.03,1.93,16.23,59.43,41.91,0,3.8,1
JNPT_TO_BHIWANDI,67.55,0.92,4.57,16.15,56.39,0,0.92,0
JNPT_TO_BHIWANDI,67.55,0.92,0.89,51.59,28.24,0,0.89,0
JNPT_TO_CHAKAN,136.67,1.75,0.63,28.96,598.05,0,2.42,1
CHAKAN_TO_SRIPERUMBUDUR,1094.0,13.23,1.92,18.67,282.93,0,13.18,0
JNPT_TO_BHIWANDI,67.55,0.92,1.9,12.88,158.2,0,1.09,0
MUNDRA_TO_BHIWANDI,872.85,11.64,5.62,45.27,92.48,0,12.47,0
JNPT_TO_BHIWANDI,67.55,0.92,0.66,25.87,19.1,0,0.99,0
CHAKAN_TO_SRIPERUMBUDUR,1094.0,13.23,1.64,52.93,63.81,0,15.82,0
CHAKAN_TO_SRIPERUMBUDUR,1094.0,13.23,0.84,44.2,157.0,0,13.46,0
MUNDRA_TO_BHIWANDI,872.85,11.64,0.88,56.22,108.69,0,12.2,0
CHAKAN_TO_SRIPERUMBUDUR,1094.0,13.23,1.28,37.59,190.12,0,15.75,0
BHIWANDI_TO_CHAKAN,156.03,1.93,1.83,36.23,405.29,0,2.25,0
JNPT_TO_CHAKAN,136.67,1.75,1.74,33.71,4.27,0,1.84,0
BHIWANDI_TO_CHAKAN,156.03,1.93,3.0,57.91,50.0,0,1.82,0
MUNDRA_TO_BHIWANDI,872.85,11.64,1.95,18.19,176.05,0,10.64,0
BHIWANDI_TO_CHAKAN,156.03,1.93,1.2,59.51,2.32,0,1.94,0
JNPT_TO_CHAKAN,136.67,1.75,1.53,38.04,133.27,0,1.71,0
BHIWANDI_TO_CHAKAN,156.03,1.93,0.97,16.29,71.28,0,2.13,0
JNPT_TO_BHIWANDI,67.55,0.92,1.67,27.3,285.29,0,1.08,0
JNPT_TO_CHAKAN,136.67,1.75,0.94,59.8,110.61,0,2.1,0
CHAKAN_TO_SRIPERUMBUDUR,1094.0,13.23,0.34,27.51,39.48,0,12.13,0
MUNDRA_TO_BHIWANDI,872.85,11.64,0.72,28.25,33.03,0,13.63,0
CHAKAN_TO_SRIPERUMBUDUR,1094.0,13.23,10.35,56.46,19.98,0,13.29,0
MUNDRA_TO_BHIWANDI,872.85,11.64,0.16,31.4,2.54,0,12.47,0
JNPT_TO_CHAKAN,136.67,1.75,1.48,29.09,65.62,0,1.72,0
BHIWANDI_TO_CHAKAN,156.03,1.93,1.25,59.07,102.82,0,2.04,0
CHAKAN_TO_SRIPERUMBUDUR,1094.0,13.23,11.49,44.75,180.12,0,15.81,0
CHAKAN_TO_SRIPERUMBUDUR,1094.0,13.23,4.39,27.45,209.28,0,14.58,0
JNPT_TO_BHIWANDI,67.55,0.92,10.78,42.43,360.99,1,8.59,1
JNPT_TO_CHAKAN,136.67,1.75,0.89,17.91,63.0,0,1.72,0
CHAKAN_TO_SRIPERUMBUDUR,1094.0,13.23,1.62,34.1,118.17,0,13.78,0
BHIWANDI_TO_CHAKAN,156.03,1.93,0.29,22.93,2.76,0,2.22,0
BHIWANDI_TO_CHAKAN,156.03,1.93,0.19,16.3,12.07,0,1.79,0
JNPT_TO_CHAKAN,136.67,1.75,1.0,22.45,90.72,0,1.74,0
JNPT_TO_CHAKAN,136.67,1.75,0.84,59.97,13.4,0,1.95,0
BHIWANDI_TO_CHAKAN,156.03,1.93,1.42,53.5,205.37,0,2.21,0
JNPT_TO_BHIWANDI,67.55,0.92,0.35,35.38,37.86,0,1.07,0
CHAKAN_TO_SRIPERUMBUDUR,1094.0,13.23,1.72,21.04,186.51,0,14.68,0
JNPT_TO_CHAKAN,136.67,1.75,1.43,54.93,112.91,0,1.59,0
CHAKAN_TO_SRIPERUMBUDUR,1094.0,13.23,0.08,42.05,3.47,0,14.67,0
JNPT_TO_CHAKAN,136.67,1.75,1.57,59.34,41.65,0,1.68,0
JNPT_TO_CHAKAN,136.67,1.75,6.26,10.19,0.01,0,1.67,0
MUNDRA_TO_BHIWANDI,872.85,11.64,9.72,28.13,109.19,0,12.77,0
CHAKAN_TO_SRIPERUMBUDUR,1094.0,13.23,0.48,23.04,20.08,0,15.38,0
BHIWANDI_TO_CHAKAN,156.03,1.93,1.94,50.08,86.08,0,2.23,0
BHIWANDI_TO_CHAKAN,156.03,1.93,1.18,28.68,284.04,0,2.21,0
JNPT_TO_CHAKAN,136.67,1.75,7.21,49.7,49.77,0,1.7,0
MUNDRA_TO_BHIWANDI,872.85,11.64,0.9,59.96,33.32,0,10.68,0
BHIWANDI_TO_CHAKAN,156.03,1.93,1.24,28.21,85.86,0,2.1,0
BHIWANDI_TO_CHAKAN,156.03,1.93,0.94,42.08,23.83,0,1.78,0
JNPT_TO_BHIWANDI,67.55,0.92,1.09,57.88,226.7,0,1.0,0
CHAKAN_TO_SRIPERUMBUDUR,1094.0,13.23,1.65,32.65,82.96,0,11.95,0
MUNDRA_TO_BHIWANDI,872.85,11.64,1.87,32.8,574.79,0,12.22,0
JNPT_TO_BHIWANDI,67.55,0.92,1.06,31.85,19.86,0,0.87,0
BHIWANDI_TO_CHAKAN,156.03,1.93,1.33,56.62,95.07,1,9.55,1
BHIWANDI_TO_CHAKAN,156.03,1.93,8.47,39.81,64.34,0,2.11,0
JNPT_TO_BHIWANDI,67.55,0.92,0.31,56.1,177.0,0,0.96,0
CHAKAN_TO_SRIPERUMBUDUR,1094.0,13.23,1.34,43.45,314.31,0,16.01,0
JNPT_TO_BHIWANDI,67.55,0.92,1.66,54.31,59.96,0,1.02,0
CHAKAN_TO_SRIPERUMBUDUR,1094.0,13.23,1.9,40.43,8.42,0,14.7,0
MUNDRA_TO_BHIWANDI,872.85,11.64,1.47,31.56,33.88,0,12.96,0
MUNDRA_TO_BHIWANDI,872.85,11.64,1.01,35.41,240.03,0,11.25,0
BHIWANDI_TO_CHAKAN,156.03,1.93,1.27,21.8,85.08,0,1.98,0
JNPT_TO_CHAKAN,136.67,1.75,1.25,36.38,67.75,0,1.8,0
JNPT_TO_BHIWANDI,67.55,0.92,0.7,35.83,1.82,0,1.01,0
CHAKAN_TO_SRIPERUMBUDUR,1094.0,13.23,1.16,50.73,70.36,0,12.87,0
BHIWANDI_TO_CHAKAN,156.03,1.93,12.97,21.22,119.27,0,2.18,0
CHAKAN_TO_SRIPERUMBUDUR,1094.0,13.23,9.55,43.87,8.11,0,15.45,0
CHAKAN_TO_SRIPERUMBUDUR,1094.0,13.23,1.09,52.55,16.98,0,14.82,0
MUNDRA_TO_BHIWANDI,872.85,11.64,0.02,15.74,108.36,0,11.61,0
JNPT_TO_CHAKAN,136.67,1.75,2.89,28.45,50.46,0,1.61,0
CHAKAN_TO_SRIPERUMBUDUR,1094.0,13.23,1.82,52.12,29.44,0,14.02,0
JNPT_TO_CHAKAN,136.67,1.75,1.13,39.8,50.6,0,1.98,0
CHAKAN_TO_SRIPERUMBUDUR,1094.0,13.23,1.35,12.54,50.58,0,12.59,0
JNPT_TO_BHIWANDI,67.55,0.92,0.4,32.02,98.97,1,5.56,1
CHAKAN_TO_SRIPERUMBUDUR,1094.0,13.23,1.55,25.53,89.95,0,12.86,0
BHIWANDI_TO_CHAKAN,156.03,1.93,37.78,45.6,46.47,0,5.98,1
BHIWANDI_TO_CHAKAN,156.03,1.93,9.09,56.34,18.03,0,2.06,0
CHAKAN_TO_SRIPERUMBUDUR,1094.0,13.23,0.99,45.18,210.6,0,13.72,0
JNPT_TO_CHAKAN,136.67,1.75,0.54,14.91,120.6,0,1.67,0
MUNDRA_TO_BHIWANDI,872.85,11.64,1.32,28.49,169.9,0,10.5,0
JNPT_TO_CHAKAN,136.67,1.75,0.56,50.74,118.61,0,2.09,0
JNPT_TO_BHIWANDI,67.55,0.92,0.47,22.46,212.63,0,1.03,0
BHIWANDI_TO_CHAKAN,156.03,1.93,1.29,30.91,69.2,0,2.12,0
JNPT_TO_BHIWANDI,67.55,0.92,0.57,53.46,102.93,0,0.93,0
MUNDRA_TO_BHIWANDI,872.85,11.64,0.77,17.95,59.98,0,10.89,0
BHIWANDI_TO_CHAKAN,156.03,1.93,0.03,35.16,120.15,0,1.9,0
CHAKAN_TO_SRIPERUMBUDUR,1094.0,13.23,0.1,46.45,72.66,0,14.24,0
JNPT_TO_CHAKAN,136.67,1.75,1.59,31.78,5.41,0,1.92,0
JNPT_TO_BHIWANDI,67.55,0.92,1.18,46.95,29.48,0,0.91,0
JNPT_TO_CHAKAN,136.67,1.75,0.96,51.29,201.52,0,1.99,0
MUNDRA_TO_BHIWANDI,872.85,11.64,1.03,44.98,91.35,0,13.22,0
JNPT_TO_BHIWANDI,67.55,0.92,6.66,29.86,234.66,0,1.1,0
BHIWANDI_TO_CHAKAN,156.03,1.93,0.58,14.66,56.06,0,2.21,0
JNPT_TO_CHAKAN,136.67,1.75,4.12,58.94,55.1,0,1.62,0
MUNDRA_TO_BHIWANDI,872.85,11.64,1.91,24.87,12.52,0,11.46,0
MUNDRA_TO_BHIWANDI,872.85,11.64,1.08,30.96,47.52,0,13.2,0
MUNDRA_TO_BHIWANDI,872.85,11.64,0.62,11.95,33.41,0,11.3,0
JNPT_TO_BHIWANDI,67.55,0.92,1.6,52.53,68.83,0,0.9,0
MUNDRA_TO_BHIWANDI,872.85,11.64,1.06,14.38,13.97,0,11.34,0
JNPT_TO_BHIWANDI,67.55,0.92,1.75,17.83,24.08,0,0.95,0
MUNDRA_TO_BHIWANDI,872.85,11.64,1.93,30.81,27.61,0,12.57,0
MUNDRA_TO_BHIWANDI,872.85,11.64,1.57,27.2,92.45,0,12.29,0
JNPT_TO_BHIWANDI,67.55,0.92,0.21,38.16,199.41,0,0.94,0
MUNDRA_TO_BHIWANDI,872.85,11.64,1.35,11.07,111.41,0,11.4,0
BHIWANDI_TO_CHAKAN,156.03,1.93,1.45,59.45,111.99,0,1.99,0
BHIWANDI_TO_CHAKAN,156.03,1.93,1.05,23.06,22.87,0,1.79,0
BHIWANDI_TO_CHAKAN,156.03,1.93,1.45,55.79,48.38,0,1.85,0
JNPT_TO_BHIWANDI,67.55,0.92,1.15,36.86,155.02,0,1.04,0
CHAKAN_TO_SRIPERUMBUDUR,1094.0,13.23,0.53,55.49,61.1,0,15.86,0
MUNDRA_TO_BHIWANDI,872.85,11.64,0.41,31.43,44.8,0,11.17,0
CHAKAN_TO_SRIPERUMBUDUR,1094.0,13.23,1.2,49.85,25.17,0,13.82,0
BHIWANDI_TO_CHAKAN,156.03,1.93,1.45,37.48,90.74,0,1.89,0
JNPT_TO_BHIWANDI,67.55,0.92,2.3,25.82,88.38,0,1.1,0
BHIWANDI_TO_CHAKAN,156.03,1.93,1.84,27.32,21.48,0,1.8,0
JNPT_TO_CHAKAN,136.67,1.75,1.03,52.58,66.08,0,1.77,0
BHIWANDI_TO_CHAKAN,156.03,1.93,0.97,30.14,37.21,0,1.82,0
JNPT_TO_BHIWANDI,67.55,0.92,0.29,28.63,13.64,0,0.88,0
MUNDRA_TO_BHIWANDI,872.85,11.64,0.67,28.78,32.29,0,12.65,0
JNPT_TO_CHAKAN,136.67,1.75,1.9,59.02,43.78,0,2.04,0
BHIWANDI_TO_CHAKAN,156.03,1.93,0.35,21.64,145.38,0,2.13,0
CHAKAN_TO_SRIPERUMBUDUR,1094.0,13.23,0.8,44.27,39.32,0,13.46,0
MUNDRA_TO_BHIWANDI,872.85,11.64,1.95,17.94,195.2,0,13.65,0
JNPT_TO_BHIWANDI,67.55,0.92,0.6,32.97,200.66,0,0.95,0
CHAKAN_TO_SRIPERUMBUDUR,1094.0,13.23,0.56,49.38,114.47,0,14.46,0
CHAKAN_TO_SRIPERUMBUDUR,1094.0,13.23,1.38,49.2,94.8,0,15.67,0
BHIWANDI_TO_CHAKAN,156.03,1.93,0.14,49.56,49.46,0,1.81,0
JNPT_TO_CHAKAN,136.67,1.75,0.85,10.92,203.94,0,1.76,0
MUNDRA_TO_BHIWANDI,872.85,11.64,0.07,47.32,44.74,0,11.74,0
JNPT_TO_BHIWANDI,67.55,0.92,0.35,22.12,156.32,0,1.0,0
JNPT_TO_BHIWANDI,67.55,0.92,11.74,45.45,317.41,0,1.17,1
CHAKAN_TO_SRIPERUMBUDUR,1094.0,13.23,0.75,34.35,13.11,0,12.25,0
JNPT_TO_BHIWANDI,67.55,0.92,1.49,39.6,369.76,0,1.44,1
BHIWANDI_TO_CHAKAN,156.03,1.93,0.21,19.34,32.61,0,2.07,0
CHAKAN_TO_SRIPERUMBUDUR,1094.0,13.23,1.64,56.54,113.61,0,13.98,0
JNPT_TO_CHAKAN,136.67,1.75,1.09,34.61,94.18,0,2.01,0
CHAKAN_TO_SRIPERUMBUDUR,1094.0,13.23,1.69,41.4,40.45,0,12.58,0
JNPT_TO_BHIWANDI,67.55,0.92,8.62,37.91,229.16,0,0.88,0
MUNDRA_TO_BHIWANDI,872.85,11.64,1.23,57.24,515.62,0,11.65,0
CHAKAN_TO_SRIPERUMBUDUR,1094.0,13.23,0.41,36.35,181.07,0,14.49,0
MUNDRA_TO_BHIWANDI,872.85,11.64,1.25,34.58,26.23,1,16.56,1
MUNDRA_TO_BHIWANDI,872.85,11.64,0.78,51.08,204.07,0,12.56,0
MUNDRA_TO_BHIWANDI,872.85,11.64,1.86,30.42,94.86,0,11.31,0
CHAKAN_TO_SRIPERUMBUDUR,1094.0,13.23,1.36,19.47,112.94,0,12.27,0
CHAKAN_TO_SRIPERUMBUDUR,1094.0,13.23,0.66,21.12,2.93,0,13.34,0
CHAKAN_TO_SRIPERUMBUDUR,1094.0,13.23,11.63,47.68,52.5,0,12.88,0
BHIWANDI_TO_CHAKAN,156.03,1.93,1.33,58.87,14.41,0,2.06,0
CHAKAN_TO_SRIPERUMBUDUR,1094.0,13.23,1.4,32.97,144.05,0,15.43,0
BHIWANDI_TO_CHAKAN,156.03,1.93,1.54,22.24,22.55,0,1.92,0
JNPT_TO_CHAKAN,136.67,1.75,1.77,51.64,43.05,0,1.72,0
BHIWANDI_TO_CHAKAN,156.03,1.93,1.94,40.99,119.33,0,1.77,0
BHIWANDI_TO_CHAKAN,156.03,1.93,1.61,45.48,7.38,0,2.14,0
MUNDRA_TO_BHIWANDI,872.85,11.64,0.31,56.46,416.11,0,11.16,0
CHAKAN_TO_SRIPERUMBUDUR,1094.0,13.23,0.98,57.33,116.58,0,14.39,0
CHAKAN_TO_SRIPERUMBUDUR,1094.0,13.23,13.03,55.68,207.51,0,14.86,0
MUNDRA_TO_BHIWANDI,872.85,11.64,0.7,53.54,41.18,0,12.12,0
MUNDRA_TO_BHIWANDI,872.85,11.64,1.64,17.19,60.84,0,11.35,0
JNPT_TO_CHAKAN,136.67,1.75,0.03,24.67,3.88,1,6.35,1
CHAKAN_TO_SRIPERUMBUDUR,1094.0,13.23,0.03,50.74,138.71,0,14.76,0
MUNDRA_TO_BHIWANDI,872.85,11.64,1.63,40.44,117.73,0,12.35,0
JNPT_TO_BHIWANDI,67.55,0.92,4.95,26.2,94.8,0,1.04,0
BHIWANDI_TO_CHAKAN,156.03,1.93,1.61,33.27,46.2,0,2.0,0
JNPT_TO_BHIWANDI,67.55,0.92,0.37,17.53,27.51,0,0.9,0
MUNDRA_TO_BHIWANDI,872.85,11.64,1.2,10.65,38.38,0,10.69,0
JNPT_TO_BHIWANDI,67.55,0.92,1.77,46.4,285.8,0,0.96,0
BHIWANDI_TO_CHAKAN,156.03,1.93,1.52,54.15,22.02,0,2.23,0
JNPT_TO_BHIWANDI,67.55,0.92,1.62,39.72,36.97,0,0.96,0
MUNDRA_TO_BHIWANDI,872.85,11.64,0.52,15.94,17.16,0,12.65,0
JNPT_TO_BHIWANDI,67.55,0.92,0.5,34.91,10.34,0,0.92,0
BHIWANDI_TO_CHAKAN,156.03,1.93,1.91,43.45,96.67,0,2.04,0
CHAKAN_TO_SRIPERUMBUDUR,1094.0,13.23,0.16,10.73,24.05,0,13.02,0
JNPT_TO_BHIWANDI,67.55,0.92,1.59,29.61,292.75,0,0.92,0
JNPT_TO_BHIWANDI,67.55,0.92,0.79,58.48,120.1,0,0.84,0
JNPT_TO_CHAKAN,136.67,1.75,0.39,34.91,83.66,0,1.61,0
MUNDRA_TO_BHIWANDI,872.85,11.64,1.36,50.65,67.4,0,12.25,0
MUNDRA_TO_BHIWANDI,872.85,11.64,1.95,31.36,3.87,1,15.4,1
JNPT_TO_CHAKAN,136.67,1.75,0.33,29.2,253.2,0,1.69,0
BHIWANDI_TO_CHAKAN,156.03,1.93,0.25,12.31,241.0,0,2.13,0
MUNDRA_TO_BHIWANDI,872.85,11.64,0.45,57.41,52.71,0,11.62,0
JNPT_TO_BHIWANDI,67.55,0.92,0.55,21.44,142.32,0,1.0,0
JNPT_TO_CHAKAN,136.67,1.75,1.09,24.9,41.96,0,1.73,0
JNPT_TO_CHAKAN,136.67,1.75,1.0,12.1,33.24,0,1.71,0
JNPT_TO_BHIWANDI,67.55,0.92,1.45,36.14,292.35,0,0.98,0
JNPT_TO_CHAKAN,136.67,1.75,0.21,40.61,31.49,0,1.86,0
CHAKAN_TO_SRIPERUMBUDUR,1094.0,13.23,0.94,39.22,21.07,0,15.73,0
BHIWANDI_TO_CHAKAN,156.03,1.93,2.4,18.16,34.14,0,2.21,0
JNPT_TO_CHAKAN,136.67,1.75,0.48,13.5,47.03,0,1.89,0
MUNDRA_TO_BHIWANDI,872.85,11.64,0.91,33.36,26.88,0,10.97,0
BHIWANDI_TO_CHAKAN,156.03,1.93,1.39,41.83,3.63,0,1.94,0
MUNDRA_TO_BHIWANDI,872.85,11.64,1.96,15.49,134.74,0,13.78,0
CHAKAN_TO_SRIPERUMBUDUR,1094.0,13.23,0.15,58.42,81.29,0,12.59,0
JNPT_TO_CHAKAN,136.67,1.75,0.22,20.26,192.63,0,1.59,0
CHAKAN_TO_SRIPERUMBUDUR,1094.0,13.23,0.95,49.22,51.02,0,13.84,0
MUNDRA_TO_BHIWANDI,872.85,11.64,15.07,22.13,2.22,0,13.74,0
CHAKAN_TO_SRIPERUMBUDUR,1094.0,13.23,1.8,15.07,36.18,0,14.11,0
CHAKAN_TO_SRIPERUMBUDUR,1094.0,13.23,0.41,54.52,21.67,0,11.96,0
JNPT_TO_BHIWANDI,67.55,0.92,4.22,28.65,174.81,0,0.95,0
JNPT_TO_BHIWANDI,67.55,0.92,0.33,59.6,291.79,0,0.92,0
JNPT_TO_BHIWANDI,67.55,0.92,1.48,53.03,59.98,0,0.84,0
JNPT_TO_CHAKAN,136.67,1.75,0.23,55.27,15.77,0,1.96,0
JNPT_TO_CHAKAN,136.67,1.75,26.8,24.78,94.32,0,4.56,1
BHIWANDI_TO_CHAKAN,156.03,1.93,0.67,46.15,69.24,0,1.82,0
MUNDRA_TO_BHIWANDI,872.85,11.64,1.42,12.18,31.2,0,13.58,0
JNPT_TO_BHIWANDI,67.55,0.92,5.84,53.16,25.88,0,0.95,0
BHIWANDI_TO_CHAKAN,156.03,1.93,0.26,49.63,36.11,0,1.88,0
CHAKAN_TO_SRIPERUMBUDUR,1094.0,13.23,0.05,17.52,117.22,0,12.81,0
CHAKAN_TO_SRIPERUMBUDUR,1094.0,13.23,0.08,44.66,8.02,0,14.15,0
CHAKAN_TO_SRIPERUMBUDUR,1094.0,13.23,1.25,13.53,61.33,0,15.53,0
MUNDRA_TO_BHIWANDI,872.85,11.64,0.65,14.96,5.17,0,13.69,0
JNPT_TO_BHIWANDI,67.55,0.92,5.04,41.9,49.85,0,0.92,0
BHIWANDI_TO_CHAKAN,156.03,1.93,3.82,50.6,80.16,0,1.83,0
BHIWANDI_TO_CHAKAN,156.03,1.93,2.0,12.52,444.41,0,2.55,1
MUNDRA_TO_BHIWANDI,872.85,11.64,0.82,35.92,275.77,0,10.75,0
MUNDRA_TO_BHIWANDI,872.85,11.64,2.62,12.99,9.79,0,11.34,0
CHAKAN_TO_SRIPERUMBUDUR,1094.0,13.23,4.72,40.8,38.29,0,13.08,0
JNPT_TO_CHAKAN,136.67,1.75,1.3,59.38,352.77,0,2.03,0
JNPT_TO_CHAKAN,136.67,1.75,1.68,42.63,28.64,0,1.98,0
CHAKAN_TO_SRIPERUMBUDUR,1094.0,13.23,0.26,56.4,166.25,0,15.7,0
BHIWANDI_TO_CHAKAN,156.03,1.93,0.6,20.15,84.44,0,1.79,0
BHIWANDI_TO_CHAKAN,156.03,1.93,1.37,29.93,56.4,0,1.79,0
MUNDRA_TO_BHIWANDI,872.85,11.64,1.73,33.66,82.1,0,12.41,0
JNPT_TO_BHIWANDI,67.55,0.92,0.36,28.86,204.13,0,0.85,0
BHIWANDI_TO_CHAKAN,156.03,1.93,3.19,28.48,14.62,0,2.03,0
CHAKAN_TO_SRIPERUMBUDUR,1094.0,13.23,1.29,17.52,18.74,0,12.7,0
CHAKAN_TO_SRIPERUMBUDUR,1094.0,13.23,3.4,52.77,43.05,0,13.87,0
BHIWANDI_TO_CHAKAN,156.03,1.93,0.78,36.32,137.47,0,1.87,0
CHAKAN_TO_SRIPERUMBUDUR,1094.0,13.23,0.48,42.44,34.15,0,15.2,0
MUNDRA_TO_BHIWANDI,872.85,11.64,4.81,20.67,110.92,0,12.74,0
MUNDRA_TO_BHIWANDI,872.85,11.64,1.25,25.43,2.24,0,13.95,0
CHAKAN_TO_SRIPERUMBUDUR,1094.0,13.23,1.49,46.73,26.51,0,13.25,0
JNPT_TO_BHIWANDI,67.55,0.92,0.62,20.77,100.74,0,0.83,0
CHAKAN_TO_SRIPERUMBUDUR,1094.0,13.23,1.4,18.92,22.55,0,14.48,0
CHAKAN_TO_SRIPERUMBUDUR,1094.0,13.23,5.5,42.2,333.15,0,12.4,0
JNPT_TO_CHAKAN,136.67,1.75,1.52,26.52,97.05,0,1.58,0
BHIWANDI_TO_CHAKAN,156.03,1.93,0.22,21.57,33.62,0,1.82,0
BHIWANDI_TO_CHAKAN,156.03,1.93,0.58,47.57,204.72,0,2.04,0
JNPT_TO_BHIWANDI,67.55,0.92,0.14,57.93,123.11,0,0.93,0
BHIWANDI_TO_CHAKAN,156.03,1.93,0.75,44.28,409.24,0,2.22,0
MUNDRA_TO_BHIWANDI,872.85,11.64,0.81,59.25,28.65,0,11.46,0
CHAKAN_TO_SRIPERUMBUDUR,1094.0,13.23,0.95,24.81,188.63,1,21.9,1
JNPT_TO_BHIWANDI,67.55,0.92,0.96,30.9,85.53,0,0.99,0
BHIWANDI_TO_CHAKAN,156.03,1.93,8.67,24.68,188.74,0,2.29,0
CHAKAN_TO_SRIPERUMBUDUR,1094.0,13.23,7.32,39.13,91.04,0,15.36,0
JNPT_TO_CHAKAN,136.67,1.75,1.64,21.07,404.24,0,2.08,0
CHAKAN_TO_SRIPERUMBUDUR,1094.0,13.23,0.8,22.11,60.73,0,14.16,0
CHAKAN_TO_SRIPERUMBUDUR,1094.0,13.23,9.38,53.31,76.16,0,14.61,0
CHAKAN_TO_SRIPERUMBUDUR,1094.0,13.23,0.57,23.52,95.99,0,14.66,0
CHAKAN_TO_SRIPERUMBUDUR,1094.0,13.23,3.43,36.35,158.43,0,14.5,0
JNPT_TO_BHIWANDI,67.55,0.92,1.92,52.68,379.05,0,1.4,1
CHAKAN_TO_SRIPERUMBUDUR,1094.0,13.23,0.1,27.76,13.6,0,12.11,0
JNPT_TO_BHIWANDI,67.55,0.92,1.97,22.96,44.28,0,1.08,0
BHIWANDI_TO_CHAKAN,156.03,1.93,0.53,18.63,76.52,0,1.94,0
MUNDRA_TO_BHIWANDI,872.85,11.64,1.12,12.44,104.62,0,12.86,0
BHIWANDI_TO_CHAKAN,156.03,1.93,0.83,46.13,179.03,0,2.09,0
BHIWANDI_TO_CHAKAN,156.03,1.93,9.27,10.29,40.68,0,1.86,0
BHIWANDI_TO_CHAKAN,156.03,1.93,1.72,16.19,93.23,0,2.18,0
CHAKAN_TO_SRIPERUMBUDUR,1094.0,13.23,0.11,30.55,261.69,0,14.58,0
JNPT_TO_BHIWANDI,67.55,0.92,1.2,32.46,52.16,0,1.1,0
CHAKAN_TO_SRIPERUMBUDUR,1094.0,13.23,0.71,52.27,15.71,0,14.42,0
BHIWANDI_TO_CHAKAN,156.03,1.93,6.58,56.23,3.0,0,2.06,0
MUNDRA_TO_BHIWANDI,872.85,11.64,0.05,20.72,39.44,0,11.92,0
MUNDRA_TO_BHIWANDI,872.85,11.64,1.3,58.77,18.08,0,12.83,0
BHIWANDI_TO_CHAKAN,156.03,1.93,1.26,21.25,184.52,0,2.31,0
JNPT_TO_BHIWANDI,67.55,0.92,0.03,42.92,28.87,0,0.92,0
CHAKAN_TO_SRIPERUMBUDUR,1094.0,13.23,0.55,18.01,139.89,0,12.03,0
BHIWANDI_TO_CHAKAN,156.03,1.93,1.05,38.73,67.69,0,2.15,0
JNPT_TO_CHAKAN,136.67,1.75,1.33,34.09,122.61,0,2.03,0
JNPT_TO_CHAKAN,136.67,1.75,6.84,35.64,23.76,0,1.61,0
MUNDRA_TO_BHIWANDI,872.85,11.64,3.22,11.87,18.96,0,13.77,0
MUNDRA_TO_BHIWANDI,872.85,11.64,13.69,50.9,44.16,0,11.59,0
JNPT_TO_BHIWANDI,67.55,0.92,1.68,43.56,153.91,0,1.06,0
JNPT_TO_CHAKAN,136.67,1.75,0.25,39.52,109.99,0,1.83,0
CHAKAN_TO_SRIPERUMBUDUR,1094.0,13.23,3.92,33.68,96.32,0,12.58,0
MUNDRA_TO_BHIWANDI,872.85,11.64,7.7,46.6,348.31,0,13.22,0
BHIWANDI_TO_CHAKAN,156.03,1.93,0.89,53.26,84.04,0,2.09,0
CHAKAN_TO_SRIPERUMBUDUR,1094.0,13.23,1.01,33.76,221.91,0,13.06,0
JNPT_TO_CHAKAN,136.67,1.75,1.3,34.6,292.36,0,1.71,0
CHAKAN_TO_SRIPERUMBUDUR,1094.0,13.23,1.24,44.93,33.55,0,12.64,0
JNPT_TO_CHAKAN,136.67,1.75,1.36,34.08,8.71,0,2.08,0
BHIWANDI_TO_CHAKAN,156.03,1.93,1.51,10.99,2.23,0,2.17,0
MUNDRA_TO_BHIWANDI,872.85,11.64,1.55,34.4,75.87,0,11.65,0
CHAKAN_TO_SRIPERUMBUDUR,1094.0,13.23,0.57,38.54,179.86,0,12.72,0
JNPT_TO_CHAKAN,136.67,1.75,0.52,16.58,10.92,0,1.84,0
MUNDRA_TO_BHIWANDI,872.85,11.64,1.26,19.07,209.56,0,11.8,0
BHIWANDI_TO_CHAKAN,156.03,1.93,0.81,34.94,89.5,0,2.06,0
MUNDRA_TO_BHIWANDI,872.85,11.64,0.42,25.41,37.29,0,11.41,0
CHAKAN_TO_SRIPERUMBUDUR,1094.0,13.23,0.22,39.08,74.64,0,12.52,0
CHAKAN_TO_SRIPERUMBUDUR,1094.0,13.23,1.3,56.52,146.86,0,12.14,0
MUNDRA_TO_BHIWANDI,872.85,11.64,1.99,49.33,123.9,0,11.71,0
JNPT_TO_CHAKAN,136.67,1.75,1.96,17.07,106.81,0,1.87,0
BHIWANDI_TO_CHAKAN,156.03,1.93,0.53,29.05,61.41,0,2.15,0
MUNDRA_TO_BHIWANDI,872.85,11.64,0.28,32.22,174.4,0,12.45,0
JNPT_TO_BHIWANDI,67.55,0.92,5.67,43.33,160.16,0,0.85,0
JNPT_TO_CHAKAN,136.67,1.75,0.31,25.05,232.35,0,2.01,0
JNPT_TO_CHAKAN,136.67,1.75,8.92,11.11,36.0,0,2.04,0
MUNDRA_TO_BHIWANDI,872.85,11.64,1.65,29.14,121.63,0,12.38,0
JNPT_TO_BHIWANDI,67.55,0.92,7.59,38.15,183.72,0,1.05,0
MUNDRA_TO_BHIWANDI,872.85,11.64,1.83,34.6,136.83,0,11.25,0
CHAKAN_TO_SRIPERUMBUDUR,1094.0,13.23,0.92,37.12,141.35,0,14.83,0
MUNDRA_TO_BHIWANDI,872.85,11.64,1.84,57.73,33.73,0,10.57,0
JNPT_TO_CHAKAN,136.67,1.75,0.28,51.29,68.6,0,1.75,0
JNPT_TO_CHAKAN,136.67,1.75,1.36,20.98,99.9,0,1.69,0
BHIWANDI_TO_CHAKAN,156.03,1.93,1.44,11.45,129.15,0,2.05,0
JNPT_TO_CHAKAN,136.67,1.75,1.29,22.65,116.12,0,1.99,0
JNPT_TO_BHIWANDI,67.55,0.92,0.52,15.67,12.51,0,1.01,0
MUNDRA_TO_BHIWANDI,872.85,11.64,1.52,53.36,170.0,0,11.95,0
CHAKAN_TO_SRIPERUMBUDUR,1094.0,13.23,0.52,27.13,30.31,0,15.06,0
BHIWANDI_TO_CHAKAN,156.03,1.93,0.87,19.18,247.58,0,1.78,0
JNPT_TO_CHAKAN,136.67,1.75,0.31,34.3,175.54,0,1.86,0
MUNDRA_TO_BHIWANDI,872.85,11.64,0.95,30.72,282.12,0,11.67,0
MUNDRA_TO_BHIWANDI,872.85,11.64,0.56,26.39,55.57,0,10.87,0
BHIWANDI_TO_CHAKAN,156.03,1.93,0.47,44.07,119.02,0,1.81,0
MUNDRA_TO_BHIWANDI,872.85,11.64,0.63,38.03,230.99,0,11.86,0
CHAKAN_TO_SRIPERUMBUDUR,1094.0,13.23,0.13,22.21,79.91,0,14.13,0
CHAKAN_TO_SRIPERUMBUDUR,1094.0,13.23,0.28,40.85,119.19,0,14.82,0
MUNDRA_TO_BHIWANDI,872.85,11.64,1.61,23.52,50.59,0,12.39,0
CHAKAN_TO_SRIPERUMBUDUR,1094.0,13.23,3.94,46.61,54.62,0,12.07,0
CHAKAN_TO_SRIPERUMBUDUR,1094.0,13.23,1.2,56.63,89.66,0,14.69,0
MUNDRA_TO_BHIWANDI,872.85,11.64,1.23,34.66,48.11,0,11.8,0
JNPT_TO_BHIWANDI,67.55,0.92,0.5,26.6,45.72,0,0.85,0
JNPT_TO_BHIWANDI,67.55,0.92,6.46,21.09,128.33,0,0.84,0
BHIWANDI_TO_CHAKAN,156.03,1.93,1.98,43.58,76.92,0,2.09,0
MUNDRA_TO_BHIWANDI,872.85,11.64,1.04,35.18,5.55,0,13.33,0
CHAKAN_TO_SRIPERUMBUDUR,1094.0,13.23,1.31,32.24,55.47,0,14.88,0
CHAKAN_TO_SRIPERUMBUDUR,1094.0,13.23,1.71,29.95,19.9,0,14.99,0
MUNDRA_TO_BHIWANDI,872.85,11.64,0.68,19.14,318.99,0,13.01,0
JNPT_TO_CHAKAN,136.67,1.75,1.82,50.14,92.25,0,1.98,0
JNPT_TO_CHAKAN,136.67,1.75,0.05,29.21,28.02,0,1.96,0
CHAKAN_TO_SRIPERUMBUDUR,1094.0,13.23,1.99,36.73,172.48,0,14.72,0
CHAKAN_TO_SRIPERUMBUDUR,1094.0,13.23,1.42,12.42,201.5,0,12.26,0
BHIWANDI_TO_CHAKAN,156.03,1.93,1.07,29.1,53.92,0,1.93,0
CHAKAN_TO_SRIPERUMBUDUR,1094.0,13.23,1.13,57.4,44.25,0,13.28,0
BHIWANDI_TO_CHAKAN,156.03,1.93,0.98,28.05,64.85,0,1.92,0
BHIWANDI_TO_CHAKAN,156.03,1.93,0.39,29.13,51.77,0,2.07,0
JNPT_TO_BHIWANDI,67.55,0.92,0.28,37.12,471.5,0,1.49,1
CHAKAN_TO_SRIPERUMBUDUR,1094.0,13.23,0.48,34.62,43.24,0,15.81,0
JNPT_TO_BHIWANDI,67.55,0.92,0.11,31.65,182.17,0,0.94,0
BHIWANDI_TO_CHAKAN,156.03,1.93,1.93,26.59,149.83,0,2.04,0
CHAKAN_TO_SRIPERUMBUDUR,1094.0,13.23,13.61,53.9,55.1,0,12.62,0
JNPT_TO_CHAKAN,136.67,1.75,1.06,16.22,91.67,0,1.96,0
CHAKAN_TO_SRIPERUMBUDUR,1094.0,13.23,0.98,14.02,63.72,0,15.04,0
JNPT_TO_BHIWANDI,67.55,0.92,1.63,27.78,12.53,0,1.1,0
CHAKAN_TO_SRIPERUMBUDUR,1094.0,13.23,0.73,23.34,55.45,0,14.21,0
CHAKAN_TO_SRIPERUMBUDUR,1094.0,13.23,0.25,24.67,94.99,0,14.45,0
JNPT_TO_CHAKAN,136.67,1.75,1.88,32.71,2.16,0,1.91,0
JNPT_TO_CHAKAN,136.67,1.75,1.22,26.64,106.38,0,2.08,0
JNPT_TO_BHIWANDI,67.55,0.92,1.84,21.49,5.04,0,0.93,0
BHIWANDI_TO_CHAKAN,156.03,1.93,2.25,51.58,293.04,0,2.14,0
BHIWANDI_TO_CHAKAN,156.03,1.93,0.01,46.58,212.17,0,1.74,0
BHIWANDI_TO_CHAKAN,156.03,1.93,1.68,48.2,156.11,0,1.79,0
MUNDRA_TO_BHIWANDI,872.85,11.64,1.29,19.39,79.68,0,11.24,0
BHIWANDI_TO_CHAKAN,156.03,1.93,5.44,16.88,21.49,0,2.24,0
JNPT_TO_BHIWANDI,67.55,0.92,0.01,33.14,415.29,0,1.38,1
CHAKAN_TO_SRIPERUMBUDUR,1094.0,13.23,1.78,17.08,17.64,0,13.31,0
BHIWANDI_TO_CHAKAN,156.03,1.93,1.43,58.33,12.84,0,2.1,0
BHIWANDI_TO_CHAKAN,156.03,1.93,0.19,25.21,560.55,0,2.38,0
MUNDRA_TO_BHIWANDI,872.85,11.64,0.19,16.93,123.6,0,10.67,0
CHAKAN_TO_SRIPERUMBUDUR,1094.0,13.23,1.29,26.53,229.43,0,15.35,0
BHIWANDI_TO_CHAKAN,156.03,1.93,0.26,29.99,76.66,0,2.08,0
JNPT_TO_CHAKAN,136.67,1.75,0.92,25.05,168.67,0,1.92,0
JNPT_TO_CHAKAN,136.67,1.75,1.46,20.82,74.76,0,1.82,0
JNPT_TO_CHAKAN,136.67,1.75,1.0,53.74,27.31,0,2.04,0
BHIWANDI_TO_CHAKAN,156.03,1.93,1.69,49.86,97.62,0,2.17,0
JNPT_TO_CHAKAN,136.67,1.75,1.64,16.14,4.24,0,1.65,0
BHIWANDI_TO_CHAKAN,156.03,1.93,0.3,24.94,261.51,0,1.85,0
JNPT_TO_CHAKAN,136.67,1.75,0.88,37.6,119.43,0,2.01,0
JNPT_TO_BHIWANDI,67.55,0.92,1.94,32.94,67.54,0,1.0,0
MUNDRA_TO_BHIWANDI,872.85,11.64,1.07,31.15,24.06,0,10.75,0
JNPT_TO_CHAKAN,136.67,1.75,1.61,26.17,4.53,0,1.97,0
MUNDRA_TO_BHIWANDI,872.85,11.64,1.81,23.61,162.92,0,11.57,0
CHAKAN_TO_SRIPERUMBUDUR,1094.0,13.23,1.47,29.69,92.16,0,14.75,0
JNPT_TO_BHIWANDI,67.55,0.92,1.1,13.41,104.5,0,0.9,0
JNPT_TO_CHAKAN,136.67,1.75,0.52,57.95,30.58,0,1.94,0
MUNDRA_TO_BHIWANDI,872.85,11.64,0.16,16.19,90.28,0,13.71,0
BHIWANDI_TO_CHAKAN,156.03,1.93,1.94,11.44,33.64,0,2.26,0
MUNDRA_TO_BHIWANDI,872.85,11.64,3.52,23.71,75.33,0,13.84,0
JNPT_TO_CHAKAN,136.67,1.75,1.4,46.11,147.14,0,1.85,0
CHAKAN_TO_SRIPERUMBUDUR,1094.0,13.23,0.32,29.02,205.65,0,13.35,0
BHIWANDI_TO_CHAKAN,156.03,1.93,1.04,16.75,395.57,0,2.5,1
CHAKAN_TO_SRIPERUMBUDUR,1094.0,13.23,1.66,14.04,161.36,1,20.3,1
CHAKAN_TO_SRIPERUMBUDUR,1094.0,13.23,1.32,37.67,55.26,0,12.39,0
MUNDRA_TO_BHIWANDI,872.85,11.64,1.14,46.05,79.16,0,11.47,0
JNPT_TO_CHAKAN,136.67,1.75,1.2,10.26,208.93,0,1.9,0
CHAKAN_TO_SRIPERUMBUDUR,1094.0,13.23,1.23,20.5,174.07,0,15.12,0
CHAKAN_TO_SRIPERUMBUDUR,1094.0,13.23,1.77,18.13,35.9,0,15.82,0
JNPT_TO_CHAKAN,136.67,1.75,1.36,47.97,139.71,0,1.77,0
JNPT_TO_BHIWANDI,67.55,0.92,1.88,16.62,31.79,0,1.09,0
MUNDRA_TO_BHIWANDI,872.85,11.64,0.64,51.21,1.07,0,13.06,0
JNPT_TO_CHAKAN,136.67,1.75,0.17,24.65,25.78,0,2.1,0
MUNDRA_TO_BHIWANDI,872.85,11.64,0.54,52.65,41.76,0,12.23,0
MUNDRA_TO_BHIWANDI,872.85,11.64,4.04,26.18,15.4,0,11.84,0
BHIWANDI_TO_CHAKAN,156.03,1.93,1.85,51.57,17.78,0,1.9,0
BHIWANDI_TO_CHAKAN,156.03,1.93,1.86,30.95,5.45,0,2.05,0
JNPT_TO_CHAKAN,136.67,1.75,1.83,26.27,18.74,0,1.59,0
CHAKAN_TO_SRIPERUMBUDUR,1094.0,13.23,1.49,45.83,332.72,0,13.43,0
CHAKAN_TO_SRIPERUMBUDUR,1094.0,13.23,0.9,15.85,10.58,0,13.01,0
CHAKAN_TO_SRIPERUMBUDUR,1094.0,13.23,0.52,25.84,37.58,0,13.34,0
BHIWANDI_TO_CHAKAN,156.03,1.93,1.52,54.79,186.37,0,1.77,0
MUNDRA_TO_BHIWANDI,872.85,11.64,1.77,42.93,62.22,0,12.8,0
JNPT_TO_BHIWANDI,67.55,0.92,0.97,57.31,86.31,0,0.9,0
BHIWANDI_TO_CHAKAN,156.03,1.93,1.2,28.92,69.23,0,1.94,0
BHIWANDI_TO_CHAKAN,156.03,1.93,6.81,24.97,41.75,0,2.04,0
JNPT_TO_BHIWANDI,67.55,0.92,4.82,17.77,172.32,0,0.93,0
MUNDRA_TO_BHIWANDI,872.85,11.64,0.06,55.41,65.81,0,11.69,0
MUNDRA_TO_BHIWANDI,872.85,11.64,0.76,45.29,166.73,0,11.74,0
BHIWANDI_TO_CHAKAN,156.03,1.93,0.62,41.53,191.36,0,1.74,0
JNPT_TO_CHAKAN,136.67,1.75,0.82,39.3,68.81,0,1.65,0
JNPT_TO_CHAKAN,136.67,1.75,1.62,36.38,23.46,0,1.8,0
JNPT_TO_BHIWANDI,67.55,0.92,1.25,12.18,46.67,0,1.0,0
MUNDRA_TO_BHIWANDI,872.85,11.64,1.47,43.85,416.78,0,13.69,0
JNPT_TO_BHIWANDI,67.55,0.92,0.88,58.66,71.19,0,1.08,0
CHAKAN_TO_SRIPERUMBUDUR,1094.0,13.23,0.7,21.17,19.46,0,13.32,0
JNPT_TO_CHAKAN,136.67,1.75,4.3,43.37,489.53,0,2.57,1
CHAKAN_TO_SRIPERUMBUDUR,1094.0,13.23,1.69,47.45,23.82,0,12.34,0
MUNDRA_TO_BHIWANDI,872.85,11.64,0.44,57.36,16.21,0,13.95,0
MUNDRA_TO_BHIWANDI,872.85,11.64,1.69,32.75,137.95,0,11.18,0
BHIWANDI_TO_CHAKAN,156.03,1.93,13.93,43.57,95.72,0,2.01,0
MUNDRA_TO_BHIWANDI,872.85,11.64,1.52,13.54,96.26,0,13.87,0
CHAKAN_TO_SRIPERUMBUDUR,1094.0,13.23,1.1,30.8,10.62,0,13.73,0
MUNDRA_TO_BHIWANDI,872.85,11.64,1.38,38.94,108.87,0,12.26,0
JNPT_TO_CHAKAN,136.67,1.75,1.2,58.14,4.28,0,1.91,0
BHIWANDI_TO_CHAKAN,156.03,1.93,1.23,41.75,437.53,0,2.18,0
JNPT_TO_CHAKAN,136.67,1.75,0.78,36.41,27.84,0,1.85,0
JNPT_TO_CHAKAN,136.67,1.75,1.76,36.1,271.44,0,2.06,0
BHIWANDI_TO_CHAKAN,156.03,1.93,1.3,51.73,26.17,0,2.3,0
JNPT_TO_CHAKAN,136.67,1.75,1.49,49.12,34.21,0,1.87,0
MUNDRA_TO_BHIWANDI,872.85,11.64,0.82,15.94,67.47,0,13.44,0
JNPT_TO_CHAKAN,136.67,1.75,0.91,29.5,0.41,0,1.59,0
MUNDRA_TO_BHIWANDI,872.85,11.64,1.8,37.58,105.59,0,13.65,0
JNPT_TO_CHAKAN,136.67,1.75,1.1,58.83,307.88,0,1.97,0
JNPT_TO_CHAKAN,136.67,1.75,0.35,46.21,225.6,0,2.09,0
BHIWANDI_TO_CHAKAN,156.03,1.93,1.81,53.26,126.88,0,1.77,0
MUNDRA_TO_BHIWANDI,872.85,11.64,8.65,46.72,101.35,0,11.22,0
CHAKAN_TO_SRIPERUMBUDUR,1094.0,13.23,1.73,17.15,37.54,0,13.76,0
JNPT_TO_CHAKAN,136.67,1.75,0.79,40.15,62.54,0,1.72,0
JNPT_TO_CHAKAN,136.67,1.75,0.18,10.41,41.92,0,1.86,0
MUNDRA_TO_BHIWANDI,872.85,11.64,0.88,57.99,13.32,0,12.97,0
CHAKAN_TO_SRIPERUMBUDUR,1094.0,13.23,0.73,59.04,5.06,0,12.0,0
JNPT_TO_CHAKAN,136.67,1.75,1.44,11.64,107.08,0,1.69,0
MUNDRA_TO_BHIWANDI,872.85,11.64,0.01,29.0,131.3,0,11.54,0
JNPT_TO_BHIWANDI,67.55,0.92,0.92,58.27,172.43,0,1.03,0
JNPT_TO_BHIWANDI,67.55,0.92,0.79,45.54,159.81,0,1.0,0
MUNDRA_TO_BHIWANDI,872.85,11.64,1.81,45.92,11.32,0,11.96,0
CHAKAN_TO_SRIPERUMBUDUR,1094.0,13.23,1.45,16.55,240.8,0,12.77,0
MUNDRA_TO_BHIWANDI,872.85,11.64,0.41,17.62,18.59,0,11.15,0
BHIWANDI_TO_CHAKAN,156.03,1.93,1.0,48.89,255.21,0,2.12,0
MUNDRA_TO_BHIWANDI,872.85,11.64,0.77,39.22,209.21,0,11.89,0
JNPT_TO_CHAKAN,136.67,1.75,1.84,30.99,151.86,0,2.09,0
MUNDRA_TO_BHIWANDI,872.85,11.64,0.63,56.27,27.18,0,13.35,0
MUNDRA_TO_BHIWANDI,872.85,11.64,6.53,18.89,212.83,0,12.35,0
JNPT_TO_CHAKAN,136.67,1.75,0.28,36.95,129.84,0,1.85,0
CHAKAN_TO_SRIPERUMBUDUR,1094.0,13.23,0.58,37.85,258.58,0,14.48,0
JNPT_TO_BHIWANDI,67.55,0.92,1.57,25.66,114.57,0,0.93,0
BHIWANDI_TO_CHAKAN,156.03,1.93,1.47,31.02,51.13,0,1.8,0
MUNDRA_TO_BHIWANDI,872.85,11.64,3.49,49.47,6.23,0,12.86,0
CHAKAN_TO_SRIPERUMBUDUR,1094.0,13.23,13.03,10.5,11.74,0,15.64,0
JNPT_TO_CHAKAN,136.67,1.75,1.23,46.61,583.4,0,2.33,1
MUNDRA_TO_BHIWANDI,872.85,11.64,1.12,35.26,124.14,0,11.54,0
JNPT_TO_CHAKAN,136.67,1.75,1.15,10.74,97.11,0,1.62,0
MUNDRA_TO_BHIWANDI,872.85,11.64,0.72,33.14,142.06,0,11.36,0
JNPT_TO_BHIWANDI,67.55,0.92,1.46,50.18,8.59,0,1.06,0
MUNDRA_TO_BHIWANDI,872.85,11.64,3.5,21.54,7.77,0,11.02,0
JNPT_TO_CHAKAN,136.67,1.75,0.67,24.12,4.28,0,1.96,0
JNPT_TO_BHIWANDI,67.55,0.92,1.0,47.88,96.28,0,0.99,0
CHAKAN_TO_SRIPERUMBUDUR,1094.0,13.23,1.13,24.06,131.65,0,12.07,0
BHIWANDI_TO_CHAKAN,156.03,1.93,1.4,46.29,117.42,0,1.95,0
JNPT_TO_CHAKAN,136.67,1.75,0.38,13.02,518.11,0,2.58,1
JNPT_TO_BHIWANDI,67.55,0.92,1.2,40.71,5.31,0,0.92,0
BHIWANDI_TO_CHAKAN,156.03,1.93,1.1,50.65,132.81,0,1.89,0
MUNDRA_TO_BHIWANDI,872.85,11.64,0.12,22.94,17.65,0,11.39,0
JNPT_TO_CHAKAN,136.67,1.75,1.27,32.38,7.63,0,1.84,0
BHIWANDI_TO_CHAKAN,156.03,1.93,0.36,18.8,191.87,0,2.23,0
MUNDRA_TO_BHIWANDI,872.85,11.64,0.98,25.75,99.01,0,12.62,0
CHAKAN_TO_SRIPERUMBUDUR,1094.0,13.23,0.54,17.61,81.38,0,15.17,0
JNPT_TO_BHIWANDI,67.55,0.92,0.85,16.25,9.73,0,0.98,0
BHIWANDI_TO_CHAKAN,156.03,1.93,3.55,36.86,198.87,0,2.31,0
JNPT_TO_CHAKAN,136.67,1.75,2.52,44.82,31.41,0,1.89,0
BHIWANDI_TO_CHAKAN,156.03,1.93,3.08,57.66,409.87,0,2.2,0
JNPT_TO_CHAKAN,136.67,1.75,0.18,13.08,117.62,0,2.05,0
BHIWANDI_TO_CHAKAN,156.03,1.93,1.88,35.33,229.57,0,2.04,0
BHIWANDI_TO_CHAKAN,156.03,1.93,1.09,26.27,246.01,0,2.25,0
JNPT_TO_BHIWANDI,67.55,0.92,0.01,27.23,171.75,0,0.96,0
JNPT_TO_BHIWANDI,67.55,0.92,0.13,54.49,21.34,0,1.05,0
BHIWANDI_TO_CHAKAN,156.03,1.93,1.74,45.75,158.96,0,2.11,0
BHIWANDI_TO_CHAKAN,156.03,1.93,0.48,49.59,294.51,0,1.94,0
JNPT_TO_BHIWANDI,67.55,0.92,1.72,56.14,151.83,0,1.08,0
JNPT_TO_BHIWANDI,67.55,0.92,1.2,39.53,66.81,0,0.91,0
MUNDRA_TO_BHIWANDI,872.85,11.64,0.0,47.21,228.18,0,12.15,0
JNPT_TO_CHAKAN,136.67,1.75,0.97,23.03,116.16,0,2.09,0
JNPT_TO_BHIWANDI,67.55,0.92,1.85,12.29,133.26,0,0.87,0
JNPT_TO_CHAKAN,136.67,1.75,1.06,31.68,157.09,0,1.94,0
BHIWANDI_TO_CHAKAN,156.03,1.93,0.82,34.65,57.71,0,2.12,0
CHAKAN_TO_SRIPERUMBUDUR,1094.0,13.23,3.56,39.02,674.91,0,12.6,0
JNPT_TO_CHAKAN,136.67,1.75,0.58,22.47,229.22,0,2.02,0
CHAKAN_TO_SRIPERUMBUDUR,1094.0,13.23,1.58,32.4,120.93,0,15.79,0
JNPT_TO_BHIWANDI,67.55,0.92,0.18,53.21,89.18,0,0.96,0
MUNDRA_TO_BHIWANDI,872.85,11.64,0.19,18.73,233.19,0,11.29,0
CHAKAN_TO_SRIPERUMBUDUR,1094.0,13.23,1.37,43.88,11.12,0,13.69,0
BHIWANDI_TO_CHAKAN,156.03,1.93,1.0,59.63,37.85,0,2.22,0
JNPT_TO_BHIWANDI,67.55,0.92,0.36,29.56,20.29,0,0.86,0
MUNDRA_TO_BHIWANDI,872.85,11.64,1.99,31.54,2.73,0,12.41,0
CHAKAN_TO_SRIPERUMBUDUR,1094.0,13.23,0.23,33.8,79.75,0,12.35,0
JNPT_TO_BHIWANDI,67.55,0.92,1.61,30.89,5.91,0,0.98,0
CHAKAN_TO_SRIPERUMBUDUR,1094.0,13.23,0.1,11.58,194.51,0,12.12,0
MUNDRA_TO_BHIWANDI,872.85,11.64,0.9,40.79,235.76,0,10.61,0
BHIWANDI_TO_CHAKAN,156.03,1.93,0.36,54.53,453.38,0,2.69,1
MUNDRA_TO_BHIWANDI,872.85,11.64,1.96,26.11,247.92,0,10.91,0
BHIWANDI_TO_CHAKAN,156.03,1.93,0.24,53.87,55.23,0,2.25,0
JNPT_TO_CHAKAN,136.67,1.75,1.64,16.21,194.9,0,1.69,0
JNPT_TO_BHIWANDI,67.55,0.92,0.84,19.56,12.03,0,0.84,0
CHAKAN_TO_SRIPERUMBUDUR,1094.0,13.23,7.5,32.56,11.13,0,14.13,0
JNPT_TO_BHIWANDI,67.55,0.92,0.77,30.79,168.28,0,0.94,0
JNPT_TO_BHIWANDI,67.55,0.92,0.99,58.24,113.39,0,1.08,0
CHAKAN_TO_SRIPERUMBUDUR,1094.0,13.23,1.53,40.7,59.4,1,16.89,1
JNPT_TO_CHAKAN,136.67,1.75,0.11,45.73,397.91,0,2.45,1
BHIWANDI_TO_CHAKAN,156.03,1.93,4.24,55.57,406.94,0,2.43,1
BHIWANDI_TO_CHAKAN,156.03,1.93,0.84,49.02,14.69,0,1.75,0
JNPT_TO_BHIWANDI,67.55,0.92,1.02,16.64,23.51,0,1.0,0
MUNDRA_TO_BHIWANDI,872.85,11.64,1.51,54.33,15.87,0,12.91,0
MUNDRA_TO_BHIWANDI,872.85,11.64,0.6,53.95,58.18,0,11.24,0
CHAKAN_TO_SRIPERUMBUDUR,1094.0,13.23,0.12,53.93,59.07,0,13.52,0
JNPT_TO_CHAKAN,136.67,1.75,0.73,14.37,91.84,0,1.62,0
JNPT_TO_BHIWANDI,67.55,0.92,5.85,35.56,72.1,0,1.07,0
JNPT_TO_BHIWANDI,67.55,0.92,1.86,46.32,59.27,0,0.85,0
JNPT_TO_BHIWANDI,67.55,0.92,0.9,46.84,90.23,0,1.02,0
BHIWANDI_TO_CHAKAN,156.03,1.93,0.67,57.94,100.1,0,2.17,0
CHAKAN_TO_SRIPERUMBUDUR,1094.0,13.23,1.82,43.0,79.05,0,14.06,0
JNPT_TO_BHIWANDI,67.55,0.92,1.08,48.97,66.79,0,0.95,0
JNPT_TO_CHAKAN,136.67,1.75,1.04,46.91,158.67,0,1.82,0
CHAKAN_TO_SRIPERUMBUDUR,1094.0,13.23,5.74,11.15,100.44,0,13.87,0
JNPT_TO_BHIWANDI,67.55,0.92,1.42,57.78,55.7,0,1.05,0
BHIWANDI_TO_CHAKAN,156.03,1.93,5.12,26.67,172.4,0,1.82,0
CHAKAN_TO_SRIPERUMBUDUR,1094.0,13.23,1.49,48.82,17.3,0,13.47,0
JNPT_TO_BHIWANDI,67.55,0.92,0.25,51.53,273.77,0,0.83,0
JNPT_TO_BHIWANDI,67.55,0.92,2.52,55.38,58.7,0,0.97,0
BHIWANDI_TO_CHAKAN,156.03,1.93,1.25,30.67,61.09,0,1.81,0
JNPT_TO_BHIWANDI,67.55,0.92,1.83,55.29,48.69,0,0.85,0
CHAKAN_TO_SRIPERUMBUDUR,1094.0,13.23,1.9,17.36,259.07,0,15.67,0
MUNDRA_TO_BHIWANDI,872.85,11.64,1.87,46.73,46.57,0,11.29,0
BHIWANDI_TO_CHAKAN,156.03,1.93,0.48,26.62,176.54,0,1.78,0
CHAKAN_TO_SRIPERUMBUDUR,1094.0,13.23,1.76,43.38,113.15,0,12.27,0
JNPT_TO_CHAKAN,136.67,1.75,1.26,17.83,78.89,0,2.08,0
MUNDRA_TO_BHIWANDI,872.85,11.64,0.83,43.39,4.99,0,13.85,0
JNPT_TO_CHAKAN,136.67,1.75,0.1,47.69,167.6,0,1.91,0
BHIWANDI_TO_CHAKAN,156.03,1.93,1.17,19.37,204.98,0,2.09,0
MUNDRA_TO_BHIWANDI,872.85,11.64,6.02,43.1,34.24,0,12.81,0
BHIWANDI_TO_CHAKAN,156.03,1.93,0.43,55.87,71.06,0,2.18,0
JNPT_TO_CHAKAN,136.67,1.75,1.62,17.12,37.17,0,1.58,0
JNPT_TO_BHIWANDI,67.55,0.92,0.73,42.7,385.78,0,1.35,1
JNPT_TO_CHAKAN,136.67,1.75,1.63,56.15,10.07,0,1.95,0
JNPT_TO_BHIWANDI,67.55,0.92,0.6,23.83,71.52,0,1.06,0
JNPT_TO_CHAKAN,136.67,1.75,0.41,44.98,162.09,0,2.02,0
CHAKAN_TO_SRIPERUMBUDUR,1094.0,13.23,0.06,15.91,97.06,0,13.4,0
BHIWANDI_TO_CHAKAN,156.03,1.93,0.66,10.14,119.87,0,1.99,0
CHAKAN_TO_SRIPERUMBUDUR,1094.0,13.23,10.92,35.26,135.4,0,13.25,0
BHIWANDI_TO_CHAKAN,156.03,1.93,1.92,36.41,70.39,0,1.97,0
JNPT_TO_CHAKAN,136.67,1.75,0.68,42.31,168.2,0,1.83,0
JNPT_TO_CHAKAN,136.67,1.75,1.51,44.44,83.9,0,2.0,0
MUNDRA_TO_BHIWANDI,872.85,11.64,1.36,55.76,12.28,0,13.86,0
JNPT_TO_BHIWANDI,67.55,0.92,1.33,40.25,154.97,0,1.08,0
JNPT_TO_CHAKAN,136.67,1.75,1.97,55.27,8.49,0,2.08,0
CHAKAN_TO_SRIPERUMBUDUR,1094.0,13.23,0.11,31.32,11.98,0,12.69,0
BHIWANDI_TO_CHAKAN,156.03,1.93,0.6,35.43,58.31,0,2.02,0
JNPT_TO_CHAKAN,136.67,1.75,0.78,53.18,5.88,0,1.78,0
CHAKAN_TO_SRIPERUMBUDUR,1094.0,13.23,1.93,26.72,57.69,0,14.81,0
MUNDRA_TO_BHIWANDI,872.85,11.64,0.95,14.94,71.09,0,11.64,0
MUNDRA_TO_BHIWANDI,872.85,11.64,0.24,50.57,16.33,0,13.11,0
MUNDRA_TO_BHIWANDI,872.85,11.64,1.0,12.39,288.09,0,12.87,0
JNPT_TO_BHIWANDI,67.55,0.92,0.99,56.06,48.62,0,0.99,0
JNPT_TO_CHAKAN,136.67,1.75,0.16,21.91,39.47,0,1.88,0
MUNDRA_TO_BHIWANDI,872.85,11.64,1.86,28.62,122.57,0,10.97,0
JNPT_TO_CHAKAN,136.67,1.75,0.12,26.34,268.96,0,1.95,0
BHIWANDI_TO_CHAKAN,156.03,1.93,1.84,47.17,1.18,0,1.89,0
JNPT_TO_BHIWANDI,67.55,0.92,1.73,46.99,58.51,0,1.01,0
BHIWANDI_TO_CHAKAN,156.03,1.93,1.06,13.45,92.55,0,1.84,0
MUNDRA_TO_BHIWANDI,872.85,11.64,0.4,13.39,12.82,0,13.27,0
CHAKAN_TO_SRIPERUMBUDUR,1094.0,13.23,1.31,59.97,100.12,0,14.57,0
BHIWANDI_TO_CHAKAN,156.03,1.93,0.25,16.48,181.32,1,7.69,1
BHIWANDI_TO_CHAKAN,156.03,1.93,1.47,56.51,311.68,0,2.51,1
CHAKAN_TO_SRIPERUMBUDUR,1094.0,13.23,6.51,24.96,41.63,0,12.46,0
JNPT_TO_BHIWANDI,67.55,0.92,0.89,25.27,53.5,0,1.08,0
BHIWANDI_TO_CHAKAN,156.03,1.93,0.44,15.57,92.27,0,2.12,0
CHAKAN_TO_SRIPERUMBUDUR,1094.0,13.23,1.78,55.47,24.09,0,13.33,0
CHAKAN_TO_SRIPERUMBUDUR,1094.0,13.23,0.55,21.29,40.17,0,14.01,0
BHIWANDI_TO_CHAKAN,156.03,1.93,1.03,51.61,35.3,0,1.78,0
JNPT_TO_CHAKAN,136.67,1.75,0.19,39.7,353.81,0,2.28,1
BHIWANDI_TO_CHAKAN,156.03,1.93,0.32,18.94,177.95,0,2.14,0
MUNDRA_TO_BHIWANDI,872.85,11.64,1.27,23.82,89.07,0,12.71,0
BHIWANDI_TO_CHAKAN,156.03,1.93,0.18,33.51,80.35,0,2.0,0
CHAKAN_TO_SRIPERUMBUDUR,1094.0,13.23,7.7,49.65,23.09,0,12.41,0
CHAKAN_TO_SRIPERUMBUDUR,1094.0,13.23,0.4,27.72,163.67,0,13.74,0
JNPT_TO_CHAKAN,136.67,1.75,0.75,26.63,155.31,0,2.05,0
JNPT_TO_CHAKAN,136.67,1.75,0.23,35.52,436.16,0,2.49,1
JNPT_TO_BHIWANDI,67.55,0.92,1.33,22.99,167.71,0,1.0,0
JNPT_TO_BHIWANDI,67.55,0.92,1.59,22.21,10.14,0,0.95,0
JNPT_TO_CHAKAN,136.67,1.75,1.48,38.94,33.34,0,1.66,0
JNPT_TO_BHIWANDI,67.55,0.92,0.13,35.19,287.38,0,0.99,0
JNPT_TO_CHAKAN,136.67,1.75,0.53,46.35,97.14,0,2.09,0
JNPT_TO_BHIWANDI,67.55,0.92,1.3,28.94,10.51,0,0.94,0
CHAKAN_TO_SRIPERUMBUDUR,1094.0,13.23,9.11,42.68,100.51,0,15.24,0
MUNDRA_TO_BHIWANDI,872.85,11.64,0.87,16.47,186.62,0,13.94,0
MUNDRA_TO_BHIWANDI,872.85,11.64,0.27,36.42,18.66,0,12.66,0
JNPT_TO_BHIWANDI,67.55,0.92,1.97,41.33,115.59,0,1.08,0
BHIWANDI_TO_CHAKAN,156.03,1.93,1.5,27.72,58.02,0,1.98,0
MUNDRA_TO_BHIWANDI,872.85,11.64,1.31,23.34,2.82,0,12.0,0
JNPT_TO_CHAKAN,136.67,1.75,1.68,34.61,64.02,0,1.71,0
CHAKAN_TO_SRIPERUMBUDUR,1094.0,13.23,0.65,52.38,116.94,0,14.5,0
JNPT_TO_BHIWANDI,67.55,0.92,0.47,32.98,9.77,0,0.87,0
CHAKAN_TO_SRIPERUMBUDUR,1094.0,13.23,1.24,51.62,55.83,0,13.35,0
CHAKAN_TO_SRIPERUMBUDUR,1094.0,13.23,0.48,26.96,43.75,0,12.76,0
MUNDRA_TO_BHIWANDI,872.85,11.64,1.01,52.95,36.23,0,11.45,0
MUNDRA_TO_BHIWANDI,872.85,11.64,0.96,22.93,83.43,0,10.88,0
JNPT_TO_CHAKAN,136.67,1.75,1.91,18.86,15.3,0,1.79,0
MUNDRA_TO_BHIWANDI,872.85,11.64,1.24,54.72,6.9,0,12.81,0
CHAKAN_TO_SRIPERUMBUDUR,1094.0,13.23,14.16,33.46,391.34,0,12.33,0
CHAKAN_TO_SRIPERUMBUDUR,1094.0,13.23,1.38,49.73,65.55,0,15.25,0
JNPT_TO_CHAKAN,136.67,1.75,1.64,56.67,10.51,0,1.9,0
JNPT_TO_BHIWANDI,67.55,0.92,1.39,58.21,154.72,0,0.88,0
MUNDRA_TO_BHIWANDI,872.85,11.64,1.86,20.25,8.41,0,13.07,0
MUNDRA_TO_BHIWANDI,872.85,11.64,1.03,53.74,29.6,0,11.16,0
JNPT_TO_CHAKAN,136.67,1.75,1.46,37.03,146.64,0,1.97,0
BHIWANDI_TO_CHAKAN,156.03,1.93,0.12,30.81,8.71,0,2.21,0
BHIWANDI_TO_CHAKAN,156.03,1.93,14.01,38.26,10.67,0,2.09,0
JNPT_TO_BHIWANDI,67.55,0.92,0.61,37.95,26.45,0,0.85,0
JNPT_TO_BHIWANDI,67.55,0.92,0.99,42.46,54.64,0,0.86,0
JNPT_TO_BHIWANDI,67.55,0.92,0.72,35.62,207.9,0,1.08,0
MUNDRA_TO_BHIWANDI,872.85,11.64,0.86,21.05,404.24,0,12.34,0
CHAKAN_TO_SRIPERUMBUDUR,1094.0,13.23,0.34,38.09,243.08,0,12.18,0
CHAKAN_TO_SRIPERUMBUDUR,1094.0,13.23,0.13,50.5,44.69,0,14.96,0
JNPT_TO_CHAKAN,136.67,1.75,0.53,56.33,97.16,0,1.92,0
CHAKAN_TO_SRIPERUMBUDUR,1094.0,13.23,0.52,11.57,273.41,0,15.05,0
BHIWANDI_TO_CHAKAN,156.03,1.93,1.07,15.41,6.2,0,2.17,0
MUNDRA_TO_BHIWANDI,872.85,11.64,1.77,47.04,48.85,0,12.81,0
JNPT_TO_BHIWANDI,67.55,0.92,1.45,15.86,228.12,0,0.97,0
CHAKAN_TO_SRIPERUMBUDUR,1094.0,13.23,1.57,30.94,219.48,0,13.69,0
MUNDRA_TO_BHIWANDI,872.85,11.64,1.57,54.83,2.93,0,11.78,0
CHAKAN_TO_SRIPERUMBUDUR,1094.0,13.23,1.85,29.84,181.57,0,15.28,0
MUNDRA_TO_BHIWANDI,872.85,11.64,1.58,19.2,36.77,0,12.02,0
JNPT_TO_BHIWANDI,67.55,0.92,1.17,43.68,216.18,0,1.09,0
JNPT_TO_CHAKAN,136.67,1.75,1.95,36.31,25.27,0,1.91,0
JNPT_TO_BHIWANDI,67.55,0.92,0.3,19.92,7.62,0,1.03,0
BHIWANDI_TO_CHAKAN,156.03,1.93,1.14,42.0,21.33,0,2.04,0
JNPT_TO_CHAKAN,136.67,1.75,0.55,49.02,14.69,0,1.71,0
JNPT_TO_CHAKAN,136.67,1.75,1.52,38.46,195.32,0,2.03,0
JNPT_TO_CHAKAN,136.67,1.75,0.07,46.98,53.92,0,2.08,0
JNPT_TO_BHIWANDI,67.55,0.92,0.91,18.42,108.01,0,1.06,0
BHIWANDI_TO_CHAKAN,156.03,1.93,1.65,15.82,164.72,0,1.75,0
BHIWANDI_TO_CHAKAN,156.03,1.93,0.18,53.17,161.63,0,2.23,0
MUNDRA_TO_BHIWANDI,872.85,11.64,7.69,50.38,55.77,0,12.31,0
CHAKAN_TO_SRIPERUMBUDUR,1094.0,13.23,1.58,25.25,83.13,0,14.11,0
BHIWANDI_TO_CHAKAN,156.03,1.93,0.43,40.65,223.64,0,2.11,0
CHAKAN_TO_SRIPERUMBUDUR,1094.0,13.23,1.08,52.89,4.44,1,21.63,1
JNPT_TO_CHAKAN,136.67,1.75,0.35,39.14,158.36,0,1.68,0
CHAKAN_TO_SRIPERUMBUDUR,1094.0,13.23,0.54,35.03,17.1,0,12.31,0
MUNDRA_TO_BHIWANDI,872.85,11.64,0.91,37.6,81.24,0,10.59,0
MUNDRA_TO_BHIWANDI,872.85,11.64,3.39,20.24,84.64,0,12.93,0
BHIWANDI_TO_CHAKAN,156.03,1.93,3.77,19.99,19.29,1,7.33,1
MUNDRA_TO_BHIWANDI,872.85,11.64,1.1,35.88,195.7,0,11.38,0
JNPT_TO_CHAKAN,136.67,1.75,20.34,17.21,122.61,0,3.9,1
MUNDRA_TO_BHIWANDI,872.85,11.64,2.43,58.46,265.94,0,11.42,0
BHIWANDI_TO_CHAKAN,156.03,1.93,13.54,25.06,394.13,0,2.41,1
JNPT_TO_CHAKAN,136.67,1.75,0.7,32.05,127.99,0,1.65,0
JNPT_TO_CHAKAN,136.67,1.75,0.41,22.5,48.27,0,1.77,0
CHAKAN_TO_SRIPERUMBUDUR,1094.0,13.23,1.24,25.53,79.56,0,13.73,0
JNPT_TO_BHIWANDI,67.55,0.92,0.8,13.21,16.64,0,1.1,0
CHAKAN_TO_SRIPERUMBUDUR,1094.0,13.23,1.54,39.66,190.12,0,14.93,0
JNPT_TO_BHIWANDI,67.55,0.92,0.34,50.03,113.03,0,0.93,0
JNPT_TO_BHIWANDI,67.55,0.92,0.23,55.6,183.48,0,0.94,0
CHAKAN_TO_SRIPERUMBUDUR,1094.0,13.23,0.76,56.07,48.24,0,12.06,0
JNPT_TO_CHAKAN,136.67,1.75,1.65,12.08,0.58,0,1.95,0
BHIWANDI_TO_CHAKAN,156.03,1.93,1.55,39.1,182.67,0,2.27,0
JNPT_TO_BHIWANDI,67.55,0.92,1.71,36.13,41.54,0,0.93,0
MUNDRA_TO_BHIWANDI,872.85,11.64,1.49,31.39,55.28,0,12.26,0
CHAKAN_TO_SRIPERUMBUDUR,1094.0,13.23,0.72,41.1,47.42,0,12.04,0
JNPT_TO_BHIWANDI,67.55,0.92,3.29,31.58,92.04,0,0.92,0
JNPT_TO_CHAKAN,136.67,1.75,1.53,13.84,167.67,0,2.07,0
BHIWANDI_TO_CHAKAN,156.03,1.93,1.79,42.04,94.05,0,1.93,0
MUNDRA_TO_BHIWANDI,872.85,11.64,1.93,48.47,31.92,0,12.29,0
JNPT_TO_BHIWANDI,67.55,0.92,1.13,32.16,2.27,0,1.05,0
JNPT_TO_CHAKAN,136.67,1.75,1.19,32.78,255.22,0,1.81,0
JNPT_TO_CHAKAN,136.67,1.75,1.13,12.37,34.77,0,2.05,0
JNPT_TO_BHIWANDI,67.55,0.92,1.57,36.44,173.7,0,1.03,0
CHAKAN_TO_SRIPERUMBUDUR,1094.0,13.23,2.92,19.2,123.16,0,14.48,0
BHIWANDI_TO_CHAKAN,156.03,1.93,6.7,55.47,130.55,0,2.15,0
BHIWANDI_TO_CHAKAN,156.03,1.93,8.4,21.52,175.09,0,2.1,0
JNPT_TO_CHAKAN,136.67,1.75,1.84,54.86,52.54,0,2.0,0
BHIWANDI_TO_CHAKAN,156.03,1.93,0.58,34.31,114.76,0,2.2,0
MUNDRA_TO_BHIWANDI,872.85,11.64,1.42,28.87,237.64,0,13.01,0
BHIWANDI_TO_CHAKAN,156.03,1.93,1.66,35.28,404.21,0,2.24,0
JNPT_TO_CHAKAN,136.67,1.75,6.21,53.45,100.58,0,1.62,0
BHIWANDI_TO_CHAKAN,156.03,1.93,1.47,39.24,165.01,0,2.06,0
CHAKAN_TO_SRIPERUMBUDUR,1094.0,13.23,0.14,57.62,4.32,0,12.21,0
JNPT_TO_CHAKAN,136.67,1.75,0.05,19.33,70.49,0,1.66,0
BHIWANDI_TO_CHAKAN,156.03,1.93,0.14,48.21,98.24,0,1.79,0
MUNDRA_TO_BHIWANDI,872.85,11.64,1.79,59.46,38.19,0,11.7,0
CHAKAN_TO_SRIPERUMBUDUR,1094.0,13.23,6.86,35.31,70.54,0,14.04,0
BHIWANDI_TO_CHAKAN,156.03,1.93,0.7,31.79,83.31,0,2.17,0
JNPT_TO_BHIWANDI,67.55,0.92,1.89,30.42,20.66,0,1.02,0
JNPT_TO_CHAKAN,136.67,1.75,0.44,47.04,225.27,0,1.63,0
JNPT_TO_BHIWANDI,67.55,0.92,0.09,33.85,24.77,0,1.07,0
JNPT_TO_BHIWANDI,67.55,0.92,0.33,35.25,15.55,0,0.97,0
CHAKAN_TO_SRIPERUMBUDUR,1094.0,13.23,1.94,37.1,57.32,0,12.28,0
MUNDRA_TO_BHIWANDI,872.85,11.64,1.25,25.97,16.07,0,13.43,0
BHIWANDI_TO_CHAKAN,156.03,1.93,1.65,11.36,15.65,0,2.07,0
CHAKAN_TO_SRIPERUMBUDUR,1094.0,13.23,1.23,35.84,1.8,0,13.47,0
JNPT_TO_CHAKAN,136.67,1.75,1.33,39.82,20.69,0,2.01,0
CHAKAN_TO_SRIPERUMBUDUR,1094.0,13.23,4.89,59.08,48.77,0,11.93,0
BHIWANDI_TO_CHAKAN,156.03,1.93,1.05,25.78,6.43,0,1.86,0
JNPT_TO_CHAKAN,136.67,1.75,12.43,38.18,17.07,0,1.73,0
BHIWANDI_TO_CHAKAN,156.03,1.93,3.56,40.09,143.79,0,2.18,0
MUNDRA_TO_BHIWANDI,872.85,11.64,1.67,28.69,10.87,0,12.95,0
JNPT_TO_BHIWANDI,67.55,0.92,3.66,37.45,25.17,0,0.93,0
BHIWANDI_TO_CHAKAN,156.03,1.93,15.85,13.15,140.59,0,3.51,1
MUNDRA_TO_BHIWANDI,872.85,11.64,0.55,22.4,329.02,1,19.8,1
JNPT_TO_CHAKAN,136.67,1.75,0.15,44.03,49.1,0,2.1,0
MUNDRA_TO_BHIWANDI,872.85,11.64,4.35,23.06,21.63,0,13.93,0
BHIWANDI_TO_CHAKAN,156.03,1.93,1.94,56.43,15.34,0,1.77,0
CHAKAN_TO_SRIPERUMBUDUR,1094.0,13.23,1.78,45.03,31.98,0,13.8,0
JNPT_TO_BHIWANDI,67.55,0.92,0.19,36.89,121.09,0,0.98,0
BHIWANDI_TO_CHAKAN,156.03,1.93,0.62,42.65,101.06,0,1.86,0
JNPT_TO_BHIWANDI,67.55,0.92,1.09,26.31,33.78,0,0.87,0
MUNDRA_TO_BHIWANDI,872.85,11.64,1.83,38.94,250.56,0,11.9,0
BHIWANDI_TO_CHAKAN,156.03,1.93,0.07,44.43,19.56,0,1.86,0
JNPT_TO_CHAKAN,136.67,1.75,0.98,47.6,227.02,0,1.7,0
MUNDRA_TO_BHIWANDI,872.85,11.64,1.18,36.98,362.41,0,13.9,0
JNPT_TO_BHIWANDI,67.55,0.92,1.31,38.09,256.78,0,0.88,0
MUNDRA_TO_BHIWANDI,872.85,11.64,2.55,13.26,8.87,0,12.78,0
BHIWANDI_TO_CHAKAN,156.03,1.93,0.41,47.37,158.47,0,2.1,0
JNPT_TO_BHIWANDI,67.55,0.92,1.14,25.33,32.38,0,1.03,0
CHAKAN_TO_SRIPERUMBUDUR,1094.0,13.23,0.41,44.61,97.99,0,15.52,0
CHAKAN_TO_SRIPERUMBUDUR,1094.0,13.23,1.16,35.21,278.28,0,14.11,0
CHAKAN_TO_SRIPERUMBUDUR,1094.0,13.23,0.16,32.75,36.71,0,14.64,0
JNPT_TO_BHIWANDI,67.55,0.92,1.16,58.05,44.5,1,4.54,1
CHAKAN_TO_SRIPERUMBUDUR,1094.0,13.23,3.31,19.67,108.5,0,14.52,0
JNPT_TO_CHAKAN,136.67,1.75,1.68,11.47,61.66,0,2.07,0
JNPT_TO_BHIWANDI,67.55,0.92,2.49,50.3,125.32,0,1.08,0
MUNDRA_TO_BHIWANDI,872.85,11.64,2.86,46.28,93.0,0,13.79,0
JNPT_TO_BHIWANDI,67.55,0.92,1.14,46.05,116.64,0,0.83,0
JNPT_TO_BHIWANDI,67.55,0.92,1.46,33.73,157.37,0,0.9,0
MUNDRA_TO_BHIWANDI,872.85,11.64,0.16,19.42,261.26,0,12.51,0
JNPT_TO_BHIWANDI,67.55,0.92,5.33,15.17,15.9,0,1.02,0
JNPT_TO_CHAKAN,136.67,1.75,1.41,19.5,180.55,0,2.03,0
CHAKAN_TO_SRIPERUMBUDUR,1094.0,13.23,1.79,13.25,0.53,0,13.12,0
MUNDRA_TO_BHIWANDI,872.85,11.64,1.15,41.4,94.0,0,12.68,0
JNPT_TO_BHIWANDI,67.55,0.92,3.63,18.36,348.43,0,1.27,1
BHIWANDI_TO_CHAKAN,156.03,1.93,0.06,18.21,67.91,0,2.11,0
MUNDRA_TO_BHIWANDI,872.85,11.64,0.26,31.67,30.51,0,11.44,0
JNPT_TO_CHAKAN,136.67,1.75,1.17,34.55,41.26,1,4.85,1
JNPT_TO_BHIWANDI,67.55,0.92,1.7,23.51,7.33,0,1.0,0
JNPT_TO_CHAKAN,136.67,1.75,0.37,17.1,66.24,0,1.8,0
MUNDRA_TO_BHIWANDI,872.85,11.64,3.02,53.37,12.77,0,11.62,0
CHAKAN_TO_SRIPERUMBUDUR,1094.0,13.23,0.35,28.63,39.91,0,12.41,0
CHAKAN_TO_SRIPERUMBUDUR,1094.0,13.23,0.23,34.07,148.62,0,14.88,0
BHIWANDI_TO_CHAKAN,156.03,1.93,5.42,10.11,95.37,0,2.04,0
MUNDRA_TO_BHIWANDI,872.85,11.64,1.28,28.16,68.02,0,12.44,0
JNPT_TO_CHAKAN,136.67,1.75,4.45,36.3,38.77,0,1.71,0
JNPT_TO_CHAKAN,136.67,1.75,0.62,35.59,48.85,0,1.72,0
JNPT_TO_CHAKAN,136.67,1.75,1.68,23.48,52.7,0,1.92,0
CHAKAN_TO_SRIPERUMBUDUR,1094.0,13.23,1.19,56.08,71.65,1,17.37,1
BHIWANDI_TO_CHAKAN,156.03,1.93,2.54,22.65,422.16,0,2.73,1
CHAKAN_TO_SRIPERUMBUDUR,1094.0,13.23,0.99,24.53,18.0,0,13.95,0
MUNDRA_TO_BHIWANDI,872.85,11.64,1.73,13.36,265.58,0,12.66,0
MUNDRA_TO_BHIWANDI,872.85,11.64,1.23,23.83,52.53,0,11.05,0
BHIWANDI_TO_CHAKAN,156.03,1.93,1.14,13.71,28.69,0,1.81,0
BHIWANDI_TO_CHAKAN,156.03,1.93,11.32,33.65,67.22,0,1.81,0
MUNDRA_TO_BHIWANDI,872.85,11.64,0.66,48.03,12.68,0,11.38,0
JNPT_TO_CHAKAN,136.67,1.75,2.13,47.09,52.92,0,1.93,0
JNPT_TO_BHIWANDI,67.55,0.92,0.37,53.61,15.04,0,0.98,0
MUNDRA_TO_BHIWANDI,872.85,11.64,0.85,18.41,1.63,0,12.92,0
JNPT_TO_CHAKAN,136.67,1.75,0.5,17.49,51.12,0,1.62,0
BHIWANDI_TO_CHAKAN,156.03,1.93,5.43,47.7,52.05,0,1.78,0
JNPT_TO_CHAKAN,136.67,1.75,0.81,59.98,31.26,0,2.05,0
JNPT_TO_BHIWANDI,67.55,0.92,1.74,50.13,183.4,0,0.96,0
JNPT_TO_BHIWANDI,67.55,0.92,0.69,12.02,13.3,0,1.03,0
JNPT_TO_CHAKAN,136.67,1.75,1.23,22.33,80.09,0,2.09,0
CHAKAN_TO_SRIPERUMBUDUR,1094.0,13.23,1.2,51.04,114.82,0,15.87,0
CHAKAN_TO_SRIPERUMBUDUR,1094.0,13.23,1.45,54.2,144.96,0,14.17,0
JNPT_TO_CHAKAN,136.67,1.75,0.18,31.61,97.87,0,1.72,0
BHIWANDI_TO_CHAKAN,156.03,1.93,12.96,47.99,227.36,0,2.09,0
BHIWANDI_TO_CHAKAN,156.03,1.93,12.48,47.06,71.62,0,1.79,0
JNPT_TO_BHIWANDI,67.55,0.92,6.4,30.24,23.66,0,0.83,0
BHIWANDI_TO_CHAKAN,156.03,1.93,1.95,18.02,161.66,0,2.11,0
JNPT_TO_BHIWANDI,67.55,0.92,2.68,59.76,55.64,0,1.04,0
BHIWANDI_TO_CHAKAN,156.03,1.93,0.17,41.5,155.35,0,2.02,0
JNPT_TO_CHAKAN,136.67,1.75,0.56,20.22,344.07,0,1.98,0
JNPT_TO_BHIWANDI,67.55,0.92,0.99,43.76,62.45,0,1.08,0
JNPT_TO_CHAKAN,136.67,1.75,6.91,24.96,0.71,0,1.87,0
JNPT_TO_CHAKAN,136.67,1.75,1.67,14.55,97.73,0,1.78,0
BHIWANDI_TO_CHAKAN,156.03,1.93,1.21,10.43,25.5,0,1.83,0
BHIWANDI_TO_CHAKAN,156.03,1.93,0.17,29.33,25.11,0,1.83,0
JNPT_TO_CHAKAN,136.67,1.75,1.85,37.34,34.1,0,2.0,0
BHIWANDI_TO_CHAKAN,156.03,1.93,1.03,35.46,20.42,0,2.15,0
JNPT_TO_BHIWANDI,67.55,0.92,0.04,56.94,282.17,0,0.91,0
JNPT_TO_BHIWANDI,67.55,0.92,0.27,47.38,89.97,0,0.94,0
BHIWANDI_TO_CHAKAN,156.03,1.93,1.92,43.01,132.08,0,2.15,0
JNPT_TO_BHIWANDI,67.55,0.92,0.75,54.15,116.21,0,0.86,0
JNPT_TO_CHAKAN,136.67,1.75,1.31,40.39,45.38,0,1.99,0
JNPT_TO_CHAKAN,136.67,1.75,1.52,14.72,43.11,0,1.98,0
JNPT_TO_BHIWANDI,67.55,0.92,0.32,51.36,276.26,0,1.07,0
MUNDRA_TO_BHIWANDI,872.85,11.64,0.63,41.95,62.57,0,10.79,0
CHAKAN_TO_SRIPERUMBUDUR,1094.0,13.23,1.2,13.76,163.3,0,13.87,0
BHIWANDI_TO_CHAKAN,156.03,1.93,1.12,46.78,32.89,0,2.05,0
BHIWANDI_TO_CHAKAN,156.03,1.93,7.63,39.85,48.96,1,5.38,1
JNPT_TO_CHAKAN,136.67,1.75,0.73,57.57,39.75,0,1.6,0
CHAKAN_TO_SRIPERUMBUDUR,1094.0,13.23,16.07,47.18,2.45,0,15.66,0
JNPT_TO_BHIWANDI,67.55,0.92,0.42,49.08,74.82,0,0.94,0
MUNDRA_TO_BHIWANDI,872.85,11.64,0.29,48.48,226.06,0,12.42,0
JNPT_TO_CHAKAN,136.67,1.75,1.92,43.56,35.76,0,1.6,0
JNPT_TO_CHAKAN,136.67,1.75,1.9,39.0,1.1,0,2.06,0
JNPT_TO_CHAKAN,136.67,1.75,0.72,12.35,151.31,0,1.7,0
BHIWANDI_TO_CHAKAN,156.03,1.93,1.73,19.48,112.17,0,1.83,0
MUNDRA_TO_BHIWANDI,872.85,11.64,8.82,27.1,120.65,0,12.6,0
JNPT_TO_BHIWANDI,67.55,0.92,1.7,55.19,27.05,0,1.04,0
BHIWANDI_TO_CHAKAN,156.03,1.93,1.98,42.32,281.48,0,1.84,0
JNPT_TO_CHAKAN,136.67,1.75,1.61,56.88,62.04,0,1.65,0
JNPT_TO_CHAKAN,136.67,1.75,0.78,14.07,213.03,0,2.04,0
CHAKAN_TO_SRIPERUMBUDUR,1094.0,13.23,0.69,23.76,127.75,0,12.23,0
JNPT_TO_BHIWANDI,67.55,0.92,4.91,43.51,112.89,0,0.93,0
BHIWANDI_TO_CHAKAN,156.03,1.93,1.33,39.01,48.8,0,2.14,0
CHAKAN_TO_SRIPERUMBUDUR,1094.0,13.23,1.28,25.95,144.87,0,13.69,0
JNPT_TO_BHIWANDI,67.55,0.92,6.85,58.05,104.81,0,0.84,0
JNPT_TO_CHAKAN,136.67,1.75,0.53,40.02,13.89,0,2.01,0
JNPT_TO_CHAKAN,136.67,1.75,1.91,53.28,131.08,0,1.8,0
JNPT_TO_CHAKAN,136.67,1.75,1.55,44.51,46.28,0,1.61,0
CHAKAN_TO_SRIPERUMBUDUR,1094.0,13.23,1.38,50.39,1.81,0,13.6,0
JNPT_TO_BHIWANDI,67.55,0.92,1.29,39.79,306.4,0,1.24,1
BHIWANDI_TO_CHAKAN,156.03,1.93,1.36,50.77,67.81,0,1.78,0
JNPT_TO_BHIWANDI,67.55,0.92,1.53,57.85,334.98,0,1.27,1
CHAKAN_TO_SRIPERUMBUDUR,1094.0,13.23,1.5,50.95,103.03,0,14.95,0
CHAKAN_TO_SRIPERUMBUDUR,1094.0,13.23,1.14,13.31,93.34,0,14.78,0
JNPT_TO_BHIWANDI,67.55,0.92,0.21,44.98,5.88,0,0.88,0
JNPT_TO_BHIWANDI,67.55,0.92,0.66,33.62,2.64,0,1.07,0
BHIWANDI_TO_CHAKAN,156.03,1.93,0.92,17.71,63.03,0,1.85,0
CHAKAN_TO_SRIPERUMBUDUR,1094.0,13.23,0.84,12.21,86.31,0,12.77,0
BHIWANDI_TO_CHAKAN,156.03,1.93,1.7,50.49,101.36,0,2.26,0
JNPT_TO_CHAKAN,136.67,1.75,8.33,23.67,22.17,0,1.81,0
MUNDRA_TO_BHIWANDI,872.85,11.64,13.02,41.04,235.59,0,11.29,0
MUNDRA_TO_BHIWANDI,872.85,11.64,0.99,41.25,19.38,0,11.42,0
CHAKAN_TO_SRIPERUMBUDUR,1094.0,13.23,1.59,18.07,146.0,0,13.03,0
MUNDRA_TO_BHIWANDI,872.85,11.64,0.73,24.33,58.25,0,13.29,0
CHAKAN_TO_SRIPERUMBUDUR,1094.0,13.23,0.32,30.74,207.98,0,13.28,0
BHIWANDI_TO_CHAKAN,156.03,1.93,0.62,23.05,141.15,0,2.28,0
JNPT_TO_CHAKAN,136.67,1.75,1.01,57.27,45.85,0,1.95,0
JNPT_TO_BHIWANDI,67.55,0.92,0.72,46.2,94.94,0,0.9,0
CHAKAN_TO_SRIPERUMBUDUR,1094.0,13.23,0.31,52.33,2.89,0,14.85,0
JNPT_TO_BHIWANDI,67.55,0.92,0.41,58.59,9.14,0,0.96,0
MUNDRA_TO_BHIWANDI,872.85,11.64,9.35,39.77,187.61,0,10.65,0
BHIWANDI_TO_CHAKAN,156.03,1.93,1.36,42.16,425.05,0,2.71,1
BHIWANDI_TO_CHAKAN,156.03,1.93,1.3,22.7,6.92,0,2.24,0
MUNDRA_TO_BHIWANDI,872.85,11.64,2.75,30.0,73.94,0,11.88,0
JNPT_TO_CHAKAN,136.67,1.75,0.93,12.41,122.83,0,1.75,0
JNPT_TO_CHAKAN,136.67,1.75,7.65,59.76,64.17,0,2.02,0
JNPT_TO_CHAKAN,136.67,1.75,0.63,15.04,59.52,0,1.64,0
BHIWANDI_TO_CHAKAN,156.03,1.93,1.97,27.85,65.63,0,1.86,0
MUNDRA_TO_BHIWANDI,872.85,11.64,0.59,56.73,157.31,0,11.33,0
CHAKAN_TO_SRIPERUMBUDUR,1094.0,13.23,1.04,35.03,14.11,0,14.67,0
CHAKAN_TO_SRIPERUMBUDUR,1094.0,13.23,1.98,12.47,63.33,0,12.66,0
JNPT_TO_CHAKAN,136.67,1.75,1.94,10.91,104.52,0,2.05,0
JNPT_TO_BHIWANDI,67.55,0.92,1.88,42.39,381.25,0,1.32,1
JNPT_TO_BHIWANDI,67.55,0.92,0.07,37.06,11.92,0,1.0,0
CHAKAN_TO_SRIPERUMBUDUR,1094.0,13.23,1.77,49.71,6.32,0,12.02,0
CHAKAN_TO_SRIPERUMBUDUR,1094.0,13.23,0.9,53.11,127.38,0,15.15,0
MUNDRA_TO_BHIWANDI,872.85,11.64,9.45,56.41,10.82,0,12.5,0
BHIWANDI_TO_CHAKAN,156.03,1.93,0.46,56.08,21.82,0,1.86,0
MUNDRA_TO_BHIWANDI,872.85,11.64,1.65,35.62,87.21,0,11.34,0
MUNDRA_TO_BHIWANDI,872.85,11.64,1.13,53.13,106.59,0,13.15,0
MUNDRA_TO_BHIWANDI,872.85,11.64,1.66,18.09,20.9,0,12.91,0
MUNDRA_TO_BHIWANDI,872.85,11.64,2.29,32.21,103.92,0,10.74,0
CHAKAN_TO_SRIPERUMBUDUR,1094.0,13.23,1.84,10.71,95.23,0,13.35,0
BHIWANDI_TO_CHAKAN,156.03,1.93,1.55,19.08,473.12,0,2.53,1
MUNDRA_TO_BHIWANDI,872.85,11.64,0.5,52.14,79.24,0,13.5,0
JNPT_TO_BHIWANDI,67.55,0.92,0.3,31.99,219.28,0,0.86,0
JNPT_TO_CHAKAN,136.67,1.75,1.47,58.11,1.37,0,2.05,0
BHIWANDI_TO_CHAKAN,156.03,1.93,1.93,36.52,201.88,0,1.93,0
JNPT_TO_BHIWANDI,67.55,0.92,1.24,53.03,7.47,0,0.99,0
JNPT_TO_CHAKAN,136.67,1.75,1.29,46.87,320.77,0,2.27,1
BHIWANDI_TO_CHAKAN,156.03,1.93,1.16,13.71,15.29,0,1.88,0
JNPT_TO_BHIWANDI,67.55,0.92,1.74,51.49,110.22,0,1.07,0
BHIWANDI_TO_CHAKAN,156.03,1.93,1.59,52.2,138.97,0,1.97,0
CHAKAN_TO_SRIPERUMBUDUR,1094.0,13.23,0.34,45.84,332.9,0,15.55,0
BHIWANDI_TO_CHAKAN,156.03,1.93,0.56,24.77,177.82,0,1.97,0
CHAKAN_TO_SRIPERUMBUDUR,1094.0,13.23,1.88,13.88,202.43,0,12.93,0
MUNDRA_TO_BHIWANDI,872.85,11.64,1.52,29.19,7.17,0,12.44,0
MUNDRA_TO_BHIWANDI,872.85,11.64,1.94,43.42,145.46,0,12.33,0
JNPT_TO_BHIWANDI,67.55,0.92,0.31,40.17,236.62,0,1.0,0
MUNDRA_TO_BHIWANDI,872.85,11.64,14.4,19.95,32.41,0,10.84,0
BHIWANDI_TO_CHAKAN,156.03,1.93,1.88,37.14,28.37,0,2.28,0
CHAKAN_TO_SRIPERUMBUDUR,1094.0,13.23,1.86,56.17,5.01,0,13.16,0
BHIWANDI_TO_CHAKAN,156.03,1.93,0.65,48.1,78.64,0,2.14,0
JNPT_TO_CHAKAN,136.67,1.75,0.55,19.48,22.8,0,1.69,0
MUNDRA_TO_BHIWANDI,872.85,11.64,0.61,20.73,189.16,0,12.21,0
JNPT_TO_BHIWANDI,67.55,0.92,1.3,48.33,24.55,0,0.94,0
CHAKAN_TO_SRIPERUMBUDUR,1094.0,13.23,6.05,34.24,148.71,0,13.76,0
BHIWANDI_TO_CHAKAN,156.03,1.93,0.54,49.02,119.61,0,2.12,0
BHIWANDI_TO_CHAKAN,156.03,1.93,1.35,12.7,32.79,0,1.79,0
CHAKAN_TO_SRIPERUMBUDUR,1094.0,13.23,1.94,50.41,546.8,0,13.93,0
CHAKAN_TO_SRIPERUMBUDUR,1094.0,13.23,1.08,18.76,76.28,0,15.8,0
MUNDRA_TO_BHIWANDI,872.85,11.64,6.38,13.01,300.85,0,13.7,0
CHAKAN_TO_SRIPERUMBUDUR,1094.0,13.23,1.67,45.31,2.31,0,14.58,0
JNPT_TO_CHAKAN,136.67,1.75,1.73,17.66,14.54,0,2.1,0
BHIWANDI_TO_CHAKAN,156.03,1.93,0.47,52.92,3.16,0,2.26,0
CHAKAN_TO_SRIPERUMBUDUR,1094.0,13.23,1.99,27.03,12.93,0,15.61,0
JNPT_TO_CHAKAN,136.67,1.75,0.26,26.12,37.01,0,1.85,0
CHAKAN_TO_SRIPERUMBUDUR,1094.0,13.23,9.1,48.03,384.95,0,16.16,0
MUNDRA_TO_BHIWANDI,872.85,11.64,0.58,18.19,10.71,0,12.69,0
JNPT_TO_BHIWANDI,67.55,0.92,0.76,36.73,105.9,0,1.02,0
JNPT_TO_BHIWANDI,67.55,0.92,0.79,32.56,18.91,0,0.88,0
MUNDRA_TO_BHIWANDI,872.85,11.64,0.67,32.17,179.17,0,13.94,0
JNPT_TO_CHAKAN,136.67,1.75,0.9,53.6,46.05,0,1.61,0
JNPT_TO_CHAKAN,136.67,1.75,0.68,31.7,41.39,0,2.0,0
JNPT_TO_CHAKAN,136.67,1.75,1.24,53.29,16.68,0,1.84,0
CHAKAN_TO_SRIPERUMBUDUR,1094.0,13.23,1.99,13.27,255.04,0,15.1,0
JNPT_TO_CHAKAN,136.67,1.75,0.69,11.09,68.46,0,2.1,0
CHAKAN_TO_SRIPERUMBUDUR,1094.0,13.23,0.2,39.88,109.95,0,15.73,0
BHIWANDI_TO_CHAKAN,156.03,1.93,1.78,45.94,14.22,0,2.0,0
CHAKAN_TO_SRIPERUMBUDUR,1094.0,13.23,1.45,46.04,282.36,0,13.16,0
CHAKAN_TO_SRIPERUMBUDUR,1094.0,13.23,0.07,52.31,123.75,0,15.71,0
BHIWANDI_TO_CHAKAN,156.03,1.93,3.11,49.36,118.29,0,2.31,0
CHAKAN_TO_SRIPERUMBUDUR,1094.0,13.23,0.95,37.31,56.04,0,13.19,0
CHAKAN_TO_SRIPERUMBUDUR,1094.0,13.23,1.87,50.28,303.53,0,12.5,0
MUNDRA_TO_BHIWANDI,872.85,11.64,0.37,33.29,156.32,1,17.77,1
JNPT_TO_BHIWANDI,67.55,0.92,0.95,27.07,81.07,0,0.94,0
JNPT_TO_CHAKAN,136.67,1.75,7.94,47.96,79.33,0,1.86,0
JNPT_TO_CHAKAN,136.67,1.75,13.67,19.15,86.31,0,2.04,0
JNPT_TO_CHAKAN,136.67,1.75,1.7,37.3,17.81,0,1.86,0
JNPT_TO_BHIWANDI,67.55,0.92,0.65,47.6,82.99,0,0.95,0
JNPT_TO_BHIWANDI,67.55,0.92,0.17,59.07,46.64,0,0.95,0
BHIWANDI_TO_CHAKAN,156.03,1.93,0.11,32.78,3.93,0,1.79,0
JNPT_TO_CHAKAN,136.67,1.75,0.6,35.64,47.26,0,1.77,0
CHAKAN_TO_SRIPERUMBUDUR,1094.0,13.23,1.25,40.17,78.74,0,12.57,0
CHAKAN_TO_SRIPERUMBUDUR,1094.0,13.23,1.55,43.74,190.69,0,15.29,0
BHIWANDI_TO_CHAKAN,156.03,1.93,1.59,58.24,20.68,0,1.89,0
JNPT_TO_BHIWANDI,67.55,0.92,0.49,40.13,81.9,0,0.91,0
BHIWANDI_TO_CHAKAN,156.03,1.93,1.64,57.43,50.31,0,2.06,0
JNPT_TO_BHIWANDI,67.55,0.92,1.22,43.62,68.0,0,1.05,0
CHAKAN_TO_SRIPERUMBUDUR,1094.0,13.23,0.76,24.56,82.25,0,14.45,0
MUNDRA_TO_BHIWANDI,872.85,11.64,1.93,13.51,17.27,0,12.86,0
BHIWANDI_TO_CHAKAN,156.03,1.93,3.68,52.32,227.92,0,1.77,0
JNPT_TO_BHIWANDI,67.55,0.92,1.97,28.53,60.12,0,0.83,0
JNPT_TO_CHAKAN,136.67,1.75,0.84,52.53,87.86,0,1.73,0
MUNDRA_TO_BHIWANDI,872.85,11.64,1.97,44.51,157.93,0,10.73,0
JNPT_TO_CHAKAN,136.67,1.75,1.88,19.03,3.2,0,2.02,0
CHAKAN_TO_SRIPERUMBUDUR,1094.0,13.23,0.97,19.32,125.17,0,13.19,0
BHIWANDI_TO_CHAKAN,156.03,1.93,1.82,28.4,137.78,0,1.84,0
CHAKAN_TO_SRIPERUMBUDUR,1094.0,13.23,5.95,21.71,528.97,0,14.5,0
JNPT_TO_CHAKAN,136.67,1.75,0.66,59.31,12.39,0,1.91,0
JNPT_TO_CHAKAN,136.67,1.75,1.62,15.84,59.96,0,1.99,0
CHAKAN_TO_SRIPERUMBUDUR,1094.0,13.23,0.15,10.99,30.07,0,15.19,0
JNPT_TO_BHIWANDI,67.55,0.92,0.75,56.61,113.45,0,0.97,0
CHAKAN_TO_SRIPERUMBUDUR,1094.0,13.23,0.2,38.8,34.08,0,15.51,0
JNPT_TO_CHAKAN,136.67,1.75,0.03,45.1,85.27,0,1.78,0
JNPT_TO_CHAKAN,136.67,1.75,3.06,13.08,214.46,0,1.59,0
JNPT_TO_BHIWANDI,67.55,0.92,0.11,38.37,87.86,0,0.89,0
MUNDRA_TO_BHIWANDI,872.85,11.64,1.18,48.27,87.72,0,12.24,0
MUNDRA_TO_BHIWANDI,872.85,11.64,0.09,43.28,22.44,0,13.39,0
MUNDRA_TO_BHIWANDI,872.85,11.64,10.45,36.83,10.5,0,11.46,0
MUNDRA_TO_BHIWANDI,872.85,11.64,1.17,57.74,45.9,0,12.82,0
JNPT_TO_CHAKAN,136.67,1.75,1.47,46.53,16.39,0,1.71,0
JNPT_TO_CHAKAN,136.67,1.75,0.54,59.4,44.88,0,1.62,0
BHIWANDI_TO_CHAKAN,156.03,1.93,0.99,56.79,80.06,0,1.84,0
MUNDRA_TO_BHIWANDI,872.85,11.64,1.25,47.91,10.85,0,13.32,0
CHAKAN_TO_SRIPERUMBUDUR,1094.0,13.23,0.19,12.49,467.56,0,16.31,0
JNPT_TO_BHIWANDI,67.55,0.92,0.49,32.15,38.01,0,1.06,0
CHAKAN_TO_SRIPERUMBUDUR,1094.0,13.23,5.47,16.07,30.35,0,13.87,0
MUNDRA_TO_BHIWANDI,872.85,11.64,1.11,10.12,46.79,0,12.68,0
JNPT_TO_CHAKAN,136.67,1.75,0.39,57.35,190.61,0,2.05,0
MUNDRA_TO_BHIWANDI,872.85,11.64,1.19,22.62,10.8,0,13.72,0
MUNDRA_TO_BHIWANDI,872.85,11.64,1.03,34.21,108.22,0,12.45,0
JNPT_TO_CHAKAN,136.67,1.75,1.58,22.33,97.96,0,1.68,0
JNPT_TO_CHAKAN,136.67,1.75,1.58,46.87,115.03,0,1.72,0
BHIWANDI_TO_CHAKAN,156.03,1.93,1.4,27.24,327.34,0,2.44,1
JNPT_TO_CHAKAN,136.67,1.75,1.65,39.22,51.29,0,1.99,0
CHAKAN_TO_SRIPERUMBUDUR,1094.0,13.23,2.43,10.37,16.59,0,13.3,0
JNPT_TO_BHIWANDI,67.55,0.92,1.17,10.22,14.03,0,1.05,0
BHIWANDI_TO_CHAKAN,156.03,1.93,2.37,21.31,2.14,0,1.85,0
CHAKAN_TO_SRIPERUMBUDUR,1094.0,13.23,1.27,19.03,41.04,0,15.33,0
JNPT_TO_BHIWANDI,67.55,0.92,2.72,32.06,32.01,0,0.9,0
CHAKAN_TO_SRIPERUMBUDUR,1094.0,13.23,1.63,52.94,132.91,0,13.93,0
CHAKAN_TO_SRIPERUMBUDUR,1094.0,13.23,0.31,18.72,191.04,0,14.47,0
MUNDRA_TO_BHIWANDI,872.85,11.64,0.35,42.14,55.38,0,13.19,0
CHAKAN_TO_SRIPERUMBUDUR,1094.0,13.23,1.91,10.88,185.11,0,12.3,0
JNPT_TO_CHAKAN,136.67,1.75,0.27,36.84,55.91,0,1.76,0
CHAKAN_TO_SRIPERUMBUDUR,1094.0,13.23,0.9,36.34,60.17,0,15.58,0
JNPT_TO_CHAKAN,136.67,1.75,1.03,30.46,138.63,0,1.79,0
MUNDRA_TO_BHIWANDI,872.85,11.64,4.03,32.4,121.34,0,13.5,0
CHAKAN_TO_SRIPERUMBUDUR,1094.0,13.23,0.81,35.6,1.26,0,15.67,0
JNPT_TO_BHIWANDI,67.55,0.92,0.77,40.78,26.28,0,0.96,0
JNPT_TO_CHAKAN,136.67,1.75,5.4,20.93,20.19,0,1.71,0
CHAKAN_TO_SRIPERUMBUDUR,1094.0,13.23,7.89,59.52,18.77,1,23.19,1
BHIWANDI_TO_CHAKAN,156.03,1.93,0.12,13.13,71.41,0,2.25,0
JNPT_TO_BHIWANDI,67.55,0.92,7.41,13.63,40.64,0,1.02,0
MUNDRA_TO_BHIWANDI,872.85,11.64,0.77,58.46,162.21,0,12.96,0
CHAKAN_TO_SRIPERUMBUDUR,1094.0,13.23,0.5,40.17,1.96,0,15.31,0
JNPT_TO_CHAKAN,136.67,1.75,1.35,26.53,29.55,0,1.88,0
MUNDRA_TO_BHIWANDI,872.85,11.64,1.08,56.84,147.32,0,13.88,0
BHIWANDI_TO_CHAKAN,156.03,1.93,3.96,49.64,15.26,0,1.75,0
CHAKAN_TO_SRIPERUMBUDUR,1094.0,13.23,0.41,49.75,30.67,0,12.68,0
JNPT_TO_BHIWANDI,67.55,0.92,8.25,25.41,214.27,0,0.93,0
JNPT_TO_BHIWANDI,67.55,0.92,0.27,37.28,244.5,0,1.03,0
JNPT_TO_BHIWANDI,67.55,0.92,0.81,19.17,22.43,0,0.86,0
BHIWANDI_TO_CHAKAN,156.03,1.93,0.21,21.2,87.0,0,1.93,0
BHIWANDI_TO_CHAKAN,156.03,1.93,0.59,49.17,77.76,0,1.95,0
MUNDRA_TO_BHIWANDI,872.85,11.64,1.98,33.45,27.15,0,10.64,0
BHIWANDI_TO_CHAKAN,156.03,1.93,2.45,27.77,34.2,0,2.0,0
JNPT_TO_BHIWANDI,67.55,0.92,0.38,56.22,86.39,0,1.06,0
CHAKAN_TO_SRIPERUMBUDUR,1094.0,13.23,2.38,27.77,15.91,0,12.25,0
MUNDRA_TO_BHIWANDI,872.85,11.64,1.31,32.37,282.19,0,12.94,0
BHIWANDI_TO_CHAKAN,156.03,1.93,3.58,11.1,131.42,0,1.88,0
JNPT_TO_CHAKAN,136.67,1.75,0.55,37.84,286.47,0,1.62,0
JNPT_TO_BHIWANDI,67.55,0.92,1.25,48.78,168.96,0,1.02,0
MUNDRA_TO_BHIWANDI,872.85,11.64,1.34,57.12,107.47,0,11.41,0
BHIWANDI_TO_CHAKAN,156.03,1.93,1.45,23.14,20.43,0,2.05,0
MUNDRA_TO_BHIWANDI,872.85,11.64,0.58,21.27,28.29,0,11.0,0
BHIWANDI_TO_CHAKAN,156.03,1.93,1.83,51.38,19.94,0,2.13,0
JNPT_TO_BHIWANDI,67.55,0.92,1.11,39.28,140.2,0,0.89,0
MUNDRA_TO_BHIWANDI,872.85,11.64,0.44,41.75,148.51,0,13.49,0
BHIWANDI_TO_CHAKAN,156.03,1.93,0.36,41.6,187.22,0,2.31,0
BHIWANDI_TO_CHAKAN,156.03,1.93,1.86,23.43,23.8,0,2.07,0
JNPT_TO_CHAKAN,136.67,1.75,1.37,54.58,28.3,0,1.83,0
CHAKAN_TO_SRIPERUMBUDUR,1094.0,13.23,1.13,18.26,5.37,0,15.84,0
CHAKAN_TO_SRIPERUMBUDUR,1094.0,13.23,1.6,19.04,36.59,0,12.27,0
BHIWANDI_TO_CHAKAN,156.03,1.93,0.79,58.51,45.81,0,1.89,0
MUNDRA_TO_BHIWANDI,872.85,11.64,0.26,31.0,34.52,0,13.15,0
JNPT_TO_BHIWANDI,67.55,0.92,1.56,24.05,254.24,0,0.89,0
CHAKAN_TO_SRIPERUMBUDUR,1094.0,13.23,1.98,17.66,18.07,0,14.05,0
JNPT_TO_CHAKAN,136.67,1.75,1.48,27.52,160.28,0,1.82,0
JNPT_TO_CHAKAN,136.67,1.75,6.87,35.36,98.93,0,1.88,0
BHIWANDI_TO_CHAKAN,156.03,1.93,1.35,40.26,52.2,0,2.27,0
JNPT_TO_CHAKAN,136.67,1.75,0.82,29.44,44.0,0,1.93,0
CHAKAN_TO_SRIPERUMBUDUR,1094.0,13.23,1.78,17.74,38.92,0,15.42,0
JNPT_TO_BHIWANDI,67.55,0.92,1.45,46.42,81.88,0,0.84,0
BHIWANDI_TO_CHAKAN,156.03,1.93,0.12,57.06,118.43,0,1.84,0
JNPT_TO_CHAKAN,136.67,1.75,0.92,47.25,5.22,0,1.74,0
CHAKAN_TO_SRIPERUMBUDUR,1094.0,13.23,1.87,18.6,39.79,0,14.25,0
BHIWANDI_TO_CHAKAN,156.03,1.93,0.95,52.78,47.12,0,2.14,0
JNPT_TO_BHIWANDI,67.55,0.92,0.92,19.22,96.83,0,0.9,0
CHAKAN_TO_SRIPERUMBUDUR,1094.0,13.23,1.04,39.31,38.78,0,14.63,0
JNPT_TO_BHIWANDI,67.55,0.92,0.32,44.69,225.42,0,0.96,0
JNPT_TO_BHIWANDI,67.55,0.92,14.32,41.66,66.98,0,0.88,0
JNPT_TO_BHIWANDI,67.55,0.92,1.47,49.59,143.04,0,1.09,0
MUNDRA_TO_BHIWANDI,872.85,11.64,0.35,52.96,80.19,0,13.3,0
CHAKAN_TO_SRIPERUMBUDUR,1094.0,13.23,1.34,16.6,143.8,0,13.06,0
CHAKAN_TO_SRIPERUMBUDUR,1094.0,13.23,0.36,19.79,60.83,0,12.89,0
JNPT_TO_BHIWANDI,67.55,0.92,1.45,29.35,3.9,0,0.89,0
CHAKAN_TO_SRIPERUMBUDUR,1094.0,13.23,0.16,37.79,1.3,0,13.24,0
CHAKAN_TO_SRIPERUMBUDUR,1094.0,13.23,1.25,51.37,19.06,0,13.08,0
MUNDRA_TO_BHIWANDI,872.85,11.64,0.72,52.78,238.58,0,11.96,0
JNPT_TO_CHAKAN,136.67,1.75,0.19,15.53,66.33,0,1.98,0
BHIWANDI_TO_CHAKAN,156.03,1.93,0.21,13.94,152.54,0,2.0,0
CHAKAN_TO_SRIPERUMBUDUR,1094.0,13.23,4.48,39.78,41.98,0,14.02,0
BHIWANDI_TO_CHAKAN,156.03,1.93,0.13,17.59,0.74,0,1.97,0
JNPT_TO_CHAKAN,136.67,1.75,0.12,19.05,650.37,0,2.74,1
JNPT_TO_BHIWANDI,67.55,0.92,0.1,54.06,132.01,0,0.85,0
JNPT_TO_CHAKAN,136.67,1.75,0.92,45.53,224.71,0,1.94,0
MUNDRA_TO_BHIWANDI,872.85,11.64,0.49,25.57,24.81,0,11.51,0
JNPT_TO_CHAKAN,136.67,1.75,0.93,21.43,65.44,0,2.02,0
CHAKAN_TO_SRIPERUMBUDUR,1094.0,13.23,0.28,10.35,61.37,0,13.16,0
JNPT_TO_BHIWANDI,67.55,0.92,1.68,58.25,7.31,0,0.85,0
MUNDRA_TO_BHIWANDI,872.85,11.64,0.52,43.91,72.49,0,10.93,0
JNPT_TO_CHAKAN,136.67,1.75,4.88,23.69,61.83,0,1.79,0
JNPT_TO_CHAKAN,136.67,1.75,1.02,45.8,43.06,0,1.69,0
BHIWANDI_TO_CHAKAN,156.03,1.93,1.8,19.91,64.56,0,2.2,0
JNPT_TO_CHAKAN,136.67,1.75,1.41,30.77,5.16,0,1.76,0
JNPT_TO_BHIWANDI,67.55,0.92,4.69,14.6,39.24,0,1.0,0
MUNDRA_TO_BHIWANDI,872.85,11.64,1.37,53.08,41.58,0,13.73,0
BHIWANDI_TO_CHAKAN,156.03,1.93,0.47,12.09,273.25,0,2.03,0
BHIWANDI_TO_CHAKAN,156.03,1.93,6.58,17.7,27.44,0,1.9,0
CHAKAN_TO_SRIPERUMBUDUR,1094.0,13.23,1.13,35.52,257.4,0,12.13,0
JNPT_TO_CHAKAN,136.67,1.75,6.51,49.39,290.86,0,1.95,0
JNPT_TO_BHIWANDI,67.55,0.92,0.89,29.16,33.31,0,0.97,0
CHAKAN_TO_SRIPERUMBUDUR,1094.0,13.23,1.6,28.3,41.81,0,13.66,0
JNPT_TO_CHAKAN,136.67,1.75,0.23,32.01,70.82,0,1.7,0
BHIWANDI_TO_CHAKAN,156.03,1.93,1.27,21.46,83.88,0,1.9,0
JNPT_TO_BHIWANDI,67.55,0.92,0.69,36.46,48.66,0,1.02,0
BHIWANDI_TO_CHAKAN,156.03,1.93,0.55,58.34,168.68,0,2.01,0
CHAKAN_TO_SRIPERUMBUDUR,1094.0,13.23,1.81,55.13,282.77,0,15.87,0
CHAKAN_TO_SRIPERUMBUDUR,1094.0,13.23,0.59,21.0,98.84,0,12.14,0
MUNDRA_TO_BHIWANDI,872.85,11.64,0.68,52.48,11.57,0,12.28,0
CHAKAN_TO_SRIPERUMBUDUR,1094.0,13.23,3.58,25.7,380.93,0,13.65,0
JNPT_TO_BHIWANDI,67.55,0.92,12.16,26.03,81.95,0,1.0,0
CHAKAN_TO_SRIPERUMBUDUR,1094.0,13.23,0.9,26.22,12.24,0,12.95,0
MUNDRA_TO_BHIWANDI,872.85,11.64,0.86,26.8,38.15,0,13.82,0
CHAKAN_TO_SRIPERUMBUDUR,1094.0,13.23,14.28,22.5,83.25,0,12.77,0
MUNDRA_TO_BHIWANDI,872.85,11.64,1.19,50.18,43.37,0,11.05,0
MUNDRA_TO_BHIWANDI,872.85,11.64,2.3,33.98,18.65,1,18.3,1
JNPT_TO_CHAKAN,136.67,1.75,4.74,46.26,32.76,0,1.64,0
JNPT_TO_CHAKAN,136.67,1.75,1.85,26.29,75.71,0,1.62,0
JNPT_TO_CHAKAN,136.67,1.75,0.74,31.73,122.31,0,1.84,0
BHIWANDI_TO_CHAKAN,156.03,1.93,1.42,38.61,223.74,0,2.07,0
JNPT_TO_CHAKAN,136.67,1.75,1.66,23.49,82.46,0,1.59,0
MUNDRA_TO_BHIWANDI,872.85,11.64,0.6,40.8,67.31,0,13.61,0
CHAKAN_TO_SRIPERUMBUDUR,1094.0,13.23,0.66,13.3,6.99,0,15.38,0
JNPT_TO_CHAKAN,136.67,1.75,1.24,14.18,146.33,0,1.69,0
BHIWANDI_TO_CHAKAN,156.03,1.93,0.15,28.65,34.75,0,2.29,0
BHIWANDI_TO_CHAKAN,156.03,1.93,0.16,36.75,280.13,0,2.06,0
MUNDRA_TO_BHIWANDI,872.85,11.64,0.84,16.37,49.6,0,10.64,0
CHAKAN_TO_SRIPERUMBUDUR,1094.0,13.23,1.63,26.3,29.39,0,15.79,0
JNPT_TO_BHIWANDI,67.55,0.92,1.03,51.74,25.86,0,0.96,0
JNPT_TO_CHAKAN,136.67,1.75,6.26,52.4,15.13,0,1.88,0
JNPT_TO_BHIWANDI,67.55,0.92,0.1,31.17,71.26,0,0.96,0
CHAKAN_TO_SRIPERUMBUDUR,1094.0,13.23,1.9,20.32,32.94,0,13.43,0
BHIWANDI_TO_CHAKAN,156.03,1.93,1.64,46.34,63.7,0,2.29,0
JNPT_TO_CHAKAN,136.67,1.75,3.32,18.2,49.94,1,6.47,1
MUNDRA_TO_BHIWANDI,872.85,11.64,0.38,42.25,1.3,0,10.64,0
JNPT_TO_BHIWANDI,67.55,0.92,0.87,48.89,152.47,0,0.97,0
BHIWANDI_TO_CHAKAN,156.03,1.93,5.33,50.13,85.75,0,1.99,0
MUNDRA_TO_BHIWANDI,872.85,11.64,0.49,35.06,106.36,0,13.36,0
MUNDRA_TO_BHIWANDI,872.85,11.64,1.17,48.71,175.93,1,20.3,1
BHIWANDI_TO_CHAKAN,156.03,1.93,1.07,44.75,56.05,0,1.84,0
JNPT_TO_CHAKAN,136.67,1.75,0.45,24.75,30.99,0,1.73,0
BHIWANDI_TO_CHAKAN,156.03,1.93,0.36,22.26,120.34,0,2.31,0
JNPT_TO_BHIWANDI,67.55,0.92,1.72,22.49,30.43,0,0.91,0
JNPT_TO_CHAKAN,136.67,1.75,0.65,32.6,15.93,0,1.95,0
CHAKAN_TO_SRIPERUMBUDUR,1094.0,13.23,1.0,34.81,224.31,0,13.99,0
CHAKAN_TO_SRIPERUMBUDUR,1094.0,13.23,0.75,13.12,290.57,0,14.68,0
MUNDRA_TO_BHIWANDI,872.85,11.64,3.14,56.9,74.13,0,11.87,0
JNPT_TO_CHAKAN,136.67,1.75,0.07,41.45,28.95,0,1.91,0
BHIWANDI_TO_CHAKAN,156.03,1.93,1.82,21.89,2.32,0,1.9,0
CHAKAN_TO_SRIPERUMBUDUR,1094.0,13.23,1.44,49.82,286.69,0,14.92,0
JNPT_TO_BHIWANDI,67.55,0.92,0.56,26.67,19.94,0,1.02,0
BHIWANDI_TO_CHAKAN,156.03,1.93,1.71,19.88,29.77,0,2.22,0
JNPT_TO_CHAKAN,136.67,1.75,4.51,29.53,209.67,0,1.65,0
JNPT_TO_CHAKAN,136.67,1.75,1.95,26.06,27.12,0,1.63,0
JNPT_TO_CHAKAN,136.67,1.75,2.1,44.27,59.07,0,1.99,0
JNPT_TO_BHIWANDI,67.55,0.92,1.56,47.3,73.61,0,1.0,0
CHAKAN_TO_SRIPERUMBUDUR,1094.0,13.23,1.55,34.09,0.28,0,12.97,0
MUNDRA_TO_BHIWANDI,872.85,11.64,1.91,10.51,19.18,0,13.32,0
JNPT_TO_BHIWANDI,67.55,0.92,0.79,23.17,87.19,0,0.94,0
CHAKAN_TO_SRIPERUMBUDUR,1094.0,13.23,1.92,22.16,71.59,0,13.24,0
JNPT_TO_BHIWANDI,67.55,0.92,1.95,10.49,3.28,0,0.93,0
JNPT_TO_BHIWANDI,67.55,0.92,1.6,28.72,82.55,0,0.88,0
JNPT_TO_CHAKAN,136.67,1.75,4.44,50.66,363.09,0,2.02,0
JNPT_TO_BHIWANDI,67.55,0.92,1.67,34.22,3.74,0,0.86,0
MUNDRA_TO_BHIWANDI,872.85,11.64,0.68,11.04,58.73,0,12.17,0
JNPT_TO_CHAKAN,136.67,1.75,6.47,55.88,62.68,0,2.04,0
CHAKAN_TO_SRIPERUMBUDUR,1094.0,13.23,1.49,28.52,60.41,0,13.66,0
CHAKAN_TO_SRIPERUMBUDUR,1094.0,13.23,1.89,27.25,20.29,0,13.88,0
MUNDRA_TO_BHIWANDI,872.85,11.64,1.97,27.32,53.41,0,11.85,0
JNPT_TO_CHAKAN,136.67,1.75,0.89,22.3,81.91,0,1.9,0
JNPT_TO_BHIWANDI,67.55,0.92,1.17,26.0,222.63,0,1.07,0
CHAKAN_TO_SRIPERUMBUDUR,1094.0,13.23,0.02,41.19,0.4,0,13.45,0
CHAKAN_TO_SRIPERUMBUDUR,1094.0,13.23,0.87,29.43,31.07,0,15.53,0
BHIWANDI_TO_CHAKAN,156.03,1.93,1.4,32.78,3.48,0,2.31,0
BHIWANDI_TO_CHAKAN,156.03,1.93,0.55,24.01,85.12,0,1.99,0
MUNDRA_TO_BHIWANDI,872.85,11.64,9.85,24.3,100.11,0,11.44,0
BHIWANDI_TO_CHAKAN,156.03,1.93,3.63,47.63,42.98,0,1.87,0
CHAKAN_TO_SRIPERUMBUDUR,1094.0,13.23,1.34,30.31,21.45,0,13.1,0
JNPT_TO_CHAKAN,136.67,1.75,0.65,32.94,87.77,0,1.87,0
JNPT_TO_CHAKAN,136.67,1.75,1.55,29.18,49.83,0,1.69,0
BHIWANDI_TO_CHAKAN,156.03,1.93,0.04,37.15,102.14,0,2.15,0
BHIWANDI_TO_CHAKAN,156.03,1.93,0.79,42.04,48.63,0,2.21,0
CHAKAN_TO_SRIPERUMBUDUR,1094.0,13.23,1.97,41.62,193.59,0,14.42,0
CHAKAN_TO_SRIPERUMBUDUR,1094.0,13.23,1.22,55.22,6.63,0,13.92,0
JNPT_TO_BHIWANDI,67.55,0.92,0.71,44.08,27.01,0,0.99,0
JNPT_TO_CHAKAN,136.67,1.75,0.84,18.83,119.1,0,2.06,0
MUNDRA_TO_BHIWANDI,872.85,11.64,1.43,11.54,155.76,0,10.84,0
MUNDRA_TO_BHIWANDI,872.85,11.64,1.52,35.87,139.15,0,12.8,0
CHAKAN_TO_SRIPERUMBUDUR,1094.0,13.23,12.43,44.4,64.67,0,15.38,0
CHAKAN_TO_SRIPERUMBUDUR,1094.0,13.23,7.16,41.2,148.65,0,14.3,0
BHIWANDI_TO_CHAKAN,156.03,1.93,1.21,35.05,18.85,0,2.29,0
JNPT_TO_CHAKAN,136.67,1.75,0.6,48.25,250.82,0,1.66,0
JNPT_TO_CHAKAN,136.67,1.75,0.47,36.24,89.19,0,1.75,0
JNPT_TO_CHAKAN,136.67,1.75,0.81,46.57,4.76,0,1.95,0
MUNDRA_TO_BHIWANDI,872.85,11.64,4.51,35.45,56.54,0,13.27,0
JNPT_TO_BHIWANDI,67.55,0.92,0.04,58.73,55.36,0,0.95,0
CHAKAN_TO_SRIPERUMBUDUR,1094.0,13.23,0.77,12.81,70.29,0,12.75,0
MUNDRA_TO_BHIWANDI,872.85,11.64,1.87,56.79,174.29,0,12.17,0
CHAKAN_TO_SRIPERUMBUDUR,1094.0,13.23,1.36,12.41,165.27,0,15.65,0
BHIWANDI_TO_CHAKAN,156.03,1.93,1.6,51.34,62.21,0,1.79,0
MUNDRA_TO_BHIWANDI,872.85,11.64,1.38,27.95,0.08,0,12.29,0
MUNDRA_TO_BHIWANDI,872.85,11.64,0.31,26.49,39.06,0,12.44,0
CHAKAN_TO_SRIPERUMBUDUR,1094.0,13.23,1.94,30.5,12.03,0,15.09,0
BHIWANDI_TO_CHAKAN,156.03,1.93,0.44,26.69,18.35,0,2.27,0
CHAKAN_TO_SRIPERUMBUDUR,1094.0,13.23,1.16,11.8,473.26,0,13.73,0
CHAKAN_TO_SRIPERUMBUDUR,1094.0,13.23,1.63,43.86,15.33,0,14.48,0
JNPT_TO_CHAKAN,136.67,1.75,3.18,27.01,174.76,0,2.05,0
BHIWANDI_TO_CHAKAN,156.03,1.93,0.6,36.54,133.16,0,2.02,0
JNPT_TO_CHAKAN,136.67,1.75,1.05,59.95,317.67,0,2.38,1
JNPT_TO_BHIWANDI,67.55,0.92,0.17,29.13,42.05,0,0.91,0
JNPT_TO_BHIWANDI,67.55,0.92,0.53,15.4,113.59,0,1.01,0
CHAKAN_TO_SRIPERUMBUDUR,1094.0,13.23,1.89,28.85,347.75,0,13.05,0
MUNDRA_TO_BHIWANDI,872.85,11.64,1.64,55.08,214.33,0,12.42,0
JNPT_TO_CHAKAN,136.67,1.75,2.36,53.04,131.42,0,2.06,0
CHAKAN_TO_SRIPERUMBUDUR,1094.0,13.23,0.45,42.55,72.83,0,12.82,0
BHIWANDI_TO_CHAKAN,156.03,1.93,0.32,35.98,69.26,0,1.99,0
JNPT_TO_CHAKAN,136.67,1.75,1.94,38.11,8.83,0,1.81,0
CHAKAN_TO_SRIPERUMBUDUR,1094.0,13.23,1.28,48.45,39.81,0,15.34,0
CHAKAN_TO_SRIPERUMBUDUR,1094.0,13.23,1.38,56.42,62.7,0,14.17,0
CHAKAN_TO_SRIPERUMBUDUR,1094.0,13.23,11.68,14.6,19.17,0,14.23,0
MUNDRA_TO_BHIWANDI,872.85,11.64,1.66,17.19,247.91,0,13.11,0
BHIWANDI_TO_CHAKAN,156.03,1.93,1.76,15.32,26.71,0,2.3,0
JNPT_TO_BHIWANDI,67.55,0.92,1.22,20.87,82.33,0,1.03,0
JNPT_TO_CHAKAN,136.67,1.75,0.17,56.55,59.3,0,1.65,0
BHIWANDI_TO_CHAKAN,156.03,1.93,2.81,48.7,46.77,0,2.18,0
JNPT_TO_CHAKAN,136.67,1.75,3.21,38.49,19.97,0,1.89,0
MUNDRA_TO_BHIWANDI,872.85,11.64,0.72,32.01,156.31,0,13.25,0
MUNDRA_TO_BHIWANDI,872.85,11.64,1.67,17.7,29.34,0,12.87,0
CHAKAN_TO_SRIPERUMBUDUR,1094.0,13.23,0.57,37.12,284.63,0,13.09,0
BHIWANDI_TO_CHAKAN,156.03,1.93,0.32,45.4,34.92,0,1.89,0
JNPT_TO_CHAKAN,136.67,1.75,1.54,18.82,500.15,0,2.44,1
MUNDRA_TO_BHIWANDI,872.85,11.64,1.69,17.29,112.43,0,12.47,0
CHAKAN_TO_SRIPERUMBUDUR,1094.0,13.23,0.08,57.36,44.27,0,13.88,0
MUNDRA_TO_BHIWANDI,872.85,11.64,0.59,15.82,16.91,0,12.96,0
JNPT_TO_CHAKAN,136.67,1.75,0.43,26.55,241.89,0,1.65,0
JNPT_TO_CHAKAN,136.67,1.75,1.64,26.91,209.59,0,1.78,0
MUNDRA_TO_BHIWANDI,872.85,11.64,0.77,50.14,15.78,0,11.67,0
BHIWANDI_TO_CHAKAN,156.03,1.93,0.31,49.5,92.63,0,1.78,0
BHIWANDI_TO_CHAKAN,156.03,1.93,0.78,42.19,47.79,0,2.02,0
JNPT_TO_BHIWANDI,67.55,0.92,0.04,20.91,177.51,0,1.07,0
MUNDRA_TO_BHIWANDI,872.85,11.64,1.17,43.8,46.5,0,12.26,0
CHAKAN_TO_SRIPERUMBUDUR,1094.0,13.23,0.4,14.96,6.5,0,14.2,0
JNPT_TO_CHAKAN,136.67,1.75,4.1,52.41,4.79,0,1.98,0
CHAKAN_TO_SRIPERUMBUDUR,1094.0,13.23,4.78,18.29,68.61,0,15.04,0
JNPT_TO_BHIWANDI,67.55,0.92,1.16,26.88,614.45,0,1.58,1
JNPT_TO_CHAKAN,136.67,1.75,1.24,19.56,207.79,0,2.08,0
JNPT_TO_BHIWANDI,67.55,0.92,0.47,48.28,368.04,0,1.22,1
MUNDRA_TO_BHIWANDI,872.85,11.64,0.25,26.05,24.25,0,13.11,0
CHAKAN_TO_SRIPERUMBUDUR,1094.0,13.23,1.84,31.59,12.87,0,12.78,0
JNPT_TO_BHIWANDI,67.55,0.92,0.98,40.13,15.85,0,1.08,0
JNPT_TO_BHIWANDI,67.55,0.92,1.62,11.67,76.05,0,1.0,0
MUNDRA_TO_BHIWANDI,872.85,11.64,8.64,24.62,35.28,0,12.95,0
JNPT_TO_CHAKAN,136.67,1.75,1.99,56.9,2.54,0,1.86,0
BHIWANDI_TO_CHAKAN,156.03,1.93,1.5,17.8,91.44,0,1.96,0
MUNDRA_TO_BHIWANDI,872.85,11.64,1.88,12.34,25.76,0,11.23,0
MUNDRA_TO_BHIWANDI,872.85,11.64,1.99,44.78,38.78,0,13.0,0
JNPT_TO_CHAKAN,136.67,1.75,1.56,16.05,259.55,1,6.92,1
BHIWANDI_TO_CHAKAN,156.03,1.93,0.08,27.28,255.24,0,2.11,0
BHIWANDI_TO_CHAKAN,156.03,1.93,0.4,55.6,110.59,0,1.85,0
JNPT_TO_BHIWANDI,67.55,0.92,0.3,44.73,89.03,0,0.99,0
BHIWANDI_TO_CHAKAN,156.03,1.93,0.42,24.1,30.05,0,2.08,0
JNPT_TO_BHIWANDI,67.55,0.92,0.76,52.67,221.6,1,6.1,1
BHIWANDI_TO_CHAKAN,156.03,1.93,1.48,24.82,87.56,0,2.22,0
BHIWANDI_TO_CHAKAN,156.03,1.93,3.57,44.09,51.25,0,1.97,0
BHIWANDI_TO_CHAKAN,156.03,1.93,2.78,26.11,12.76,0,2.03,0
BHIWANDI_TO_CHAKAN,156.03,1.93,1.85,48.76,109.02,0,2.27,0
MUNDRA_TO_BHIWANDI,872.85,11.64,1.4,58.76,191.71,0,13.37,0
JNPT_TO_CHAKAN,136.67,1.75,1.89,26.13,101.33,0,1.79,0
JNPT_TO_BHIWANDI,67.55,0.92,0.92,34.99,23.39,0,1.0,0
JNPT_TO_CHAKAN,136.67,1.75,1.58,54.68,249.75,0,1.99,0
JNPT_TO_CHAKAN,136.67,1.75,0.59,49.41,156.28,0,2.02,0
CHAKAN_TO_SRIPERUMBUDUR,1094.0,13.23,1.45,27.11,29.28,0,14.99,0
MUNDRA_TO_BHIWANDI,872.85,11.64,1.57,37.38,78.34,0,12.21,0
MUNDRA_TO_BHIWANDI,872.85,11.64,0.15,57.04,9.65,0,12.86,0
BHIWANDI_TO_CHAKAN,156.03,1.93,1.78,14.65,5.84,0,2.01,0
BHIWANDI_TO_CHAKAN,156.03,1.93,0.04,17.96,21.43,0,1.99,0
JNPT_TO_BHIWANDI,67.55,0.92,6.08,48.47,101.55,0,1.01,0
JNPT_TO_CHAKAN,136.67,1.75,0.13,56.52,17.93,0,1.96,0
JNPT_TO_CHAKAN,136.67,1.75,0.13,51.21,76.87,0,1.69,0
CHAKAN_TO_SRIPERUMBUDUR,1094.0,13.23,0.39,52.42,16.01,0,14.57,0
JNPT_TO_CHAKAN,136.67,1.75,0.76,48.4,456.54,0,2.56,1
JNPT_TO_BHIWANDI,67.55,0.92,1.15,13.51,104.87,0,0.98,0
BHIWANDI_TO_CHAKAN,156.03,1.93,3.02,25.92,8.22,0,2.03,0
JNPT_TO_BHIWANDI,67.55,0.92,1.46,38.51,105.42,0,1.03,0
BHIWANDI_TO_CHAKAN,156.03,1.93,0.72,19.21,289.75,1,9.58,1
MUNDRA_TO_BHIWANDI,872.85,11.64,1.17,20.55,45.56,0,13.42,0
MUNDRA_TO_BHIWANDI,872.85,11.64,1.78,16.72,68.08,0,13.0,0
JNPT_TO_BHIWANDI,67.55,0.92,1.87,11.43,67.88,0,0.95,0
JNPT_TO_BHIWANDI,67.55,0.92,1.01,47.83,39.82,0,0.91,0
JNPT_TO_BHIWANDI,67.55,0.92,1.65,55.62,71.99,0,0.91,0
MUNDRA_TO_BHIWANDI,872.85,11.64,9.3,54.5,71.35,0,11.54,0
BHIWANDI_TO_CHAKAN,156.03,1.93,0.25,18.06,84.9,0,1.87,0
CHAKAN_TO_SRIPERUMBUDUR,1094.0,13.23,2.93,26.17,118.49,0,14.43,0
CHAKAN_TO_SRIPERUMBUDUR,1094.0,13.23,1.33,14.54,82.86,0,15.05,0
JNPT_TO_BHIWANDI,67.55,0.92,0.61,21.41,32.19,0,0.84,0
JNPT_TO_CHAKAN,136.67,1.75,0.13,57.25,27.53,0,1.62,0
CHAKAN_TO_SRIPERUMBUDUR,1094.0,13.23,1.22,35.41,78.95,0,14.16,0
CHAKAN_TO_SRIPERUMBUDUR,1094.0,13.23,3.4,52.83,18.45,0,12.82,0
MUNDRA_TO_BHIWANDI,872.85,11.64,3.43,18.5,9.84,0,12.88,0
JNPT_TO_BHIWANDI,67.55,0.92,1.95,47.54,132.03,0,0.98,0
JNPT_TO_CHAKAN,136.67,1.75,1.73,54.53,194.29,0,1.6,0
MUNDRA_TO_BHIWANDI,872.85,11.64,1.58,57.91,36.48,0,12.06,0
JNPT_TO_CHAKAN,136.67,1.75,0.07,58.84,131.37,1,8.92,1
MUNDRA_TO_BHIWANDI,872.85,11.64,7.06,53.25,70.34,0,10.88,0
MUNDRA_TO_BHIWANDI,872.85,11.64,0.66,58.98,118.81,0,12.28,0
JNPT_TO_BHIWANDI,67.55,0.92,14.44,19.67,32.18,0,1.0,0
CHAKAN_TO_SRIPERUMBUDUR,1094.0,13.23,0.05,19.18,7.94,0,12.74,0
MUNDRA_TO_BHIWANDI,872.85,11.64,1.65,27.61,95.83,0,11.55,0
CHAKAN_TO_SRIPERUMBUDUR,1094.0,13.23,2.0,39.67,53.22,0,15.46,0
BHIWANDI_TO_CHAKAN,156.03,1.93,0.91,26.14,80.77,0,2.16,0
JNPT_TO_CHAKAN,136.67,1.75,0.21,24.9,63.4,0,2.04,0
MUNDRA_TO_BHIWANDI,872.85,11.64,10.04,29.22,190.88,0,13.96,0
JNPT_TO_CHAKAN,136.67,1.75,0.43,21.47,170.6,0,1.76,0
JNPT_TO_CHAKAN,136.67,1.75,1.07,59.18,85.79,0,1.71,0
CHAKAN_TO_SRIPERUMBUDUR,1094.0,13.23,0.52,54.58,107.89,0,14.26,0
MUNDRA_TO_BHIWANDI,872.85,11.64,6.72,11.28,191.55,0,11.41,0
JNPT_TO_BHIWANDI,67.55,0.92,0.12,50.35,96.65,0,1.0,0
JNPT_TO_CHAKAN,136.67,1.75,1.37,25.33,85.55,0,2.01,0
MUNDRA_TO_BHIWANDI,872.85,11.64,0.21,18.04,99.46,0,11.33,0
MUNDRA_TO_BHIWANDI,872.85,11.64,0.31,12.62,190.74,0,10.9,0
JNPT_TO_BHIWANDI,67.55,0.92,1.43,58.77,65.98,0,0.97,0
JNPT_TO_BHIWANDI,67.55,0.92,11.3,54.29,215.96,0,0.94,0
CHAKAN_TO_SRIPERUMBUDUR,1094.0,13.23,0.62,48.95,92.32,0,14.78,0
MUNDRA_TO_BHIWANDI,872.85,11.64,0.62,57.82,90.45,0,10.72,0
CHAKAN_TO_SRIPERUMBUDUR,1094.0,13.23,0.86,11.08,230.46,0,13.91,0
JNPT_TO_BHIWANDI,67.55,0.92,0.33,15.28,96.56,0,1.08,0
JNPT_TO_BHIWANDI,67.55,0.92,0.98,58.99,93.93,0,0.98,0
BHIWANDI_TO_CHAKAN,156.03,1.93,2.98,47.72,22.53,0,2.15,0
CHAKAN_TO_SRIPERUMBUDUR,1094.0,13.23,1.92,13.84,63.11,0,15.47,0
BHIWANDI_TO_CHAKAN,156.03,1.93,1.49,45.8,90.07,0,2.16,0
MUNDRA_TO_BHIWANDI,872.85,11.64,1.24,31.85,23.22,0,13.1,0
CHAKAN_TO_SRIPERUMBUDUR,1094.0,13.23,1.85,49.98,48.8,0,15.36,0
MUNDRA_TO_BHIWANDI,872.85,11.64,1.57,17.19,61.44,0,13.21,0
MUNDRA_TO_BHIWANDI,872.85,11.64,0.2,55.31,33.85,0,11.49,0
CHAKAN_TO_SRIPERUMBUDUR,1094.0,13.23,0.75,15.24,42.52,0,14.58,0
JNPT_TO_CHAKAN,136.67,1.75,0.44,29.82,72.6,0,1.85,0
JNPT_TO_CHAKAN,136.67,1.75,13.32,13.16,295.96,0,2.03,0
JNPT_TO_BHIWANDI,67.55,0.92,15.21,46.62,83.98,0,2.6,1
CHAKAN_TO_SRIPERUMBUDUR,1094.0,13.23,1.44,52.8,61.98,0,15.57,0
JNPT_TO_BHIWANDI,67.55,0.92,0.33,24.1,21.57,0,0.99,0
JNPT_TO_BHIWANDI,67.55,0.92,0.82,17.04,8.95,0,1.03,0
JNPT_TO_BHIWANDI,67.55,0.92,1.79,18.06,45.64,0,1.0,0
JNPT_TO_CHAKAN,136.67,1.75,0.14,13.04,240.61,0,2.04,0
BHIWANDI_TO_CHAKAN,156.03,1.93,0.64,50.87,66.2,0,1.86,0
JNPT_TO_CHAKAN,136.67,1.75,0.34,45.11,332.15,0,2.36,1
BHIWANDI_TO_CHAKAN,156.03,1.93,12.48,20.06,51.2,1,8.43,1
BHIWANDI_TO_CHAKAN,156.03,1.93,1.7,30.83,59.66,0,1.75,0
MUNDRA_TO_BHIWANDI,872.85,11.64,3.3,48.43,242.51,0,11.58,0
BHIWANDI_TO_CHAKAN,156.03,1.93,1.97,41.71,51.84,0,1.95,0
BHIWANDI_TO_CHAKAN,156.03,1.93,0.24,17.31,109.25,0,2.25,0
JNPT_TO_BHIWANDI,67.55,0.92,1.08,41.53,15.14,0,0.95,0
MUNDRA_TO_BHIWANDI,872.85,11.64,0.41,10.1,49.84,0,13.05,0
CHAKAN_TO_SRIPERUMBUDUR,1094.0,13.23,1.79,39.68,131.1,0,14.47,0
MUNDRA_TO_BHIWANDI,872.85,11.64,1.57,45.73,101.86,0,10.83,0
JNPT_TO_BHIWANDI,67.55,0.92,0.24,32.73,345.77,0,1.44,1
CHAKAN_TO_SRIPERUMBUDUR,1094.0,13.23,1.51,58.7,92.88,0,15.81,0
JNPT_TO_BHIWANDI,67.55,0.92,5.41,30.13,298.44,0,0.83,0
MUNDRA_TO_BHIWANDI,872.85,11.64,1.96,29.14,208.46,0,11.73,0
CHAKAN_TO_SRIPERUMBUDUR,1094.0,13.23,0.57,26.04,177.71,0,12.89,0
CHAKAN_TO_SRIPERUMBUDUR,1094.0,13.23,1.57,44.6,49.65,0,13.0,0
MUNDRA_TO_BHIWANDI,872.85,11.64,1.37,59.91,17.76,0,11.08,0
JNPT_TO_BHIWANDI,67.55,0.92,0.59,13.23,20.91,0,0.97,0
JNPT_TO_BHIWANDI,67.55,0.92,0.29,14.81,29.5,0,1.06,0
JNPT_TO_BHIWANDI,67.55,0.92,0.73,51.5,215.15,0,0.91,0
JNPT_TO_CHAKAN,136.67,1.75,1.83,42.87,44.1,0,1.92,0
MUNDRA_TO_BHIWANDI,872.85,11.64,1.87,29.74,197.29,0,11.08,0
JNPT_TO_BHIWANDI,67.55,0.92,0.63,23.1,62.02,0,0.92,0
JNPT_TO_CHAKAN,136.67,1.75,1.6,53.86,29.18,0,1.6,0
JNPT_TO_CHAKAN,136.67,1.75,0.07,31.41,96.38,0,1.84,0
JNPT_TO_CHAKAN,136.67,1.75,1.8,46.27,80.73,0,2.07,0
JNPT_TO_BHIWANDI,67.55,0.92,1.96,42.56,309.95,0,1.35,1
JNPT_TO_CHAKAN,136.67,1.75,0.01,45.58,261.68,0,1.6,0
CHAKAN_TO_SRIPERUMBUDUR,1094.0,13.23,0.88,36.34,39.15,0,12.41,0
MUNDRA_TO_BHIWANDI,872.85,11.64,0.23,51.32,44.13,0,13.05,0
BHIWANDI_TO_CHAKAN,156.03,1.93,0.14,39.53,9.96,0,2.28,0
BHIWANDI_TO_CHAKAN,156.03,1.93,0.87,21.86,36.99,0,1.74,0
BHIWANDI_TO_CHAKAN,156.03,1.93,39.49,39.67,82.19,0,6.17,1
JNPT_TO_BHIWANDI,67.55,0.92,1.96,14.38,66.72,0,1.06,0
CHAKAN_TO_SRIPERUMBUDUR,1094.0,13.23,1.87,24.77,1.73,0,12.0,0
JNPT_TO_CHAKAN,136.67,1.75,0.97,14.59,23.0,0,1.72,0
BHIWANDI_TO_CHAKAN,156.03,1.93,1.17,27.32,86.76,0,1.92,0
JNPT_TO_CHAKAN,136.67,1.75,1.5,42.21,82.67,0,1.62,0
BHIWANDI_TO_CHAKAN,156.03,1.93,0.79,33.74,518.17,0,2.34,0
MUNDRA_TO_BHIWANDI,872.85,11.64,1.7,52.99,38.24,0,11.61,0
JNPT_TO_BHIWANDI,67.55,0.92,1.19,41.47,280.04,0,1.08,0
JNPT_TO_BHIWANDI,67.55,0.92,1.63,44.26,88.08,0,1.04,0
BHIWANDI_TO_CHAKAN,156.03,1.93,1.75,49.77,57.82,0,1.78,0
JNPT_TO_CHAKAN,136.67,1.75,0.84,11.37,95.32,0,2.0,0
JNPT_TO_CHAKAN,136.67,1.75,0.32,56.21,26.81,0,1.67,0
BHIWANDI_TO_CHAKAN,156.03,1.93,6.22,57.83,137.32,0,2.31,0
MUNDRA_TO_BHIWANDI,872.85,11.64,0.58,42.66,24.1,0,12.14,0
CHAKAN_TO_SRIPERUMBUDUR,1094.0,13.23,16.64,59.1,29.38,0,16.91,1
CHAKAN_TO_SRIPERUMBUDUR,1094.0,13.23,1.36,37.99,184.96,0,12.09,0
BHIWANDI_TO_CHAKAN,156.03,1.93,1.16,38.96,13.82,0,2.08,0
MUNDRA_TO_BHIWANDI,872.85,11.64,0.79,35.11,132.77,0,13.61,0
BHIWANDI_TO_CHAKAN,156.03,1.93,1.58,31.31,33.26,0,2.08,0
JNPT_TO_BHIWANDI,67.55,0.92,0.13,18.14,90.09,0,0.84,0
BHIWANDI_TO_CHAKAN,156.03,1.93,1.72,22.55,59.04,0,1.99,0
CHAKAN_TO_SRIPERUMBUDUR,1094.0,13.23,0.88,57.91,50.54,0,15.75,0
BHIWANDI_TO_CHAKAN,156.03,1.93,1.52,57.89,30.64,0,2.07,0
CHAKAN_TO_SRIPERUMBUDUR,1094.0,13.23,0.02,27.67,34.61,0,14.54,0
CHAKAN_TO_SRIPERUMBUDUR,1094.0,13.23,0.91,18.15,43.68,0,14.34,0
JNPT_TO_BHIWANDI,67.55,0.92,1.22,41.39,346.45,0,1.19,1
BHIWANDI_TO_CHAKAN,156.03,1.93,1.91,35.95,264.25,0,1.86,0
BHIWANDI_TO_CHAKAN,156.03,1.93,0.62,42.47,40.31,0,2.12,0
BHIWANDI_TO_CHAKAN,156.03,1.93,0.5,23.16,10.55,0,2.24,0
CHAKAN_TO_SRIPERUMBUDUR,1094.0,13.23,0.42,14.26,45.04,0,15.56,0
BHIWANDI_TO_CHAKAN,156.03,1.93,0.47,46.62,69.97,0,2.0,0
MUNDRA_TO_BHIWANDI,872.85,11.64,0.9,46.15,72.92,0,12.93,0
JNPT_TO_CHAKAN,136.67,1.75,0.22,43.86,53.95,0,1.77,0
JNPT_TO_BHIWANDI,67.55,0.92,0.89,33.18,104.94,0,0.97,0
MUNDRA_TO_BHIWANDI,872.85,11.64,0.81,31.19,17.01,0,13.35,0
JNPT_TO_CHAKAN,136.67,1.75,0.19,28.82,109.47,0,1.95,0
CHAKAN_TO_SRIPERUMBUDUR,1094.0,13.23,0.58,47.11,31.64,0,14.78,0
JNPT_TO_BHIWANDI,67.55,0.92,0.63,25.66,30.18,0,1.06,0
JNPT_TO_CHAKAN,136.67,1.75,1.03,57.68,278.49,0,1.89,0
CHAKAN_TO_SRIPERUMBUDUR,1094.0,13.23,2.98,57.09,109.75,0,12.7,0
JNPT_TO_BHIWANDI,67.55,0.92,1.01,38.59,28.71,0,1.01,0
JNPT_TO_BHIWANDI,67.55,0.92,0.83,45.06,127.87,0,0.86,0
JNPT_TO_CHAKAN,136.67,1.75,1.95,23.98,13.27,0,2.06,0
JNPT_TO_BHIWANDI,67.55,0.92,0.39,41.84,57.67,0,0.84,0
JNPT_TO_BHIWANDI,67.55,0.92,6.38,43.63,40.43,0,0.99,0
CHAKAN_TO_SRIPERUMBUDUR,1094.0,13.23,0.98,19.16,26.79,0,14.74,0
MUNDRA_TO_BHIWANDI,872.85,11.64,1.04,20.82,68.56,0,11.12,0
JNPT_TO_BHIWANDI,67.55,0.92,0.56,32.52,228.89,0,0.95,0
JNPT_TO_BHIWANDI,67.55,0.92,1.39,56.97,87.63,0,0.83,0
BHIWANDI_TO_CHAKAN,156.03,1.93,0.83,18.27,21.98,0,1.89,0
JNPT_TO_CHAKAN,136.67,1.75,1.87,43.37,398.8,0,2.0,0
JNPT_TO_CHAKAN,136.67,1.75,1.0,42.15,118.45,0,1.68,0
BHIWANDI_TO_CHAKAN,156.03,1.93,11.53,28.88,211.46,0,2.26,0
BHIWANDI_TO_CHAKAN,156.03,1.93,0.44,56.96,76.2,0,2.01,0
MUNDRA_TO_BHIWANDI,872.85,11.64,0.54,20.29,413.51,0,12.87,0
JNPT_TO_CHAKAN,136.67,1.75,1.01,39.5,56.69,0,1.87,0
BHIWANDI_TO_CHAKAN,156.03,1.93,20.14,44.12,43.55,0,4.18,1
BHIWANDI_TO_CHAKAN,156.03,1.93,0.42,51.8,107.55,0,2.06,0
BHIWANDI_TO_CHAKAN,156.03,1.93,0.83,32.49,66.13,0,1.8,0
JNPT_TO_BHIWANDI,67.55,0.92,0.82,24.62,8.11,1,7.48,1
JNPT_TO_BHIWANDI,67.55,0.92,1.18,12.99,12.98,0,0.98,0
MUNDRA_TO_BHIWANDI,872.85,11.64,0.19,24.16,129.53,0,12.87,0
BHIWANDI_TO_CHAKAN,156.03,1.93,0.03,40.94,15.6,0,1.75,0
CHAKAN_TO_SRIPERUMBUDUR,1094.0,13.23,0.54,45.09,444.5,0,13.75,0
JNPT_TO_CHAKAN,136.67,1.75,0.49,13.48,80.71,0,1.8,0
JNPT_TO_BHIWANDI,67.55,0.92,0.66,19.05,9.39,0,1.0,0
CHAKAN_TO_SRIPERUMBUDUR,1094.0,13.23,0.07,12.01,282.39,0,14.79,0
BHIWANDI_TO_CHAKAN,156.03,1.93,1.36,27.16,78.48,0,2.04,0
CHAKAN_TO_SRIPERUMBUDUR,1094.0,13.23,0.16,44.63,237.86,0,14.42,0
CHAKAN_TO_SRIPERUMBUDUR,1094.0,13.23,0.25,23.9,43.96,0,13.31,0
BHIWANDI_TO_CHAKAN,156.03,1.93,0.5,38.65,33.99,0,2.06,0
MUNDRA_TO_BHIWANDI,872.85,11.64,1.79,22.8,25.26,0,11.35,0
BHIWANDI_TO_CHAKAN,156.03,1.93,0.86,38.47,57.65,0,2.03,0
JNPT_TO_CHAKAN,136.67,1.75,0.1,45.35,134.77,0,1.67,0
CHAKAN_TO_SRIPERUMBUDUR,1094.0,13.23,1.34,23.54,512.86,0,12.54,0
BHIWANDI_TO_CHAKAN,156.03,1.93,0.37,52.25,109.79,0,1.8,0
CHAKAN_TO_SRIPERUMBUDUR,1094.0,13.23,1.71,17.89,112.99,0,14.04,0
JNPT_TO_CHAKAN,136.67,1.75,0.35,11.28,90.01,0,2.01,0
BHIWANDI_TO_CHAKAN,156.03,1.93,5.12,53.78,265.4,0,2.09,0
JNPT_TO_BHIWANDI,67.55,0.92,0.6,20.4,141.89,0,1.06,0
JNPT_TO_BHIWANDI,67.55,0.92,8.35,59.75,14.08,0,0.98,0
JNPT_TO_CHAKAN,136.67,1.75,1.65,41.43,73.44,0,1.89,0
MUNDRA_TO_BHIWANDI,872.85,11.64,1.83,35.48,89.59,0,10.61,0
MUNDRA_TO_BHIWANDI,872.85,11.64,1.26,27.02,51.66,0,11.95,0
JNPT_TO_BHIWANDI,67.55,0.92,0.26,45.93,306.58,0,1.24,1
BHIWANDI_TO_CHAKAN,156.03,1.93,0.45,37.98,140.7,0,2.08,0
BHIWANDI_TO_CHAKAN,156.03,1.93,0.45,14.23,124.28,0,2.31,0
JNPT_TO_BHIWANDI,67.55,0.92,1.54,10.4,29.55,0,1.07,0
BHIWANDI_TO_CHAKAN,156.03,1.93,0.66,46.04,39.97,0,1.96,0
CHAKAN_TO_SRIPERUMBUDUR,1094.0,13.23,0.38,25.78,57.7,0,13.19,0
BHIWANDI_TO_CHAKAN,156.03,1.93,1.92,30.96,485.0,0,2.67,1
JNPT_TO_CHAKAN,136.67,1.75,0.94,40.56,91.53,0,1.94,0
JNPT_TO_BHIWANDI,67.55,0.92,5.28,48.82,2.14,0,0.98,0
MUNDRA_TO_BHIWANDI,872.85,11.64,3.77,16.33,25.48,0,13.06,0
BHIWANDI_TO_CHAKAN,156.03,1.93,0.93,19.4,114.44,0,1.8,0
JNPT_TO_BHIWANDI,67.55,0.92,3.57,27.32,44.83,0,1.0,0
JNPT_TO_CHAKAN,136.67,1.75,1.83,51.46,75.4,0,1.84,0
CHAKAN_TO_SRIPERUMBUDUR,1094.0,13.23,1.31,16.05,28.5,0,11.97,0
JNPT_TO_CHAKAN,136.67,1.75,1.69,20.72,28.0,0,2.07,0
JNPT_TO_CHAKAN,136.67,1.75,0.86,42.21,129.4,0,2.01,0
BHIWANDI_TO_CHAKAN,156.03,1.93,1.65,15.47,256.88,0,2.03,0
CHAKAN_TO_SRIPERUMBUDUR,1094.0,13.23,1.02,25.0,84.04,0,12.84,0
BHIWANDI_TO_CHAKAN,156.03,1.93,1.87,36.06,4.35,0,2.17,0
BHIWANDI_TO_CHAKAN,156.03,1.93,0.11,29.58,104.73,0,2.07,0
JNPT_TO_CHAKAN,136.67,1.75,0.8,41.04,10.42,0,1.99,0
MUNDRA_TO_BHIWANDI,872.85,11.64,4.14,33.42,147.55,0,13.38,0
BHIWANDI_TO_CHAKAN,156.03,1.93,0.28,41.67,120.1,0,1.76,0
JNPT_TO_BHIWANDI,67.55,0.92,1.45,29.33,23.07,0,0.95,0
BHIWANDI_TO_CHAKAN,156.03,1.93,1.73,21.6,389.65,0,2.38,0
CHAKAN_TO_SRIPERUMBUDUR,1094.0,13.23,0.5,37.92,1.34,0,12.87,0
JNPT_TO_CHAKAN,136.67,1.75,0.98,46.49,37.01,0,1.97,0
JNPT_TO_BHIWANDI,67.55,0.92,0.19,59.43,3.73,0,0.98,0
BHIWANDI_TO_CHAKAN,156.03,1.93,17.32,31.83,125.85,0,3.64,1
JNPT_TO_CHAKAN,136.67,1.75,1.14,48.68,35.01,0,1.98,0
CHAKAN_TO_SRIPERUMBUDUR,1094.0,13.23,1.65,59.05,511.91,0,12.86,0
BHIWANDI_TO_CHAKAN,156.03,1.93,0.32,22.97,188.21,0,1.93,0
MUNDRA_TO_BHIWANDI,872.85,11.64,1.57,10.94,149.75,0,11.49,0
JNPT_TO_CHAKAN,136.67,1.75,0.48,20.61,15.66,0,1.6,0
CHAKAN_TO_SRIPERUMBUDUR,1094.0,13.23,0.61,34.58,167.97,0,13.21,0
CHAKAN_TO_SRIPERUMBUDUR,1094.0,13.23,0.11,20.3,26.15,0,14.13,0
CHAKAN_TO_SRIPERUMBUDUR,1094.0,13.23,0.35,33.74,64.85,0,13.32,0
BHIWANDI_TO_CHAKAN,156.03,1.93,1.27,47.57,1.19,0,2.17,0
JNPT_TO_CHAKAN,136.67,1.75,1.32,23.21,117.47,0,1.83,0
CHAKAN_TO_SRIPERUMBUDUR,1094.0,13.23,0.99,48.41,8.77,0,15.6,0
CHAKAN_TO_SRIPERUMBUDUR,1094.0,13.23,1.56,15.7,22.51,0,15.37,0
MUNDRA_TO_BHIWANDI,872.85,11.64,0.33,22.93,105.67,0,12.38,0
JNPT_TO_BHIWANDI,67.55,0.92,1.16,33.44,31.63,0,1.04,0
JNPT_TO_BHIWANDI,67.55,0.92,1.05,47.87,133.39,0,0.96,0
JNPT_TO_BHIWANDI,67.55,0.92,1.07,19.95,86.51,0,0.93,0
BHIWANDI_TO_CHAKAN,156.03,1.93,0.28,13.65,16.45,0,1.89,0
BHIWANDI_TO_CHAKAN,156.03,1.93,0.65,40.73,18.2,0,2.25,0
CHAKAN_TO_SRIPERUMBUDUR,1094.0,13.23,2.57,44.12,65.21,0,12.6,0
JNPT_TO_CHAKAN,136.67,1.75,1.21,41.74,28.28,0,2.01,0
BHIWANDI_TO_CHAKAN,156.03,1.93,0.34,33.51,177.53,1,8.35,1
JNPT_TO_BHIWANDI,67.55,0.92,0.0,19.07,8.58,0,1.02,0
JNPT_TO_CHAKAN,136.67,1.75,1.76,45.24,73.44,0,1.74,0
BHIWANDI_TO_CHAKAN,156.03,1.93,0.34,13.79,62.36,0,1.8,0
BHIWANDI_TO_CHAKAN,156.03,1.93,11.07,24.89,26.94,0,1.98,0
JNPT_TO_BHIWANDI,67.55,0.92,1.53,21.57,257.72,0,0.9,0
MUNDRA_TO_BHIWANDI,872.85,11.64,5.14,12.11,392.38,0,14.15,0
CHAKAN_TO_SRIPERUMBUDUR,1094.0,13.23,1.84,39.6,184.48,0,14.93,0
MUNDRA_TO_BHIWANDI,872.85,11.64,1.09,24.61,16.65,0,13.42,0
JNPT_TO_BHIWANDI,67.55,0.92,1.27,18.16,28.93,0,1.08,0
JNPT_TO_BHIWANDI,67.55,0.92,0.82,20.61,56.52,0,0.9,0
MUNDRA_TO_BHIWANDI,872.85,11.64,0.18,20.65,95.03,0,13.66,0
BHIWANDI_TO_CHAKAN,156.03,1.93,0.84,21.27,24.46,0,1.74,0
BHIWANDI_TO_CHAKAN,156.03,1.93,0.03,41.15,238.6,0,2.11,0
JNPT_TO_CHAKAN,136.67,1.75,1.54,39.98,119.66,0,1.84,0
MUNDRA_TO_BHIWANDI,872.85,11.64,1.02,28.96,72.06,0,10.67,0
MUNDRA_TO_BHIWANDI,872.85,11.64,1.88,28.92,114.83,0,11.22,0
MUNDRA_TO_BHIWANDI,872.85,11.64,3.16,54.26,342.67,0,13.95,0
JNPT_TO_CHAKAN,136.67,1.75,1.83,12.64,166.73,0,1.88,0
BHIWANDI_TO_CHAKAN,156.03,1.93,1.13,26.95,13.06,0,2.25,0
CHAKAN_TO_SRIPERUMBUDUR,1094.0,13.23,1.74,20.42,180.34,0,12.25,0
CHAKAN_TO_SRIPERUMBUDUR,1094.0,13.23,1.77,15.3,68.62,0,12.65,0
JNPT_TO_CHAKAN,136.67,1.75,0.97,28.93,42.4,0,1.65,0
JNPT_TO_BHIWANDI,67.55,0.92,0.99,13.71,250.88,0,0.93,0
BHIWANDI_TO_CHAKAN,156.03,1.93,1.35,31.8,105.39,0,1.75,0
BHIWANDI_TO_CHAKAN,156.03,1.93,20.77,36.99,30.0,0,4.06,1
CHAKAN_TO_SRIPERUMBUDUR,1094.0,13.23,0.84,12.51,50.33,0,12.16,0
CHAKAN_TO_SRIPERUMBUDUR,1094.0,13.23,0.81,31.95,133.02,0,13.41,0
JNPT_TO_CHAKAN,136.67,1.75,1.91,19.03,37.08,0,1.85,0
JNPT_TO_BHIWANDI,67.55,0.92,0.27,57.96,74.12,0,0.98,0
JNPT_TO_BHIWANDI,67.55,0.92,1.31,41.44,57.89,0,0.98,0
BHIWANDI_TO_CHAKAN,156.03,1.93,4.45,22.15,407.28,0,2.42,1
MUNDRA_TO_BHIWANDI,872.85,11.64,1.1,24.13,16.52,0,12.38,0
MUNDRA_TO_BHIWANDI,872.85,11.64,0.38,12.18,6.31,0,12.52,0
BHIWANDI_TO_CHAKAN,156.03,1.93,0.35,42.91,166.69,0,2.18,0
MUNDRA_TO_BHIWANDI,872.85,11.64,0.28,52.84,162.06,0,13.53,0
MUNDRA_TO_BHIWANDI,872.85,11.64,0.3,57.11,49.81,0,11.56,0
BHIWANDI_TO_CHAKAN,156.03,1.93,1.43,27.1,187.74,0,1.85,0
MUNDRA_TO_BHIWANDI,872.85,11.64,1.87,23.41,130.86,0,11.22,0
CHAKAN_TO_SRIPERUMBUDUR,1094.0,13.23,1.67,53.62,189.6,0,12.31,0
CHAKAN_TO_SRIPERUMBUDUR,1094.0,13.23,6.23,58.29,85.94,0,14.49,0
JNPT_TO_CHAKAN,136.67,1.75,0.27,48.65,23.96,0,1.9,0
CHAKAN_TO_SRIPERUMBUDUR,1094.0,13.23,1.3,25.61,97.06,0,14.27,0
JNPT_TO_BHIWANDI,67.55,0.92,1.99,19.47,85.58,0,0.9,0
CHAKAN_TO_SRIPERUMBUDUR,1094.0,13.23,1.45,40.07,130.72,0,12.97,0
MUNDRA_TO_BHIWANDI,872.85,11.64,1.48,50.6,6.63,0,11.81,0
MUNDRA_TO_BHIWANDI,872.85,11.64,0.64,14.3,50.18,0,13.72,0
BHIWANDI_TO_CHAKAN,156.03,1.93,0.8,26.79,84.13,0,2.29,0
MUNDRA_TO_BHIWANDI,872.85,11.64,0.4,45.24,189.81,0,13.04,0
CHAKAN_TO_SRIPERUMBUDUR,1094.0,13.23,0.7,38.89,134.94,0,12.63,0
JNPT_TO_BHIWANDI,67.55,0.92,0.83,49.0,23.56,0,1.09,0
BHIWANDI_TO_CHAKAN,156.03,1.93,6.27,28.88,288.92,0,2.13,0
JNPT_TO_CHAKAN,136.67,1.75,0.42,55.84,56.04,0,1.91,0
MUNDRA_TO_BHIWANDI,872.85,11.64,0.98,57.57,150.22,0,13.16,0
BHIWANDI_TO_CHAKAN,156.03,1.93,0.95,20.78,26.26,0,2.15,0
BHIWANDI_TO_CHAKAN,156.03,1.93,0.34,27.03,296.58,0,1.83,0
JNPT_TO_BHIWANDI,67.55,0.92,1.97,48.43,26.01,0,1.08,0
CHAKAN_TO_SRIPERUMBUDUR,1094.0,13.23,1.27,25.33,21.78,0,14.23,0
MUNDRA_TO_BHIWANDI,872.85,11.64,0.19,33.84,173.12,0,11.26,0
BHIWANDI_TO_CHAKAN,156.03,1.93,0.52,26.38,5.57,0,2.31,0
MUNDRA_TO_BHIWANDI,872.85,11.64,0.86,39.28,80.04,0,11.36,0
JNPT_TO_CHAKAN,136.67,1.75,1.08,50.35,270.97,0,1.96,0
JNPT_TO_CHAKAN,136.67,1.75,1.19,55.98,71.09,0,1.81,0
MUNDRA_TO_BHIWANDI,872.85,11.64,1.95,36.6,400.17,0,12.37,0
JNPT_TO_BHIWANDI,67.55,0.92,18.61,40.31,12.54,0,2.86,1
CHAKAN_TO_SRIPERUMBUDUR,1094.0,13.23,1.63,50.88,52.78,0,12.46,0
CHAKAN_TO_SRIPERUMBUDUR,1094.0,13.23,6.79,57.93,49.5,0,13.19,0
BHIWANDI_TO_CHAKAN,156.03,1.93,1.33,24.73,242.99,0,2.21,0
MUNDRA_TO_BHIWANDI,872.85,11.64,0.25,11.04,39.83,0,12.61,0
BHIWANDI_TO_CHAKAN,156.03,1.93,0.29,55.86,110.56,0,2.09,0
MUNDRA_TO_BHIWANDI,872.85,11.64,1.76,21.8,87.89,0,12.74,0
CHAKAN_TO_SRIPERUMBUDUR,1094.0,13.23,0.59,18.29,223.28,0,13.34,0
CHAKAN_TO_SRIPERUMBUDUR,1094.0,13.23,0.28,13.83,1.81,0,13.79,0
JNPT_TO_CHAKAN,136.67,1.75,3.37,52.5,217.7,0,1.62,0
JNPT_TO_CHAKAN,136.67,1.75,0.09,21.25,108.93,0,1.62,0
JNPT_TO_BHIWANDI,67.55,0.92,0.33,43.29,24.42,0,0.86,0
BHIWANDI_TO_CHAKAN,156.03,1.93,0.02,56.9,76.7,0,1.83,0
CHAKAN_TO_SRIPERUMBUDUR,1094.0,13.23,0.45,30.31,281.18,0,13.05,0
JNPT_TO_CHAKAN,136.67,1.75,1.25,20.08,61.03,0,2.0,0
MUNDRA_TO_BHIWANDI,872.85,11.64,8.7,32.21,0.29,0,13.71,0
MUNDRA_TO_BHIWANDI,872.85,11.64,1.29,33.79,257.34,0,11.6,0
JNPT_TO_BHIWANDI,67.55,0.92,1.83,15.17,87.04,0,0.88,0
JNPT_TO_CHAKAN,136.67,1.75,1.28,50.33,59.28,0,2.02,0
JNPT_TO_CHAKAN,136.67,1.75,3.29,14.98,9.38,0,1.94,0
BHIWANDI_TO_CHAKAN,156.03,1.93,1.32,16.46,65.23,0,1.75,0
JNPT_TO_BHIWANDI,67.55,0.92,1.28,38.45,26.43,0,1.0,0
MUNDRA_TO_BHIWANDI,872.85,11.64,1.4,20.38,148.17,1,19.25,1
BHIWANDI_TO_CHAKAN,156.03,1.93,0.8,43.46,83.13,0,2.17,0
BHIWANDI_TO_CHAKAN,156.03,1.93,1.28,31.03,125.29,0,1.89,0
JNPT_TO_BHIWANDI,67.55,0.92,1.06,30.8,62.91,0,0.85,0
CHAKAN_TO_SRIPERUMBUDUR,1094.0,13.23,0.6,45.18,50.31,0,15.72,0
CHAKAN_TO_SRIPERUMBUDUR,1094.0,13.23,1.99,47.26,665.85,0,15.8,0
BHIWANDI_TO_CHAKAN,156.03,1.93,1.72,54.79,74.79,0,1.8,0
JNPT_TO_CHAKAN,136.67,1.75,0.65,19.28,44.74,0,1.74,0
CHAKAN_TO_SRIPERUMBUDUR,1094.0,13.23,9.09,52.79,40.46,0,12.04,0
JNPT_TO_CHAKAN,136.67,1.75,0.99,11.19,236.69,0,1.93,0
BHIWANDI_TO_CHAKAN,156.03,1.93,1.41,40.71,239.4,0,1.74,0
JNPT_TO_CHAKAN,136.67,1.75,0.79,36.93,64.3,0,1.68,0
JNPT_TO_CHAKAN,136.67,1.75,0.25,49.75,198.2,0,1.58,0
BHIWANDI_TO_CHAKAN,156.03,1.93,1.8,40.57,183.29,0,2.1,0
JNPT_TO_BHIWANDI,67.55,0.92,0.32,38.1,41.41,0,0.91,0
JNPT_TO_CHAKAN,136.67,1.75,1.19,49.5,129.47,0,1.59,0
JNPT_TO_CHAKAN,136.67,1.75,1.23,22.24,175.07,0,2.03,0
MUNDRA_TO_BHIWANDI,872.85,11.64,1.82,47.93,25.12,0,10.76,0
BHIWANDI_TO_CHAKAN,156.03,1.93,1.63,29.14,146.99,0,2.27,0
CHAKAN_TO_SRIPERUMBUDUR,1094.0,13.23,0.31,29.54,208.15,0,14.7,0
JNPT_TO_CHAKAN,136.67,1.75,1.34,51.34,360.55,0,2.08,0
BHIWANDI_TO_CHAKAN,156.03,1.93,0.47,29.12,81.89,0,2.27,0
CHAKAN_TO_SRIPERUMBUDUR,1094.0,13.23,0.84,16.16,138.82,0,15.54,0
JNPT_TO_BHIWANDI,67.55,0.92,0.63,37.97,39.34,0,1.0,0
BHIWANDI_TO_CHAKAN,156.03,1.93,0.12,42.66,390.07,0,2.6,1
CHAKAN_TO_SRIPERUMBUDUR,1094.0,13.23,0.94,26.36,158.88,0,14.61,0
JNPT_TO_BHIWANDI,67.55,0.92,1.37,33.98,42.48,0,1.06,0
MUNDRA_TO_BHIWANDI,872.85,11.64,2.13,56.37,2.5,0,13.74,0
CHAKAN_TO_SRIPERUMBUDUR,1094.0,13.23,7.95,56.48,1.43,0,13.45,0
JNPT_TO_BHIWANDI,67.55,0.92,0.98,33.97,19.19,0,1.09,0
CHAKAN_TO_SRIPERUMBUDUR,1094.0,13.23,1.15,17.34,4.34,0,14.61,0
JNPT_TO_BHIWANDI,67.55,0.92,0.08,31.07,75.92,0,1.04,0
JNPT_TO_BHIWANDI,67.55,0.92,21.81,15.65,73.37,0,3.2,1
BHIWANDI_TO_CHAKAN,156.03,1.93,1.24,55.18,151.12,0,1.97,0
BHIWANDI_TO_CHAKAN,156.03,1.93,1.99,46.74,33.3,0,2.01,0
JNPT_TO_BHIWANDI,67.55,0.92,0.22,59.71,102.74,0,1.08,0
BHIWANDI_TO_CHAKAN,156.03,1.93,1.63,59.84,192.09,0,2.2,0
MUNDRA_TO_BHIWANDI,872.85,11.64,0.26,52.43,72.49,0,13.73,0
MUNDRA_TO_BHIWANDI,872.85,11.64,1.84,13.51,178.66,0,13.73,0
CHAKAN_TO_SRIPERUMBUDUR,1094.0,13.23,0.81,57.43,111.02,0,14.95,0
BHIWANDI_TO_CHAKAN,156.03,1.93,0.53,53.58,21.73,0,2.16,0
CHAKAN_TO_SRIPERUMBUDUR,1094.0,13.23,0.54,47.46,231.17,0,12.57,0
BHIWANDI_TO_CHAKAN,156.03,1.93,1.33,12.84,7.79,0,1.85,0
JNPT_TO_CHAKAN,136.67,1.75,0.25,47.94,196.0,0,2.09,0
BHIWANDI_TO_CHAKAN,156.03,1.93,0.91,16.8,102.08,0,2.19,0
BHIWANDI_TO_CHAKAN,156.03,1.93,2.63,26.03,34.36,0,1.94,0
BHIWANDI_TO_CHAKAN,156.03,1.93,0.96,59.46,165.97,0,2.25,0
JNPT_TO_BHIWANDI,67.55,0.92,0.02,44.8,119.62,0,1.09,0
BHIWANDI_TO_CHAKAN,156.03,1.93,0.9,33.59,191.7,0,1.82,0
MUNDRA_TO_BHIWANDI,872.85,11.64,0.41,45.82,6.45,0,12.11,0
JNPT_TO_BHIWANDI,67.55,0.92,1.18,33.43,132.49,0,1.07,0
CHAKAN_TO_SRIPERUMBUDUR,1094.0,13.23,0.15,42.65,162.74,0,13.1,0
JNPT_TO_BHIWANDI,67.55,0.92,0.07,36.26,21.01,0,1.01,0
CHAKAN_TO_SRIPERUMBUDUR,1094.0,13.23,8.97,43.49,31.64,0,14.48,0
JNPT_TO_CHAKAN,136.67,1.75,0.17,24.28,105.07,0,1.92,0
BHIWANDI_TO_CHAKAN,156.03,1.93,0.09,56.81,62.79,0,1.94,0
CHAKAN_TO_SRIPERUMBUDUR,1094.0,13.23,21.97,54.54,60.77,0,17.61,1
BHIWANDI_TO_CHAKAN,156.03,1.93,1.65,55.87,186.82,0,2.3,0
CHAKAN_TO_SRIPERUMBUDUR,1094.0,13.23,3.72,58.32,37.55,0,12.49,0
BHIWANDI_TO_CHAKAN,156.03,1.93,0.73,37.88,98.02,0,1.85,0
BHIWANDI_TO_CHAKAN,156.03,1.93,1.69,12.74,201.85,0,2.22,0
BHIWANDI_TO_CHAKAN,156.03,1.93,0.9,13.85,86.02,0,2.06,0
JNPT_TO_CHAKAN,136.67,1.75,1.06,20.21,47.47,0,2.05,0
CHAKAN_TO_SRIPERUMBUDUR,1094.0,13.23,6.04,45.4,198.19,0,14.95,0
CHAKAN_TO_SRIPERUMBUDUR,1094.0,13.23,1.26,27.83,26.23,1,20.04,1
CHAKAN_TO_SRIPERUMBUDUR,1094.0,13.23,0.94,53.91,168.28,0,14.19,0
MUNDRA_TO_BHIWANDI,872.85,11.64,1.8,22.09,196.99,0,13.87,0
MUNDRA_TO_BHIWANDI,872.85,11.64,0.25,12.27,5.45,0,12.41,0
JNPT_TO_CHAKAN,136.67,1.75,1.92,28.4,88.03,0,1.75,0
MUNDRA_TO_BHIWANDI,872.85,11.64,1.53,53.03,257.24,0,11.31,0
MUNDRA_TO_BHIWANDI,872.85,11.64,1.69,49.63,102.56,0,10.68,0
BHIWANDI_TO_CHAKAN,156.03,1.93,1.18,10.39,36.63,0,2.19,0
JNPT_TO_BHIWANDI,67.55,0.92,1.14,39.9,0.77,0,1.07,0
MUNDRA_TO_BHIWANDI,872.85,11.64,1.65,49.01,112.59,0,13.91,0
BHIWANDI_TO_CHAKAN,156.03,1.93,1.87,14.98,97.41,0,2.31,0
BHIWANDI_TO_CHAKAN,156.03,1.93,0.56,56.32,10.04,0,1.83,0
BHIWANDI_TO_CHAKAN,156.03,1.93,1.69,31.58,26.42,0,2.08,0
JNPT_TO_CHAKAN,136.67,1.75,1.34,55.82,67.94,0,1.62,0
JNPT_TO_CHAKAN,136.67,1.75,0.29,47.23,46.38,0,2.09,0
BHIWANDI_TO_CHAKAN,156.03,1.93,0.08,19.57,31.99,0,2.02,0
BHIWANDI_TO_CHAKAN,156.03,1.93,1.12,33.22,50.94,0,2.09,0
JNPT_TO_BHIWANDI,67.55,0.92,0.16,17.25,53.03,0,1.04,0
JNPT_TO_BHIWANDI,67.55,0.92,0.8,45.14,189.48,0,0.95,0
CHAKAN_TO_SRIPERUMBUDUR,1094.0,13.23,0.81,30.58,15.1,0,15.66,0
MUNDRA_TO_BHIWANDI,872.85,11.64,1.91,38.59,233.81,0,11.01,0
JNPT_TO_CHAKAN,136.67,1.75,0.9,18.37,186.95,0,1.93,0
JNPT_TO_CHAKAN,136.67,1.75,8.69,29.54,343.94,0,1.96,0
JNPT_TO_CHAKAN,136.67,1.75,1.24,32.33,40.21,0,1.92,0
JNPT_TO_CHAKAN,136.67,1.75,1.33,49.92,287.14,0,1.65,0
CHAKAN_TO_SRIPERUMBUDUR,1094.0,13.23,2.17,46.9,5.54,0,14.02,0
CHAKAN_TO_SRIPERUMBUDUR,1094.0,13.23,1.5,32.44,136.12,0,14.41,0
JNPT_TO_CHAKAN,136.67,1.75,0.9,26.97,76.54,0,2.08,0
MUNDRA_TO_BHIWANDI,872.85,11.64,1.37,47.12,61.87,0,11.8,0
BHIWANDI_TO_CHAKAN,156.03,1.93,0.4,47.25,61.2,0,2.24,0
CHAKAN_TO_SRIPERUMBUDUR,1094.0,13.23,1.96,22.47,128.1,0,13.09,0
BHIWANDI_TO_CHAKAN,156.03,1.93,0.96,40.92,0.34,0,2.07,0
JNPT_TO_BHIWANDI,67.55,0.92,1.88,56.29,74.5,0,1.08,0
JNPT_TO_CHAKAN,136.67,1.75,0.76,42.31,80.94,0,1.78,0
CHAKAN_TO_SRIPERUMBUDUR,1094.0,13.23,9.07,56.3,48.1,0,14.32,0
BHIWANDI_TO_CHAKAN,156.03,1.93,1.06,35.37,127.24,0,2.31,0
MUNDRA_TO_BHIWANDI,872.85,11.64,1.57,56.34,312.56,0,13.97,0
JNPT_TO_CHAKAN,136.67,1.75,0.36,37.38,34.01,0,1.82,0
MUNDRA_TO_BHIWANDI,872.85,11.64,0.04,34.07,18.77,0,11.04,0
JNPT_TO_BHIWANDI,67.55,0.92,1.78,10.73,12.88,0,0.85,0
BHIWANDI_TO_CHAKAN,156.03,1.93,1.04,14.33,7.54,0,2.27,0
BHIWANDI_TO_CHAKAN,156.03,1.93,1.36,36.94,45.98,0,2.12,0
MUNDRA_TO_BHIWANDI,872.85,11.64,4.61,18.98,5.14,0,12.24,0
JNPT_TO_BHIWANDI,67.55,0.92,0.98,32.21,15.2,0,0.91,0
JNPT_TO_CHAKAN,136.67,1.75,0.68,33.84,144.94,0,1.64,0
BHIWANDI_TO_CHAKAN,156.03,1.93,6.6,12.73,74.5,0,2.05,0
MUNDRA_TO_BHIWANDI,872.85,11.64,2.04,30.44,18.13,0,13.24,0
JNPT_TO_CHAKAN,136.67,1.75,1.88,50.6,74.55,0,1.72,0
JNPT_TO_CHAKAN,136.67,1.75,1.66,40.79,22.45,0,1.96,0
JNPT_TO_BHIWANDI,67.55,0.92,1.34,22.65,441.42,0,1.54,1
MUNDRA_TO_BHIWANDI,872.85,11.64,1.14,16.46,4.42,0,13.04,0
JNPT_TO_CHAKAN,136.67,1.75,12.33,35.7,30.48,0,1.75,0
MUNDRA_TO_BHIWANDI,872.85,11.64,1.2,56.43,53.7,0,13.47,0
JNPT_TO_BHIWANDI,67.55,0.92,1.64,11.14,20.15,0,0.94,0
MUNDRA_TO_BHIWANDI,872.85,11.64,0.82,15.82,194.31,0,12.18,0
JNPT_TO_BHIWANDI,67.55,0.92,1.25,15.43,30.79,0,1.06,0
JNPT_TO_CHAKAN,136.67,1.75,1.16,43.14,9.38,0,1.98,0
BHIWANDI_TO_CHAKAN,156.03,1.93,0.82,43.27,184.96,0,1.9,0
JNPT_TO_CHAKAN,136.67,1.75,7.44,26.64,87.59,0,1.88,0
JNPT_TO_BHIWANDI,67.55,0.92,0.28,55.75,52.59,0,0.89,0
MUNDRA_TO_BHIWANDI,872.85,11.64,0.1,15.49,73.76,0,13.34,0
MUNDRA_TO_BHIWANDI,872.85,11.64,1.87,31.67,65.78,0,10.64,0
BHIWANDI_TO_CHAKAN,156.03,1.93,0.11,49.73,181.49,0,1.98,0
BHIWANDI_TO_CHAKAN,156.03,1.93,0.78,32.07,46.99,0,1.86,0
MUNDRA_TO_BHIWANDI,872.85,11.64,1.67,12.11,22.54,0,12.13,0
MUNDRA_TO_BHIWANDI,872.85,11.64,0.13,48.49,392.72,0,13.74,0
JNPT_TO_CHAKAN,136.67,1.75,0.84,10.31,139.04,0,1.6,0
MUNDRA_TO_BHIWANDI,872.85,11.64,1.58,56.99,82.69,0,12.65,0
MUNDRA_TO_BHIWANDI,872.85,11.64,0.04,41.56,26.18,0,12.72,0
MUNDRA_TO_BHIWANDI,872.85,11.64,0.49,38.7,49.53,0,11.91,0
CHAKAN_TO_SRIPERUMBUDUR,1094.0,13.23,0.1,55.75,27.31,0,12.83,0
BHIWANDI_TO_CHAKAN,156.03,1.93,0.95,43.55,189.83,0,2.28,0
MUNDRA_TO_BHIWANDI,872.85,11.64,1.85,21.29,40.91,0,10.52,0
JNPT_TO_CHAKAN,136.67,1.75,0.55,23.77,5.79,0,1.68,0
CHAKAN_TO_SRIPERUMBUDUR,1094.0,13.23,1.58,38.88,75.19,0,13.35,0
JNPT_TO_BHIWANDI,67.55,0.92,0.07,14.84,117.91,1,7.24,1
JNPT_TO_CHAKAN,136.67,1.75,0.4,41.4,29.97,1,8.72,1
JNPT_TO_BHIWANDI,67.55,0.92,1.99,52.68,23.79,0,1.02,0
JNPT_TO_BHIWANDI,67.55,0.92,1.19,57.77,243.64,0,0.92,0
JNPT_TO_CHAKAN,136.67,1.75,1.34,22.98,123.01,0,1.8,0
CHAKAN_TO_SRIPERUMBUDUR,1094.0,13.23,1.26,42.61,48.46,0,12.05,0
BHIWANDI_TO_CHAKAN,156.03,1.93,0.75,20.79,112.53,0,2.3,0
MUNDRA_TO_BHIWANDI,872.85,11.64,0.58,50.48,10.61,0,12.1,0
MUNDRA_TO_BHIWANDI,872.85,11.64,1.48,21.7,223.57,0,13.86,0
JNPT_TO_BHIWANDI,67.55,0.92,3.2,49.17,93.36,0,0.93,0
BHIWANDI_TO_CHAKAN,156.03,1.93,1.53,14.2,134.56,0,1.85,0
JNPT_TO_CHAKAN,136.67,1.75,0.26,17.14,77.06,0,2.08,0
BHIWANDI_TO_CHAKAN,156.03,1.93,1.56,24.84,31.29,0,2.23,0
JNPT_TO_BHIWANDI,67.55,0.92,1.02,37.88,130.61,0,0.97,0
JNPT_TO_BHIWANDI,67.55,0.92,1.89,49.03,20.23,0,1.04,0
CHAKAN_TO_SRIPERUMBUDUR,1094.0,13.23,2.19,57.97,112.55,0,14.04,0
JNPT_TO_BHIWANDI,67.55,0.92,1.52,55.18,138.6,0,0.91,0
CHAKAN_TO_SRIPERUMBUDUR,1094.0,13.23,5.09,33.98,238.84,0,15.82,0
JNPT_TO_CHAKAN,136.67,1.75,1.34,15.52,65.57,0,1.76,0
BHIWANDI_TO_CHAKAN,156.03,1.93,4.68,42.34,75.15,0,2.03,0
JNPT_TO_BHIWANDI,67.55,0.92,0.3,53.05,128.32,0,0.95,0
BHIWANDI_TO_CHAKAN,156.03,1.93,0.77,37.65,193.28,0,2.26,0
CHAKAN_TO_SRIPERUMBUDUR,1094.0,13.23,1.74,52.09,53.37,0,12.24,0
CHAKAN_TO_SRIPERUMBUDUR,1094.0,13.23,0.64,21.18,80.89,0,15.19,0
CHAKAN_TO_SRIPERUMBUDUR,1094.0,13.23,1.28,41.52,71.75,0,15.17,0
BHIWANDI_TO_CHAKAN,156.03,1.93,0.46,51.89,0.41,0,1.83,0
MUNDRA_TO_BHIWANDI,872.85,11.64,0.05,36.39,98.6,0,12.74,0
MUNDRA_TO_BHIWANDI,872.85,11.64,2.0,58.88,7.43,0,11.31,0
JNPT_TO_CHAKAN,136.67,1.75,1.2,51.74,41.31,0,1.96,0
CHAKAN_TO_SRIPERUMBUDUR,1094.0,13.23,0.32,12.91,84.58,0,12.4,0
JNPT_TO_BHIWANDI,67.55,0.92,0.53,26.84,196.81,0,0.97,0
MUNDRA_TO_BHIWANDI,872.85,11.64,1.17,38.56,76.74,0,12.93,0
CHAKAN_TO_SRIPERUMBUDUR,1094.0,13.23,0.74,29.84,6.48,1,17.53,1
CHAKAN_TO_SRIPERUMBUDUR,1094.0,13.23,4.32,59.32,5.74,0,13.81,0
JNPT_TO_BHIWANDI,67.55,0.92,10.13,22.32,93.61,0,0.85,0
JNPT_TO_BHIWANDI,67.55,0.92,1.37,29.49,83.25,0,1.0,0
CHAKAN_TO_SRIPERUMBUDUR,1094.0,13.23,1.06,35.93,189.32,0,13.91,0
BHIWANDI_TO_CHAKAN,156.03,1.93,1.37,57.13,254.56,0,2.15,0
JNPT_TO_BHIWANDI,67.55,0.92,1.34,38.99,42.89,0,1.01,0
JNPT_TO_BHIWANDI,67.55,0.92,0.7,20.94,99.52,0,0.88,0
CHAKAN_TO_SRIPERUMBUDUR,1094.0,13.23,0.24,57.48,179.98,0,13.42,0
JNPT_TO_BHIWANDI,67.55,0.92,0.03,23.25,12.49,0,0.88,0
JNPT_TO_BHIWANDI,67.55,0.92,1.52,24.71,256.77,0,1.08,0
MUNDRA_TO_BHIWANDI,872.85,11.64,0.29,47.43,21.3,0,13.5,0
JNPT_TO_CHAKAN,136.67,1.75,0.8,14.52,126.11,0,1.63,0
BHIWANDI_TO_CHAKAN,156.03,1.93,1.69,33.96,59.59,0,1.9,0
MUNDRA_TO_BHIWANDI,872.85,11.64,0.98,14.94,15.98,0,13.2,0
MUNDRA_TO_BHIWANDI,872.85,11.64,0.16,48.03,46.46,0,13.66,0
BHIWANDI_TO_CHAKAN,156.03,1.93,0.29,25.9,20.72,1,8.86,1
JNPT_TO_BHIWANDI,67.55,0.92,1.15,22.4,5.05,0,1.1,0
BHIWANDI_TO_CHAKAN,156.03,1.93,0.24,52.25,13.66,0,2.28,0
BHIWANDI_TO_CHAKAN,156.03,1.93,1.1,52.33,13.06,0,1.77,0
BHIWANDI_TO_CHAKAN,156.03,1.93,1.0,43.15,1.29,0,1.87,0
JNPT_TO_CHAKAN,136.67,1.75,1.22,26.72,226.64,0,1.73,0
JNPT_TO_CHAKAN,136.67,1.75,1.89,29.66,92.52,0,1.99,0
JNPT_TO_BHIWANDI,67.55,0.92,0.47,15.65,364.7,0,1.33,1
JNPT_TO_BHIWANDI,67.55,0.92,4.07,56.89,38.34,0,0.87,0
BHIWANDI_TO_CHAKAN,156.03,1.93,1.79,55.9,14.76,0,2.0,0
JNPT_TO_BHIWANDI,67.55,0.92,0.99,25.88,25.93,0,1.03,0
JNPT_TO_CHAKAN,136.67,1.75,1.1,43.7,20.15,0,1.68,0
JNPT_TO_CHAKAN,136.67,1.75,0.45,51.02,112.76,0,1.72,0
MUNDRA_TO_BHIWANDI,872.85,11.64,24.42,50.83,29.22,0,13.63,0
JNPT_TO_CHAKAN,136.67,1.75,0.61,31.73,24.81,0,1.7,0
BHIWANDI_TO_CHAKAN,156.03,1.93,0.17,20.36,3.7,0,2.02,0
JNPT_TO_CHAKAN,136.67,1.75,1.8,59.67,194.35,0,1.62,0
JNPT_TO_BHIWANDI,67.55,0.92,2.75,45.07,50.66,0,0.96,0
CHAKAN_TO_SRIPERUMBUDUR,1094.0,13.23,0.59,23.41,1.95,1,17.4,1
CHAKAN_TO_SRIPERUMBUDUR,1094.0,13.23,0.24,38.6,158.55,0,13.55,0
MUNDRA_TO_BHIWANDI,872.85,11.64,1.45,22.41,77.16,0,11.92,0
CHAKAN_TO_SRIPERUMBUDUR,1094.0,13.23,1.41,19.52,152.93,0,13.2,0
JNPT_TO_CHAKAN,136.67,1.75,0.47,41.92,9.36,0,1.7,0
JNPT_TO_BHIWANDI,67.55,0.92,0.83,43.24,81.53,0,1.07,0
BHIWANDI_TO_CHAKAN,156.03,1.93,0.9,39.07,290.78,0,1.83,0
BHIWANDI_TO_CHAKAN,156.03,1.93,0.57,14.01,358.32,0,2.25,0
JNPT_TO_BHIWANDI,67.55,0.92,0.95,45.11,95.22,0,0.91,0
MUNDRA_TO_BHIWANDI,872.85,11.64,5.17,21.84,19.37,0,11.55,0
JNPT_TO_BHIWANDI,67.55,0.92,0.41,24.45,65.17,0,0.95,0
BHIWANDI_TO_CHAKAN,156.03,1.93,0.68,59.17,47.8,0,2.31,0
BHIWANDI_TO_CHAKAN,156.03,1.93,1.27,32.7,46.17,0,2.2,0
MUNDRA_TO_BHIWANDI,872.85,11.64,0.04,15.76,206.03,0,12.63,0
JNPT_TO_BHIWANDI,67.55,0.92,0.79,38.85,131.13,0,1.04,0
MUNDRA_TO_BHIWANDI,872.85,11.64,0.79,52.24,96.8,0,13.61,0
BHIWANDI_TO_CHAKAN,156.03,1.93,2.08,32.59,78.95,0,2.27,0
JNPT_TO_CHAKAN,136.67,1.75,1.49,22.0,147.38,0,2.03,0
CHAKAN_TO_SRIPERUMBUDUR,1094.0,13.23,0.09,42.36,11.28,0,14.72,0
JNPT_TO_CHAKAN,136.67,1.75,0.58,54.71,31.79,0,2.05,0
BHIWANDI_TO_CHAKAN,156.03,1.93,0.58,37.14,29.77,0,1.86,0
CHAKAN_TO_SRIPERUMBUDUR,1094.0,13.23,0.77,21.12,445.57,0,12.92,0
CHAKAN_TO_SRIPERUMBUDUR,1094.0,13.23,1.91,34.73,45.8,0,12.69,0
CHAKAN_TO_SRIPERUMBUDUR,1094.0,13.23,16.65,21.0,60.81,0,14.75,0
JNPT_TO_BHIWANDI,67.55,0.92,0.65,16.68,245.31,0,0.96,0
JNPT_TO_CHAKAN,136.67,1.75,3.91,26.1,152.43,0,1.79,0
BHIWANDI_TO_CHAKAN,156.03,1.93,1.34,37.33,269.53,0,2.05,0
JNPT_TO_CHAKAN,136.67,1.75,3.73,33.7,158.51,0,1.63,0
JNPT_TO_BHIWANDI,67.55,0.92,1.75,43.35,37.88,0,1.04,0
CHAKAN_TO_SRIPERUMBUDUR,1094.0,13.23,12.8,22.94,52.78,0,12.04,0
CHAKAN_TO_SRIPERUMBUDUR,1094.0,13.23,0.32,31.22,6.5,0,14.21,0
JNPT_TO_BHIWANDI,67.55,0.92,0.32,34.61,120.23,0,1.01,0
MUNDRA_TO_BHIWANDI,872.85,11.64,0.81,23.63,0.28,0,12.09,0
JNPT_TO_CHAKAN,136.67,1.75,1.73,13.66,46.71,0,1.73,0
BHIWANDI_TO_CHAKAN,156.03,1.93,1.09,24.11,1.2,0,2.07,0
MUNDRA_TO_BHIWANDI,872.85,11.64,5.53,32.81,277.55,0,13.63,0
JNPT_TO_CHAKAN,136.67,1.75,1.09,36.32,138.43,0,2.05,0
MUNDRA_TO_BHIWANDI,872.85,11.64,0.33,16.7,128.96,0,10.59,0
JNPT_TO_BHIWANDI,67.55,0.92,1.77,14.75,3.24,0,0.91,0
MUNDRA_TO_BHIWANDI,872.85,11.64,0.84,58.02,98.7,0,12.93,0
CHAKAN_TO_SRIPERUMBUDUR,1094.0,13.23,0.97,24.56,381.75,0,15.66,0
CHAKAN_TO_SRIPERUMBUDUR,1094.0,13.23,2.08,56.73,44.34,0,15.78,0
JNPT_TO_BHIWANDI,67.55,0.92,1.62,52.14,34.32,0,0.92,0
JNPT_TO_CHAKAN,136.67,1.75,1.59,27.34,21.28,0,1.97,0
JNPT_TO_BHIWANDI,67.55,0.92,1.36,59.9,66.21,0,0.95,0
CHAKAN_TO_SRIPERUMBUDUR,1094.0,13.23,6.15,20.95,23.14,0,13.37,0
JNPT_TO_CHAKAN,136.67,1.75,0.69,10.1,196.04,0,1.68,0
BHIWANDI_TO_CHAKAN,156.03,1.93,0.58,45.12,89.89,0,2.22,0
BHIWANDI_TO_CHAKAN,156.03,1.93,0.93,32.96,47.14,0,2.2,0
BHIWANDI_TO_CHAKAN,156.03,1.93,0.7,36.78,2.25,0,2.27,0
BHIWANDI_TO_CHAKAN,156.03,1.93,0.6,48.64,233.76,0,2.15,0
JNPT_TO_BHIWANDI,67.55,0.92,1.58,19.52,104.79,0,0.89,0
JNPT_TO_CHAKAN,136.67,1.75,1.97,19.78,134.28,0,1.62,0
JNPT_TO_BHIWANDI,67.55,0.92,1.57,27.87,35.86,0,0.98,0
JNPT_TO_BHIWANDI,67.55,0.92,0.65,55.35,186.86,0,1.0,0
JNPT_TO_CHAKAN,136.67,1.75,10.39,39.47,322.1,0,2.08,0
CHAKAN_TO_SRIPERUMBUDUR,1094.0,13.23,0.57,20.94,126.29,0,13.69,0
JNPT_TO_CHAKAN,136.67,1.75,1.44,35.96,116.56,0,1.73,0
JNPT_TO_CHAKAN,136.67,1.75,1.14,32.04,59.3,1,6.29,1
JNPT_TO_CHAKAN,136.67,1.75,1.54,46.38,46.62,0,1.61,0
JNPT_TO_BHIWANDI,67.55,0.92,1.68,42.22,41.8,0,0.85,0
MUNDRA_TO_BHIWANDI,872.85,11.64,1.17,27.17,36.13,0,13.46,0
JNPT_TO_CHAKAN,136.67,1.75,0.95,39.81,167.11,0,1.68,0
CHAKAN_TO_SRIPERUMBUDUR,1094.0,13.23,2.27,10.8,13.01,0,14.49,0
BHIWANDI_TO_CHAKAN,156.03,1.93,6.72,17.32,125.21,0,1.81,0
CHAKAN_TO_SRIPERUMBUDUR,1094.0,13.23,7.28,28.19,14.66,0,11.92,0
CHAKAN_TO_SRIPERUMBUDUR,1094.0,13.23,1.54,44.2,15.6,0,14.87,0
MUNDRA_TO_BHIWANDI,872.85,11.64,0.88,48.37,326.83,0,13.51,0
JNPT_TO_BHIWANDI,67.55,0.92,1.91,34.39,28.47,0,1.01,0
CHAKAN_TO_SRIPERUMBUDUR,1094.0,13.23,1.26,39.14,35.78,0,13.8,0
JNPT_TO_CHAKAN,136.67,1.75,0.21,42.57,32.0,0,1.79,0
MUNDRA_TO_BHIWANDI,872.85,11.64,1.41,23.4,22.62,0,11.53,0
CHAKAN_TO_SRIPERUMBUDUR,1094.0,13.23,1.89,34.17,20.09,0,12.12,0
MUNDRA_TO_BHIWANDI,872.85,11.64,0.51,51.61,119.17,0,12.98,0
BHIWANDI_TO_CHAKAN,156.03,1.93,0.24,11.04,115.5,0,2.06,0
BHIWANDI_TO_CHAKAN,156.03,1.93,0.83,19.27,36.46,0,1.87,0
MUNDRA_TO_BHIWANDI,872.85,11.64,3.35,52.14,42.77,0,12.59,0
JNPT_TO_BHIWANDI,67.55,0.92,1.37,53.65,45.21,0,1.0,0
CHAKAN_TO_SRIPERUMBUDUR,1094.0,13.23,0.1,17.24,55.23,0,14.87,0
JNPT_TO_BHIWANDI,67.55,0.92,1.28,59.57,298.16,0,0.87,0
CHAKAN_TO_SRIPERUMBUDUR,1094.0,13.23,0.75,24.34,30.87,0,15.63,0
CHAKAN_TO_SRIPERUMBUDUR,1094.0,13.23,0.39,41.02,603.34,0,14.92,0
BHIWANDI_TO_CHAKAN,156.03,1.93,1.33,35.96,80.92,0,1.84,0
MUNDRA_TO_BHIWANDI,872.85,11.64,0.44,50.67,21.06,0,10.64,0
CHAKAN_TO_SRIPERUMBUDUR,1094.0,13.23,0.74,49.3,10.91,0,12.05,0
JNPT_TO_CHAKAN,136.67,1.75,0.34,20.04,11.84,0,1.69,0
BHIWANDI_TO_CHAKAN,156.03,1.93,0.75,22.65,213.74,0,2.21,0
JNPT_TO_CHAKAN,136.67,1.75,1.25,55.37,53.03,0,1.97,0
CHAKAN_TO_SRIPERUMBUDUR,1094.0,13.23,1.59,51.25,116.22,0,15.35,0
JNPT_TO_CHAKAN,136.67,1.75,0.05,34.92,56.99,0,2.06,0
BHIWANDI_TO_CHAKAN,156.03,1.93,1.28,23.09,11.69,0,1.99,0
CHAKAN_TO_SRIPERUMBUDUR,1094.0,13.23,0.93,58.15,64.66,0,15.59,0
CHAKAN_TO_SRIPERUMBUDUR,1094.0,13.23,0.05,35.73,33.26,0,13.24,0
MUNDRA_TO_BHIWANDI,872.85,11.64,1.48,54.07,57.8,0,11.17,0
JNPT_TO_BHIWANDI,67.55,0.92,1.38,11.23,111.44,0,0.94,0
BHIWANDI_TO_CHAKAN,156.03,1.93,1.66,35.51,148.66,0,2.04,0
BHIWANDI_TO_CHAKAN,156.03,1.93,0.73,48.01,20.89,0,2.28,0
MUNDRA_TO_BHIWANDI,872.85,11.64,0.58,36.79,132.55,0,13.93,0
CHAKAN_TO_SRIPERUMBUDUR,1094.0,13.23,0.16,26.36,79.62,0,14.82,0
JNPT_TO_BHIWANDI,67.55,0.92,0.78,37.37,200.63,0,1.0,0
JNPT_TO_CHAKAN,136.67,1.75,0.98,50.81,87.07,0,1.76,0
CHAKAN_TO_SRIPERUMBUDUR,1094.0,13.23,0.22,18.51,398.48,0,14.08,0
BHIWANDI_TO_CHAKAN,156.03,1.93,4.9,13.09,12.49,0,2.09,0
CHAKAN_TO_SRIPERUMBUDUR,1094.0,13.23,1.59,26.01,311.93,0,14.98,0
MUNDRA_TO_BHIWANDI,872.85,11.64,0.6,57.04,30.74,0,11.19,0
CHAKAN_TO_SRIPERUMBUDUR,1094.0,13.23,0.81,24.29,82.19,0,13.96,0
MUNDRA_TO_BHIWANDI,872.85,11.64,1.83,11.42,114.89,0,11.4,0
CHAKAN_TO_SRIPERUMBUDUR,1094.0,13.23,0.05,47.6,330.03,0,12.6,0
JNPT_TO_CHAKAN,136.67,1.75,1.95,52.89,6.4,0,1.59,0
JNPT_TO_BHIWANDI,67.55,0.92,0.14,16.42,168.86,0,1.0,0
CHAKAN_TO_SRIPERUMBUDUR,1094.0,13.23,1.08,12.91,28.99,0,13.36,0
BHIWANDI_TO_CHAKAN,156.03,1.93,0.87,22.85,33.72,0,2.08,0
JNPT_TO_CHAKAN,136.67,1.75,0.07,27.8,179.15,0,1.7,0
BHIWANDI_TO_CHAKAN,156.03,1.93,1.92,35.45,100.13,0,2.18,0
JNPT_TO_BHIWANDI,67.55,0.92,1.42,19.48,7.96,0,0.96,0
MUNDRA_TO_BHIWANDI,872.85,11.64,1.71,17.46,23.51,0,12.65,0
JNPT_TO_CHAKAN,136.67,1.75,0.95,55.15,34.48,0,2.0,0
BHIWANDI_TO_CHAKAN,156.03,1.93,1.4,58.2,10.27,0,2.09,0
JNPT_TO_BHIWANDI,67.55,0.92,1.56,53.8,4.58,0,0.85,0
BHIWANDI_TO_CHAKAN,156.03,1.93,0.07,15.15,6.71,0,1.98,0
MUNDRA_TO_BHIWANDI,872.85,11.64,0.5,57.06,44.09,0,11.28,0
CHAKAN_TO_SRIPERUMBUDUR,1094.0,13.23,0.54,50.77,585.42,0,12.89,0
JNPT_TO_BHIWANDI,67.55,0.92,0.1,15.71,113.41,0,0.94,0
MUNDRA_TO_BHIWANDI,872.85,11.64,0.88,14.15,85.57,0,12.6,0
MUNDRA_TO_BHIWANDI,872.85,11.64,0.92,59.24,55.52,0,10.62,0
JNPT_TO_CHAKAN,136.67,1.75,1.79,13.02,82.17,0,1.82,0
JNPT_TO_CHAKAN,136.67,1.75,0.3,34.83,12.02,0,1.71,0
BHIWANDI_TO_CHAKAN,156.03,1.93,1.21,30.8,20.8,0,2.04,0
JNPT_TO_CHAKAN,136.67,1.75,1.32,15.68,92.7,0,1.59,0
MUNDRA_TO_BHIWANDI,872.85,11.64,0.5,12.82,16.33,0,10.57,0
JNPT_TO_CHAKAN,136.67,1.75,17.32,40.65,134.73,0,3.63,1
BHIWANDI_TO_CHAKAN,156.03,1.93,1.8,21.1,9.98,0,1.97,0
CHAKAN_TO_SRIPERUMBUDUR,1094.0,13.23,0.82,12.59,92.18,0,13.37,0
CHAKAN_TO_SRIPERUMBUDUR,1094.0,13.23,1.29,54.55,215.43,0,14.45,0
BHIWANDI_TO_CHAKAN,156.03,1.93,0.4,56.71,31.01,0,2.32,0
MUNDRA_TO_BHIWANDI,872.85,11.64,0.61,48.81,100.87,0,13.43,0
BHIWANDI_TO_CHAKAN,156.03,1.93,0.47,33.33,147.51,0,1.79,0
JNPT_TO_CHAKAN,136.67,1.75,1.06,30.98,99.98,0,2.01,0
BHIWANDI_TO_CHAKAN,156.03,1.93,0.31,39.37,50.2,0,2.06,0
BHIWANDI_TO_CHAKAN,156.03,1.93,8.68,18.31,16.39,0,2.11,0
BHIWANDI_TO_CHAKAN,156.03,1.93,0.12,26.99,265.65,0,2.18,0
MUNDRA_TO_BHIWANDI,872.85,11.64,0.18,44.52,6.61,0,11.64,0
CHAKAN_TO_SRIPERUMBUDUR,1094.0,13.23,1.07,56.98,95.06,0,15.6,0
BHIWANDI_TO_CHAKAN,156.03,1.93,1.28,33.67,51.98,0,2.08,0
JNPT_TO_BHIWANDI,67.55,0.92,0.44,30.12,336.64,0,1.25,1
CHAKAN_TO_SRIPERUMBUDUR,1094.0,13.23,0.28,36.88,9.19,0,13.78,0
BHIWANDI_TO_CHAKAN,156.03,1.93,1.15,21.62,16.21,0,1.93,0
JNPT_TO_CHAKAN,136.67,1.75,0.9,33.64,136.32,0,1.88,0
JNPT_TO_BHIWANDI,67.55,0.92,0.53,22.11,27.1,0,1.09,0
CHAKAN_TO_SRIPERUMBUDUR,1094.0,13.23,1.58,23.1,180.22,0,12.66,0
JNPT_TO_CHAKAN,136.67,1.75,0.3,37.8,135.87,0,2.08,0
JNPT_TO_BHIWANDI,67.55,0.92,1.52,15.63,288.77,0,0.88,0
JNPT_TO_CHAKAN,136.67,1.75,1.0,22.82,18.5,0,1.73,0
CHAKAN_TO_SRIPERUMBUDUR,1094.0,13.23,1.95,53.85,136.64,0,13.11,0
JNPT_TO_BHIWANDI,67.55,0.92,1.7,16.58,115.23,0,1.1,0
MUNDRA_TO_BHIWANDI,872.85,11.64,5.94,10.73,80.29,0,11.23,0
JNPT_TO_BHIWANDI,67.55,0.92,1.13,33.41,104.63,0,1.06,0
MUNDRA_TO_BHIWANDI,872.85,11.64,1.01,55.34,48.54,0,11.39,0
JNPT_TO_BHIWANDI,67.55,0.92,1.83,20.27,293.82,0,0.94,0
BHIWANDI_TO_CHAKAN,156.03,1.93,1.56,48.5,75.48,0,2.18,0
JNPT_TO_BHIWANDI,67.55,0.92,0.49,15.3,70.3,0,0.85,0
CHAKAN_TO_SRIPERUMBUDUR,1094.0,13.23,0.88,21.77,80.87,0,14.96,0
MUNDRA_TO_BHIWANDI,872.85,11.64,7.45,26.48,46.58,0,13.37,0
BHIWANDI_TO_CHAKAN,156.03,1.93,1.41,51.24,10.21,0,2.11,0
BHIWANDI_TO_CHAKAN,156.03,1.93,1.72,29.6,74.39,0,2.13,0
BHIWANDI_TO_CHAKAN,156.03,1.93,1.81,59.27,28.32,0,1.74,0
JNPT_TO_CHAKAN,136.67,1.75,1.95,44.86,35.25,0,1.74,0
JNPT_TO_CHAKAN,136.67,1.75,9.94,51.11,121.44,0,1.93,0
MUNDRA_TO_BHIWANDI,872.85,11.64,1.67,15.55,75.65,0,11.45,0
BHIWANDI_TO_CHAKAN,156.03,1.93,1.21,40.32,4.22,0,2.11,0
MUNDRA_TO_BHIWANDI,872.85,11.64,1.86,55.6,4.54,0,11.28,0
BHIWANDI_TO_CHAKAN,156.03,1.93,4.36,30.47,85.07,0,2.28,0
BHIWANDI_TO_CHAKAN,156.03,1.93,0.34,49.01,155.8,0,2.26,0
MUNDRA_TO_BHIWANDI,872.85,11.64,1.45,20.65,47.98,0,11.63,0
JNPT_TO_CHAKAN,136.67,1.75,0.33,20.99,83.54,0,1.84,0
CHAKAN_TO_SRIPERUMBUDUR,1094.0,13.23,1.51,58.93,86.94,0,12.94,0
MUNDRA_TO_BHIWANDI,872.85,11.64,0.22,17.95,96.28,0,12.03,0
CHAKAN_TO_SRIPERUMBUDUR,1094.0,13.23,0.23,43.08,8.52,0,14.15,0
JNPT_TO_CHAKAN,136.67,1.75,1.41,35.07,26.82,0,2.08,0
JNPT_TO_CHAKAN,136.67,1.75,0.95,49.37,97.19,0,2.05,0
CHAKAN_TO_SRIPERUMBUDUR,1094.0,13.23,1.15,36.77,52.6,0,13.17,0
BHIWANDI_TO_CHAKAN,156.03,1.93,0.71,52.91,65.62,0,1.76,0
BHIWANDI_TO_CHAKAN,156.03,1.93,0.81,49.73,36.85,0,2.14,0
BHIWANDI_TO_CHAKAN,156.03,1.93,3.05,38.34,20.58,0,2.27,0
JNPT_TO_BHIWANDI,67.55,0.92,1.88,54.39,26.01,0,0.87,0
JNPT_TO_CHAKAN,136.67,1.75,0.61,23.54,46.36,0,1.74,0
MUNDRA_TO_BHIWANDI,872.85,11.64,1.53,15.59,108.59,0,12.04,0
MUNDRA_TO_BHIWANDI,872.85,11.64,1.51,58.62,34.93,0,12.75,0
JNPT_TO_CHAKAN,136.67,1.75,1.07,49.17,115.43,0,1.95,0
MUNDRA_TO_BHIWANDI,872.85,11.64,0.16,31.79,306.97,0,12.2,0
CHAKAN_TO_SRIPERUMBUDUR,1094.0,13.23,0.75,31.0,94.69,0,14.01,0
BHIWANDI_TO_CHAKAN,156.03,1.93,1.97,18.0,278.29,0,1.88,0
JNPT_TO_CHAKAN,136.67,1.75,0.89,49.29,300.05,0,2.01,0
JNPT_TO_BHIWANDI,67.55,0.92,0.13,27.12,0.68,0,0.97,0
BHIWANDI_TO_CHAKAN,156.03,1.93,1.83,30.93,55.86,0,1.82,0
JNPT_TO_CHAKAN,136.67,1.75,1.13,19.37,48.9,0,1.63,0
MUNDRA_TO_BHIWANDI,872.85,11.64,1.39,30.89,9.66,0,12.75,0
JNPT_TO_BHIWANDI,67.55,0.92,12.5,24.3,114.45,0,1.06,0
JNPT_TO_CHAKAN,136.67,1.75,10.86,59.08,248.2,0,1.71,0
BHIWANDI_TO_CHAKAN,156.03,1.93,1.31,22.21,14.34,0,2.05,0
CHAKAN_TO_SRIPERUMBUDUR,1094.0,13.23,1.93,18.49,168.78,0,12.17,0
CHAKAN_TO_SRIPERUMBUDUR,1094.0,13.23,0.58,58.33,84.99,0,14.6,0
JNPT_TO_BHIWANDI,67.55,0.92,0.31,41.21,199.04,0,0.9,0
BHIWANDI_TO_CHAKAN,156.03,1.93,1.55,39.67,0.68,0,2.14,0
BHIWANDI_TO_CHAKAN,156.03,1.93,1.75,10.08,47.94,0,2.03,0
JNPT_TO_BHIWANDI,67.55,0.92,3.53,15.1,186.11,0,1.04,0
JNPT_TO_BHIWANDI,67.55,0.92,1.74,42.0,4.18,0,1.0,0
JNPT_TO_CHAKAN,136.67,1.75,5.25,42.02,15.33,0,1.85,0
CHAKAN_TO_SRIPERUMBUDUR,1094.0,13.23,0.49,57.58,109.6,0,12.82,0
CHAKAN_TO_SRIPERUMBUDUR,1094.0,13.23,1.45,17.29,107.27,0,12.4,0
CHAKAN_TO_SRIPERUMBUDUR,1094.0,13.23,1.26,51.5,194.02,1,18.2,1
JNPT_TO_BHIWANDI,67.55,0.92,1.2,31.92,52.09,0,1.09,0
MUNDRA_TO_BHIWANDI,872.85,11.64,1.69,41.13,55.36,0,11.49,0
JNPT_TO_CHAKAN,136.67,1.75,0.81,22.41,34.8,0,1.65,0
JNPT_TO_CHAKAN,136.67,1.75,0.13,14.96,14.69,0,1.6,0
MUNDRA_TO_BHIWANDI,872.85,11.64,0.81,56.11,107.47,0,12.77,0
JNPT_TO_CHAKAN,136.67,1.75,0.61,21.75,135.41,0,1.71,0
JNPT_TO_BHIWANDI,67.55,0.92,3.56,34.84,71.42,0,0.98,0
BHIWANDI_TO_CHAKAN,156.03,1.93,12.24,59.9,85.81,0,1.87,0
BHIWANDI_TO_CHAKAN,156.03,1.93,0.23,57.6,55.55,0,1.79,0
CHAKAN_TO_SRIPERUMBUDUR,1094.0,13.23,1.53,17.58,144.48,0,14.61,0
BHIWANDI_TO_CHAKAN,156.03,1.93,7.35,53.82,56.45,0,2.16,0
MUNDRA_TO_BHIWANDI,872.85,11.64,0.64,15.04,280.7,0,10.52,0
MUNDRA_TO_BHIWANDI,872.85,11.64,0.26,58.98,13.03,0,13.7,0
JNPT_TO_CHAKAN,136.67,1.75,4.49,15.77,132.36,0,1.76,0
MUNDRA_TO_BHIWANDI,872.85,11.64,0.71,16.63,44.82,0,10.51,0
BHIWANDI_TO_CHAKAN,156.03,1.93,1.35,59.9,314.37,0,2.13,0
JNPT_TO_BHIWANDI,67.55,0.92,3.06,56.41,453.74,0,1.41,1
MUNDRA_TO_BHIWANDI,872.85,11.64,0.02,37.5,76.1,0,11.52,0
MUNDRA_TO_BHIWANDI,872.85,11.64,1.79,48.99,144.15,0,13.26,0
CHAKAN_TO_SRIPERUMBUDUR,1094.0,13.23,5.0,25.79,82.67,0,12.04,0
CHAKAN_TO_SRIPERUMBUDUR,1094.0,13.23,1.23,21.45,16.81,0,13.14,0
MUNDRA_TO_BHIWANDI,872.85,11.64,1.94,53.2,4.56,0,12.52,0
BHIWANDI_TO_CHAKAN,156.03,1.93,1.83,48.14,135.42,0,2.11,0
CHAKAN_TO_SRIPERUMBUDUR,1094.0,13.23,1.14,56.3,352.47,0,13.56,0
JNPT_TO_CHAKAN,136.67,1.75,15.8,33.25,34.49,0,3.46,1
MUNDRA_TO_BHIWANDI,872.85,11.64,1.45,16.31,55.68,1,15.4,1
CHAKAN_TO_SRIPERUMBUDUR,1094.0,13.23,0.47,48.52,116.59,0,15.75,0
MUNDRA_TO_BHIWANDI,872.85,11.64,0.01,53.25,3.1,0,11.1,0
JNPT_TO_CHAKAN,136.67,1.75,8.44,35.65,55.07,0,1.63,0
BHIWANDI_TO_CHAKAN,156.03,1.93,0.44,26.35,98.7,0,2.08,0
MUNDRA_TO_BHIWANDI,872.85,11.64,0.94,31.88,14.05,0,12.18,0
JNPT_TO_BHIWANDI,67.55,0.92,0.03,23.31,64.43,0,1.02,0
CHAKAN_TO_SRIPERUMBUDUR,1094.0,13.23,1.19,32.46,29.09,0,12.09,0
CHAKAN_TO_SRIPERUMBUDUR,1094.0,13.23,0.0,34.11,78.34,0,14.43,0
MUNDRA_TO_BHIWANDI,872.85,11.64,0.82,26.92,32.79,0,11.57,0
MUNDRA_TO_BHIWANDI,872.85,11.64,1.66,53.64,89.01,0,11.7,0
JNPT_TO_BHIWANDI,67.55,0.92,0.56,13.42,90.94,0,1.0,0
MUNDRA_TO_BHIWANDI,872.85,11.64,0.95,43.68,65.46,0,12.25,0
JNPT_TO_CHAKAN,136.67,1.75,1.8,20.59,36.3,0,1.75,0
JNPT_TO_BHIWANDI,67.55,0.92,4.47,57.93,16.4,0,1.07,0
MUNDRA_TO_BHIWANDI,872.85,11.64,1.76,28.36,81.16,0,11.18,0
BHIWANDI_TO_CHAKAN,156.03,1.93,0.77,10.2,56.55,1,6.18,1
BHIWANDI_TO_CHAKAN,156.03,1.93,1.6,19.25,118.72,0,1.79,0
MUNDRA_TO_BHIWANDI,872.85,11.64,0.88,48.22,140.74,0,11.01,0
MUNDRA_TO_BHIWANDI,872.85,11.64,1.75,30.94,71.94,0,12.46,0
CHAKAN_TO_SRIPERUMBUDUR,1094.0,13.23,0.17,30.51,103.0,0,15.81,0
JNPT_TO_CHAKAN,136.67,1.75,0.53,11.96,123.01,0,1.58,0
BHIWANDI_TO_CHAKAN,156.03,1.93,1.51,52.47,29.66,0,1.76,0
JNPT_TO_CHAKAN,136.67,1.75,1.12,47.65,64.01,0,1.79,0
CHAKAN_TO_SRIPERUMBUDUR,1094.0,13.23,1.85,34.0,9.17,0,12.04,0
MUNDRA_TO_BHIWANDI,872.85,11.64,0.91,33.75,133.3,0,13.55,0
JNPT_TO_BHIWANDI,67.55,0.92,1.8,20.85,40.43,0,1.01,0
MUNDRA_TO_BHIWANDI,872.85,11.64,0.78,56.72,22.83,0,11.75,0
JNPT_TO_BHIWANDI,67.55,0.92,0.27,58.46,15.53,0,1.0,0
BHIWANDI_TO_CHAKAN,156.03,1.93,1.53,36.26,84.28,0,2.14,0
CHAKAN_TO_SRIPERUMBUDUR,1094.0,13.23,1.96,22.75,110.89,0,12.6,0
BHIWANDI_TO_CHAKAN,156.03,1.93,0.52,29.3,11.92,0,1.8,0
CHAKAN_TO_SRIPERUMBUDUR,1094.0,13.23,1.45,15.51,133.74,0,15.15,0
JNPT_TO_CHAKAN,136.67,1.75,1.1,38.25,70.31,0,2.07,0
JNPT_TO_CHAKAN,136.67,1.75,0.43,27.38,30.13,0,1.76,0
CHAKAN_TO_SRIPERUMBUDUR,1094.0,13.23,0.22,45.77,7.39,0,12.82,0
MUNDRA_TO_BHIWANDI,872.85,11.64,1.99,59.07,26.09,0,10.55,0
CHAKAN_TO_SRIPERUMBUDUR,1094.0,13.23,1.11,12.45,147.43,0,14.75,0
BHIWANDI_TO_CHAKAN,156.03,1.93,0.61,36.46,15.57,0,2.23,0
JNPT_TO_CHAKAN,136.67,1.75,4.04,27.08,80.37,0,1.62,0
BHIWANDI_TO_CHAKAN,156.03,1.93,0.6,20.88,92.59,0,2.05,0
JNPT_TO_BHIWANDI,67.55,0.92,0.3,31.28,94.09,0,0.83,0
CHAKAN_TO_SRIPERUMBUDUR,1094.0,13.23,5.68,15.47,42.01,0,14.26,0
CHAKAN_TO_SRIPERUMBUDUR,1094.0,13.23,1.11,47.83,125.59,1,20.36,1
JNPT_TO_CHAKAN,136.67,1.75,1.4,52.66,31.9,0,1.75,0
JNPT_TO_BHIWANDI,67.55,0.92,1.61,13.74,32.87,0,0.84,0
MUNDRA_TO_BHIWANDI,872.85,11.64,0.77,29.19,193.51,0,12.08,0
MUNDRA_TO_BHIWANDI,872.85,11.64,0.23,19.36,123.69,0,11.24,0
BHIWANDI_TO_CHAKAN,156.03,1.93,0.77,49.48,35.09,0,1.94,0
CHAKAN_TO_SRIPERUMBUDUR,1094.0,13.23,1.97,23.28,123.17,0,12.42,0
MUNDRA_TO_BHIWANDI,872.85,11.64,0.42,18.2,214.45,0,11.51,0
CHAKAN_TO_SRIPERUMBUDUR,1094.0,13.23,1.02,18.78,541.84,0,12.61,0
MUNDRA_TO_BHIWANDI,872.85,11.64,1.0,48.62,17.29,0,11.74,0
MUNDRA_TO_BHIWANDI,872.85,11.64,0.07,44.34,9.78,0,12.92,0
MUNDRA_TO_BHIWANDI,872.85,11.64,0.81,13.01,450.3,0,14.14,0
BHIWANDI_TO_CHAKAN,156.03,1.93,1.64,17.27,63.99,0,2.22,0
JNPT_TO_CHAKAN,136.67,1.75,1.63,43.05,135.0,0,1.81,0
JNPT_TO_CHAKAN,136.67,1.75,0.99,38.34,33.09,0,1.86,0
BHIWANDI_TO_CHAKAN,156.03,1.93,10.12,48.84,42.85,0,2.17,0
JNPT_TO_BHIWANDI,67.55,0.92,5.43,56.25,102.09,0,0.88,0
BHIWANDI_TO_CHAKAN,156.03,1.93,13.35,53.59,31.66,0,2.3,0
MUNDRA_TO_BHIWANDI,872.85,11.64,3.41,48.58,5.74,0,13.0,0
CHAKAN_TO_SRIPERUMBUDUR,1094.0,13.23,1.17,34.33,173.79,0,12.45,0
JNPT_TO_CHAKAN,136.67,1.75,1.13,39.48,28.86,0,2.1,0
MUNDRA_TO_BHIWANDI,872.85,11.64,9.4,57.52,13.83,0,12.11,0
CHAKAN_TO_SRIPERUMBUDUR,1094.0,13.23,3.11,39.06,138.51,0,12.05,0
JNPT_TO_CHAKAN,136.67,1.75,0.7,40.15,18.08,0,1.88,0
BHIWANDI_TO_CHAKAN,156.03,1.93,1.62,28.02,82.82,1,7.93,1
JNPT_TO_CHAKAN,136.67,1.75,0.62,59.51,62.45,0,1.6,0
BHIWANDI_TO_CHAKAN,156.03,1.93,1.05,22.93,126.82,0,2.13,0
CHAKAN_TO_SRIPERUMBUDUR,1094.0,13.23,1.92,14.68,48.54,0,12.49,0
MUNDRA_TO_BHIWANDI,872.85,11.64,0.19,38.13,39.06,0,12.13,0
JNPT_TO_BHIWANDI,67.55,0.92,0.43,23.45,51.39,0,0.99,0
JNPT_TO_BHIWANDI,67.55,0.92,0.84,15.54,7.55,0,0.9,0
JNPT_TO_BHIWANDI,67.55,0.92,5.12,54.83,69.48,0,0.99,0
JNPT_TO_BHIWANDI,67.55,0.92,0.09,47.5,43.58,0,0.87,0
MUNDRA_TO_BHIWANDI,872.85,11.64,0.17,38.31,26.5,0,10.55,0
JNPT_TO_CHAKAN,136.67,1.75,1.06,11.22,184.79,0,2.0,0
JNPT_TO_BHIWANDI,67.55,0.92,0.1,47.46,61.33,0,0.85,0
JNPT_TO_CHAKAN,136.67,1.75,0.8,49.52,227.38,0,1.95,0
JNPT_TO_BHIWANDI,67.55,0.92,0.25,47.76,50.71,0,1.05,0
BHIWANDI_TO_CHAKAN,156.03,1.93,1.35,32.26,56.39,0,1.81,0
JNPT_TO_BHIWANDI,67.55,0.92,1.41,43.86,199.16,0,0.92,0
BHIWANDI_TO_CHAKAN,156.03,1.93,1.17,56.79,17.08,0,1.82,0
JNPT_TO_BHIWANDI,67.55,0.92,1.98,32.74,54.18,0,1.05,0
CHAKAN_TO_SRIPERUMBUDUR,1094.0,13.23,1.19,43.79,55.66,0,12.34,0
CHAKAN_TO_SRIPERUMBUDUR,1094.0,13.23,0.83,20.37,98.4,0,15.48,0
CHAKAN_TO_SRIPERUMBUDUR,1094.0,13.23,0.41,19.84,123.12,0,15.0,0
MUNDRA_TO_BHIWANDI,872.85,11.64,0.45,14.72,25.08,0,13.12,0
BHIWANDI_TO_CHAKAN,156.03,1.93,0.26,42.15,94.28,0,1.75,0
BHIWANDI_TO_CHAKAN,156.03,1.93,0.9,47.41,260.76,0,2.06,0
BHIWANDI_TO_CHAKAN,156.03,1.93,1.62,50.57,210.57,0,1.81,0
BHIWANDI_TO_CHAKAN,156.03,1.93,1.67,44.55,91.38,0,1.82,0
CHAKAN_TO_SRIPERUMBUDUR,1094.0,13.23,0.63,37.93,8.63,0,14.84,0
JNPT_TO_BHIWANDI,67.55,0.92,1.14,37.22,129.43,0,0.86,0
JNPT_TO_BHIWANDI,67.55,0.92,0.54,38.93,27.53,0,1.0,0
JNPT_TO_BHIWANDI,67.55,0.92,1.28,13.79,33.28,0,1.08,0
CHAKAN_TO_SRIPERUMBUDUR,1094.0,13.23,4.04,39.38,55.02,0,13.4,0
BHIWANDI_TO_CHAKAN,156.03,1.93,0.05,46.3,43.91,0,2.31,0
JNPT_TO_CHAKAN,136.67,1.75,1.21,18.93,26.59,0,1.97,0
MUNDRA_TO_BHIWANDI,872.85,11.64,1.43,47.83,522.74,0,12.47,0
JNPT_TO_CHAKAN,136.67,1.75,0.49,43.57,45.2,0,1.65,0
BHIWANDI_TO_CHAKAN,156.03,1.93,0.69,15.14,108.72,0,2.08,0
JNPT_TO_CHAKAN,136.67,1.75,0.05,32.94,123.7,0,1.88,0
CHAKAN_TO_SRIPERUMBUDUR,1094.0,13.23,0.01,52.17,3.78,0,13.32,0
MUNDRA_TO_BHIWANDI,872.85,11.64,0.28,52.72,56.31,0,11.8,0
MUNDRA_TO_BHIWANDI,872.85,11.64,1.97,55.74,57.5,1,18.25,1
JNPT_TO_BHIWANDI,67.55,0.92,1.14,45.69,15.17,0,0.93,0
CHAKAN_TO_SRIPERUMBUDUR,1094.0,13.23,0.88,19.95,43.58,0,12.75,0
BHIWANDI_TO_CHAKAN,156.03,1.93,0.22,36.2,11.34,0,2.14,0
JNPT_TO_BHIWANDI,67.55,0.92,5.09,59.6,10.01,0,0.95,0
MUNDRA_TO_BHIWANDI,872.85,11.64,5.82,24.76,111.58,0,12.71,0
MUNDRA_TO_BHIWANDI,872.85,11.64,1.07,48.76,223.32,0,10.63,0
CHAKAN_TO_SRIPERUMBUDUR,1094.0,13.23,0.8,29.16,86.79,0,15.29,0
CHAKAN_TO_SRIPERUMBUDUR,1094.0,13.23,1.64,45.36,103.54,0,12.51,0
JNPT_TO_CHAKAN,136.67,1.75,1.78,26.11,391.58,0,2.2,1
CHAKAN_TO_SRIPERUMBUDUR,1094.0,13.23,0.15,50.73,12.74,0,15.04,0
BHIWANDI_TO_CHAKAN,156.03,1.93,1.4,22.58,21.17,0,2.03,0
CHAKAN_TO_SRIPERUMBUDUR,1094.0,13.23,0.27,44.69,66.35,0,13.21,0
BHIWANDI_TO_CHAKAN,156.03,1.93,0.8,56.85,60.94,0,2.3,0
CHAKAN_TO_SRIPERUMBUDUR,1094.0,13.23,0.52,42.56,280.87,0,15.31,0
JNPT_TO_CHAKAN,136.67,1.75,0.43,25.39,58.77,0,1.88,0
MUNDRA_TO_BHIWANDI,872.85,11.64,0.68,13.64,51.4,1,18.71,1
CHAKAN_TO_SRIPERUMBUDUR,1094.0,13.23,1.23,28.26,147.88,0,12.95,0
MUNDRA_TO_BHIWANDI,872.85,11.64,15.17,32.43,93.89,0,13.32,0
CHAKAN_TO_SRIPERUMBUDUR,1094.0,13.23,1.12,30.78,39.77,0,14.54,0
JNPT_TO_CHAKAN,136.67,1.75,1.51,55.26,77.82,0,1.58,0
CHAKAN_TO_SRIPERUMBUDUR,1094.0,13.23,1.42,54.19,44.89,0,14.65,0
MUNDRA_TO_BHIWANDI,872.85,11.64,1.34,51.27,103.32,0,11.92,0
CHAKAN_TO_SRIPERUMBUDUR,1094.0,13.23,6.7,29.04,211.88,0,15.04,0
MUNDRA_TO_BHIWANDI,872.85,11.64,1.59,22.76,171.45,0,10.88,0
CHAKAN_TO_SRIPERUMBUDUR,1094.0,13.23,0.14,32.07,84.6,0,15.08,0
JNPT_TO_BHIWANDI,67.55,0.92,1.57,16.21,65.95,0,1.07,0
JNPT_TO_CHAKAN,136.67,1.75,0.7,23.42,20.84,0,1.75,0
JNPT_TO_BHIWANDI,67.55,0.92,1.12,35.33,21.04,0,1.07,0
MUNDRA_TO_BHIWANDI,872.85,11.64,0.99,26.54,25.37,0,11.02,0
JNPT_TO_CHAKAN,136.67,1.75,0.25,43.84,82.36,0,1.65,0
BHIWANDI_TO_CHAKAN,156.03,1.93,0.27,56.88,128.59,0,1.8,0
JNPT_TO_CHAKAN,136.67,1.75,0.3,21.03,67.47,0,1.67,0
CHAKAN_TO_SRIPERUMBUDUR,1094.0,13.23,0.62,16.22,295.49,0,13.42,0
MUNDRA_TO_BHIWANDI,872.85,11.64,2.01,25.87,307.64,0,13.41,0
MUNDRA_TO_BHIWANDI,872.85,11.64,0.62,39.38,81.59,0,13.6,0
BHIWANDI_TO_CHAKAN,156.03,1.93,0.12,18.88,56.93,0,1.83,0
JNPT_TO_CHAKAN,136.67,1.75,1.6,44.45,106.89,0,1.75,0
BHIWANDI_TO_CHAKAN,156.03,1.93,0.12,58.97,179.36,0,2.02,0
JNPT_TO_BHIWANDI,67.55,0.92,1.85,51.61,35.88,0,0.85,0
BHIWANDI_TO_CHAKAN,156.03,1.93,1.13,38.58,229.9,1,6.08,1
CHAKAN_TO_SRIPERUMBUDUR,1094.0,13.23,1.64,30.01,18.89,0,13.89,0
JNPT_TO_CHAKAN,136.67,1.75,1.73,29.41,30.31,1,6.75,1
CHAKAN_TO_SRIPERUMBUDUR,1094.0,13.23,0.17,13.1,194.44,0,12.06,0
JNPT_TO_CHAKAN,136.67,1.75,0.34,24.13,16.91,0,2.06,0
CHAKAN_TO_SRIPERUMBUDUR,1094.0,13.23,1.86,58.77,185.16,0,14.26,0
MUNDRA_TO_BHIWANDI,872.85,11.64,1.69,32.69,15.53,0,12.65,0
MUNDRA_TO_BHIWANDI,872.85,11.64,0.47,53.08,65.97,0,12.48,0
BHIWANDI_TO_CHAKAN,156.03,1.93,1.52,11.73,25.44,0,2.09,0
MUNDRA_TO_BHIWANDI,872.85,11.64,1.43,17.13,7.48,0,13.34,0
JNPT_TO_CHAKAN,136.67,1.75,1.97,58.58,190.2,0,1.94,0
BHIWANDI_TO_CHAKAN,156.03,1.93,1.65,49.99,243.63,0,1.77,0
MUNDRA_TO_BHIWANDI,872.85,11.64,1.85,21.6,633.76,0,11.78,0
MUNDRA_TO_BHIWANDI,872.85,11.64,1.06,37.75,47.21,0,12.63,0
BHIWANDI_TO_CHAKAN,156.03,1.93,0.67,21.37,91.19,0,2.14,0
MUNDRA_TO_BHIWANDI,872.85,11.64,1.32,12.18,140.57,0,12.86,0
JNPT_TO_BHIWANDI,67.55,0.92,2.0,51.99,16.31,0,0.92,0
CHAKAN_TO_SRIPERUMBUDUR,1094.0,13.23,1.17,13.76,107.97,0,13.62,0
CHAKAN_TO_SRIPERUMBUDUR,1094.0,13.23,1.1,13.37,26.25,0,12.67,0
BHIWANDI_TO_CHAKAN,156.03,1.93,1.74,20.78,69.2,0,1.93,0
JNPT_TO_CHAKAN,136.67,1.75,0.29,24.93,7.84,0,1.66,0
CHAKAN_TO_SRIPERUMBUDUR,1094.0,13.23,4.13,49.61,26.18,0,12.26,0
JNPT_TO_CHAKAN,136.67,1.75,0.99,54.92,6.1,0,1.78,0
MUNDRA_TO_BHIWANDI,872.85,11.64,0.47,44.37,101.26,0,13.14,0
JNPT_TO_BHIWANDI,67.55,0.92,1.31,48.93,111.22,0,0.98,0
MUNDRA_TO_BHIWANDI,872.85,11.64,0.9,13.95,79.09,0,13.95,0
JNPT_TO_CHAKAN,136.67,1.75,0.52,15.94,32.19,0,1.74,0
CHAKAN_TO_SRIPERUMBUDUR,1094.0,13.23,17.24,35.07,145.09,0,13.77,0
MUNDRA_TO_BHIWANDI,872.85,11.64,1.85,33.74,266.34,0,10.58,0
JNPT_TO_CHAKAN,136.67,1.75,1.85,54.9,50.77,0,1.72,0
BHIWANDI_TO_CHAKAN,156.03,1.93,0.09,24.24,23.49,0,2.02,0
JNPT_TO_BHIWANDI,67.55,0.92,0.27,46.38,80.6,0,0.84,0
MUNDRA_TO_BHIWANDI,872.85,11.64,12.86,21.11,190.19,0,12.65,0
MUNDRA_TO_BHIWANDI,872.85,11.64,0.23,35.68,79.51,0,11.33,0
JNPT_TO_CHAKAN,136.67,1.75,1.38,32.99,10.43,0,2.06,0
MUNDRA_TO_BHIWANDI,872.85,11.64,1.27,14.25,1.14,0,11.89,0
BHIWANDI_TO_CHAKAN,156.03,1.93,1.78,44.09,109.46,0,2.27,0
BHIWANDI_TO_CHAKAN,156.03,1.93,0.11,57.96,13.0,0,2.09,0
BHIWANDI_TO_CHAKAN,156.03,1.93,1.98,38.05,118.56,0,1.85,0
MUNDRA_TO_BHIWANDI,872.85,11.64,0.21,21.82,393.79,0,14.05,0
JNPT_TO_BHIWANDI,67.55,0.92,1.55,58.78,191.02,0,0.91,0
JNPT_TO_CHAKAN,136.67,1.75,0.51,39.66,130.12,0,1.6,0
MUNDRA_TO_BHIWANDI,872.85,11.64,0.43,42.73,59.03,0,11.05,0
JNPT_TO_BHIWANDI,67.55,0.92,0.43,28.4,3.2,0,0.96,0
MUNDRA_TO_BHIWANDI,872.85,11.64,1.98,58.39,93.73,0,11.51,0
BHIWANDI_TO_CHAKAN,156.03,1.93,0.87,36.55,9.39,0,2.15,0
MUNDRA_TO_BHIWANDI,872.85,11.64,1.24,12.12,13.82,0,10.58,0
BHIWANDI_TO_CHAKAN,156.03,1.93,1.79,36.54,494.69,0,2.78,1
CHAKAN_TO_SRIPERUMBUDUR,1094.0,13.23,0.26,21.7,230.45,0,14.97,0
MUNDRA_TO_BHIWANDI,872.85,11.64,0.78,30.29,145.45,0,13.71,0
BHIWANDI_TO_CHAKAN,156.03,1.93,0.86,15.57,5.0,0,1.76,0
BHIWANDI_TO_CHAKAN,156.03,1.93,0.52,27.09,180.42,0,1.78,0
MUNDRA_TO_BHIWANDI,872.85,11.64,2.64,56.97,233.89,0,10.69,0
MUNDRA_TO_BHIWANDI,872.85,11.64,1.52,52.47,70.36,0,12.39,0
CHAKAN_TO_SRIPERUMBUDUR,1094.0,13.23,1.44,27.02,31.73,0,12.36,0
JNPT_TO_BHIWANDI,67.55,0.92,3.84,15.03,59.5,0,0.95,0
MUNDRA_TO_BHIWANDI,872.85,11.64,0.63,27.33,247.55,0,13.59,0
CHAKAN_TO_SRIPERUMBUDUR,1094.0,13.23,0.14,28.13,54.42,0,14.61,0
CHAKAN_TO_SRIPERUMBUDUR,1094.0,13.23,1.38,23.94,365.21,0,16.03,0
BHIWANDI_TO_CHAKAN,156.03,1.93,0.7,10.62,88.27,0,1.94,0
MUNDRA_TO_BHIWANDI,872.85,11.64,0.34,44.34,3.86,0,12.13,0
CHAKAN_TO_SRIPERUMBUDUR,1094.0,13.23,1.61,52.01,12.32,1,17.87,1
BHIWANDI_TO_CHAKAN,156.03,1.93,0.41,48.47,37.38,0,2.14,0
BHIWANDI_TO_CHAKAN,156.03,1.93,1.36,16.75,15.24,0,1.92,0
JNPT_TO_CHAKAN,136.67,1.75,1.68,10.79,100.09,0,1.99,0
JNPT_TO_BHIWANDI,67.55,0.92,0.78,23.24,0.13,0,0.97,0
CHAKAN_TO_SRIPERUMBUDUR,1094.0,13.23,0.01,54.83,31.78,0,13.09,0
JNPT_TO_CHAKAN,136.67,1.75,0.65,18.14,0.21,0,2.05,0
MUNDRA_TO_BHIWANDI,872.85,11.64,3.04,49.15,13.36,0,12.73,0
BHIWANDI_TO_CHAKAN,156.03,1.93,1.04,48.91,195.65,0,2.25,0
MUNDRA_TO_BHIWANDI,872.85,11.64,1.88,58.12,159.37,0,11.85,0
MUNDRA_TO_BHIWANDI,872.85,11.64,0.42,32.98,209.15,0,12.6,0
JNPT_TO_CHAKAN,136.67,1.75,0.07,51.05,3.34,0,2.08,0
JNPT_TO_CHAKAN,136.67,1.75,1.68,57.88,4.92,0,1.75,0
BHIWANDI_TO_CHAKAN,156.03,1.93,0.76,24.54,18.53,0,1.93,0
MUNDRA_TO_BHIWANDI,872.85,11.64,0.54,12.37,12.04,1,19.25,1
BHIWANDI_TO_CHAKAN,156.03,1.93,1.23,34.8,122.18,0,2.21,0
JNPT_TO_CHAKAN,136.67,1.75,5.29,36.08,41.1,0,1.98,0
MUNDRA_TO_BHIWANDI,872.85,11.64,1.34,15.51,92.72,0,13.08,0
JNPT_TO_BHIWANDI,67.55,0.92,0.84,42.11,144.05,0,1.05,0
JNPT_TO_CHAKAN,136.67,1.75,0.87,51.33,141.11,0,1.59,0
JNPT_TO_BHIWANDI,67.55,0.92,1.49,14.31,152.13,1,7.5,1
CHAKAN_TO_SRIPERUMBUDUR,1094.0,13.23,0.23,14.23,27.04,0,13.53,0
CHAKAN_TO_SRIPERUMBUDUR,1094.0,13.23,0.91,47.79,0.82,0,15.29,0
BHIWANDI_TO_CHAKAN,156.03,1.93,0.47,34.71,31.9,0,1.78,0
JNPT_TO_BHIWANDI,67.55,0.92,0.65,36.78,13.5,0,0.88,0
JNPT_TO_CHAKAN,136.67,1.75,0.47,48.88,52.35,0,2.05,0
CHAKAN_TO_SRIPERUMBUDUR,1094.0,13.23,1.8,22.91,75.34,0,14.35,0
BHIWANDI_TO_CHAKAN,156.03,1.93,2.56,14.87,51.63,0,2.28,0
JNPT_TO_CHAKAN,136.67,1.75,1.45,24.87,11.6,0,1.73,0
JNPT_TO_BHIWANDI,67.55,0.92,0.94,39.98,204.64,0,0.93,0
CHAKAN_TO_SRIPERUMBUDUR,1094.0,13.23,0.72,29.99,121.42,0,14.82,0
CHAKAN_TO_SRIPERUMBUDUR,1094.0,13.23,0.39,41.19,24.08,0,14.59,0
JNPT_TO_BHIWANDI,67.55,0.92,0.07,23.91,146.01,0,1.02,0
JNPT_TO_BHIWANDI,67.55,0.92,0.07,36.54,60.85,0,0.99,0
CHAKAN_TO_SRIPERUMBUDUR,1094.0,13.23,3.12,20.59,3.06,0,14.57,0
JNPT_TO_CHAKAN,136.67,1.75,1.57,51.5,107.42,0,1.86,0
CHAKAN_TO_SRIPERUMBUDUR,1094.0,13.23,1.99,17.58,9.87,0,13.27,0
JNPT_TO_BHIWANDI,67.55,0.92,1.05,57.61,126.39,0,0.94,0
JNPT_TO_BHIWANDI,67.55,0.92,1.2,34.45,0.94,0,0.96,0
JNPT_TO_BHIWANDI,67.55,0.92,2.59,55.64,44.95,0,0.98,0
JNPT_TO_BHIWANDI,67.55,0.92,1.33,43.86,6.5,0,0.95,0
BHIWANDI_TO_CHAKAN,156.03,1.93,0.83,34.24,112.38,0,2.25,0
JNPT_TO_CHAKAN,136.67,1.75,0.57,20.54,130.39,0,1.87,0
BHIWANDI_TO_CHAKAN,156.03,1.93,0.39,12.3,355.75,0,2.47,1
BHIWANDI_TO_CHAKAN,156.03,1.93,2.95,37.98,98.36,0,2.13,0
BHIWANDI_TO_CHAKAN,156.03,1.93,1.75,42.77,85.56,0,1.97,0
MUNDRA_TO_BHIWANDI,872.85,11.64,0.13,26.56,184.51,0,10.72,0
JNPT_TO_BHIWANDI,67.55,0.92,0.7,23.59,91.56,0,1.05,0
MUNDRA_TO_BHIWANDI,872.85,11.64,1.69,36.89,64.19,0,11.95,0
CHAKAN_TO_SRIPERUMBUDUR,1094.0,13.23,1.52,14.19,34.61,0,15.6,0
BHIWANDI_TO_CHAKAN,156.03,1.93,3.49,58.95,23.33,0,1.9,0
JNPT_TO_CHAKAN,136.67,1.75,7.31,51.16,76.03,0,1.81,0
BHIWANDI_TO_CHAKAN,156.03,1.93,1.37,12.98,7.56,0,2.27,0
BHIWANDI_TO_CHAKAN,156.03,1.93,0.97,45.77,53.03,0,1.77,0
MUNDRA_TO_BHIWANDI,872.85,11.64,0.2,25.68,49.7,0,11.57,0
MUNDRA_TO_BHIWANDI,872.85,11.64,0.78,42.05,220.71,0,10.71,0
MUNDRA_TO_BHIWANDI,872.85,11.64,1.13,22.6,91.54,0,10.95,0
JNPT_TO_BHIWANDI,67.55,0.92,4.34,41.54,210.3,0,1.03,0
JNPT_TO_CHAKAN,136.67,1.75,0.1,40.08,69.48,0,1.94,0
CHAKAN_TO_SRIPERUMBUDUR,1094.0,13.23,1.02,18.56,36.98,0,14.12,0
BHIWANDI_TO_CHAKAN,156.03,1.93,0.44,24.3,70.36,1,8.25,1
BHIWANDI_TO_CHAKAN,156.03,1.93,0.38,58.72,9.76,0,2.05,0
BHIWANDI_TO_CHAKAN,156.03,1.93,0.37,16.36,13.26,0,1.98,0
BHIWANDI_TO_CHAKAN,156.03,1.93,9.37,17.17,39.57,0,2.06,0
JNPT_TO_CHAKAN,136.67,1.75,0.72,33.72,92.77,0,1.68,0
CHAKAN_TO_SRIPERUMBUDUR,1094.0,13.23,1.56,13.14,121.44,0,13.78,0
BHIWANDI_TO_CHAKAN,156.03,1.93,1.58,21.69,33.27,0,2.16,0
JNPT_TO_BHIWANDI,67.55,0.92,5.86,38.32,134.09,0,0.97,0
JNPT_TO_BHIWANDI,67.55,0.92,1.2,13.15,161.08,0,0.87,0
CHAKAN_TO_SRIPERUMBUDUR,1094.0,13.23,0.27,11.27,41.48,0,14.57,0
JNPT_TO_CHAKAN,136.67,1.75,0.0,22.79,12.52,0,1.73,0
BHIWANDI_TO_CHAKAN,156.03,1.93,0.76,35.88,83.62,0,1.96,0
MUNDRA_TO_BHIWANDI,872.85,11.64,1.31,42.1,90.89,0,13.61,0
CHAKAN_TO_SRIPERUMBUDUR,1094.0,13.23,0.04,26.52,239.89,0,13.24,0
JNPT_TO_CHAKAN,136.67,1.75,0.07,19.79,72.44,0,1.7,0
BHIWANDI_TO_CHAKAN,156.03,1.93,0.45,11.7,67.59,0,2.01,0
BHIWANDI_TO_CHAKAN,156.03,1.93,1.61,12.11,3.09,0,2.01,0
JNPT_TO_CHAKAN,136.67,1.75,0.71,43.13,35.06,0,2.02,0
JNPT_TO_CHAKAN,136.67,1.75,0.73,58.86,40.15,0,1.64,0
CHAKAN_TO_SRIPERUMBUDUR,1094.0,13.23,0.8,19.4,26.16,0,15.32,0
CHAKAN_TO_SRIPERUMBUDUR,1094.0,13.23,1.44,35.61,14.21,0,14.01,0
JNPT_TO_CHAKAN,136.67,1.75,9.92,14.41,52.61,0,1.69,0
JNPT_TO_CHAKAN,136.67,1.75,0.72,16.88,86.46,0,2.05,0
BHIWANDI_TO_CHAKAN,156.03,1.93,0.86,12.9,288.13,0,1.75,0
CHAKAN_TO_SRIPERUMBUDUR,1094.0,13.23,0.85,54.92,289.34,0,12.2,0
CHAKAN_TO_SRIPERUMBUDUR,1094.0,13.23,1.77,31.14,52.68,0,12.5,0
JNPT_TO_BHIWANDI,67.55,0.92,1.91,46.31,170.45,0,0.9,0
MUNDRA_TO_BHIWANDI,872.85,11.64,1.29,38.14,130.33,0,13.92,0
JNPT_TO_CHAKAN,136.67,1.75,7.14,32.97,9.63,0,1.64,0
BHIWANDI_TO_CHAKAN,156.03,1.93,0.06,27.47,379.34,0,2.57,1
CHAKAN_TO_SRIPERUMBUDUR,1094.0,13.23,1.07,49.8,116.12,0,12.7,0
JNPT_TO_BHIWANDI,67.55,0.92,0.11,31.95,13.91,0,1.07,0
BHIWANDI_TO_CHAKAN,156.03,1.93,1.5,34.29,43.35,0,1.77,0
JNPT_TO_BHIWANDI,67.55,0.92,1.11,14.71,291.49,0,1.02,0
BHIWANDI_TO_CHAKAN,156.03,1.93,13.93,52.96,254.0,0,1.99,0
JNPT_TO_BHIWANDI,67.55,0.92,1.44,50.48,65.5,0,0.91,0
CHAKAN_TO_SRIPERUMBUDUR,1094.0,13.23,0.46,26.42,61.14,0,14.51,0
JNPT_TO_BHIWANDI,67.55,0.92,1.66,47.51,39.08,0,0.91,0
CHAKAN_TO_SRIPERUMBUDUR,1094.0,13.23,0.17,16.48,105.96,0,15.81,0
BHIWANDI_TO_CHAKAN,156.03,1.93,0.87,25.38,200.72,0,1.87,0
JNPT_TO_CHAKAN,136.67,1.75,3.75,41.11,4.98,0,2.04,0
JNPT_TO_BHIWANDI,67.55,0.92,1.46,41.5,111.31,0,0.84,0
CHAKAN_TO_SRIPERUMBUDUR,1094.0,13.23,1.35,34.76,6.56,0,12.86,0
CHAKAN_TO_SRIPERUMBUDUR,1094.0,13.23,0.34,14.09,18.17,0,13.17,0
JNPT_TO_BHIWANDI,67.55,0.92,1.69,23.43,256.15,0,0.96,0
JNPT_TO_BHIWANDI,67.55,0.92,0.24,47.48,170.61,0,0.98,0
BHIWANDI_TO_CHAKAN,156.03,1.93,0.22,46.01,116.19,0,2.06,0
MUNDRA_TO_BHIWANDI,872.85,11.64,0.18,12.47,47.52,0,13.92,0
BHIWANDI_TO_CHAKAN,156.03,1.93,1.29,45.25,147.98,0,2.15,0
JNPT_TO_CHAKAN,136.67,1.75,1.79,26.59,14.54,0,1.92,0
JNPT_TO_CHAKAN,136.67,1.75,1.84,44.34,150.02,0,1.63,0
BHIWANDI_TO_CHAKAN,156.03,1.93,1.32,45.99,85.96,0,1.82,0
BHIWANDI_TO_CHAKAN,156.03,1.93,14.89,23.98,65.44,0,1.92,0
BHIWANDI_TO_CHAKAN,156.03,1.93,0.31,57.61,71.85,0,2.28,0
BHIWANDI_TO_CHAKAN,156.03,1.93,2.66,42.57,405.48,0,2.18,0
JNPT_TO_BHIWANDI,67.55,0.92,1.06,55.96,62.47,0,1.07,0
BHIWANDI_TO_CHAKAN,156.03,1.93,17.35,53.79,13.42,0,3.55,1
JNPT_TO_BHIWANDI,67.55,0.92,0.35,35.16,89.24,0,0.98,0
JNPT_TO_BHIWANDI,67.55,0.92,7.97,19.64,0.21,0,0.99,0
JNPT_TO_CHAKAN,136.67,1.75,0.6,14.05,144.01,0,1.89,0
JNPT_TO_CHAKAN,136.67,1.75,0.3,43.97,109.14,0,1.74,0
MUNDRA_TO_BHIWANDI,872.85,11.64,0.03,52.74,33.04,0,11.13,0
JNPT_TO_BHIWANDI,67.55,0.92,1.19,13.21,69.33,0,0.9,0
BHIWANDI_TO_CHAKAN,156.03,1.93,0.72,25.73,26.66,0,2.28,0
MUNDRA_TO_BHIWANDI,872.85,11.64,0.81,28.99,114.4,0,10.99,0
MUNDRA_TO_BHIWANDI,872.85,11.64,0.64,39.68,105.33,0,11.67,0
JNPT_TO_BHIWANDI,67.55,0.92,0.04,19.51,40.66,0,0.96,0
CHAKAN_TO_SRIPERUMBUDUR,1094.0,13.23,0.41,57.79,87.5,0,13.14,0
BHIWANDI_TO_CHAKAN,156.03,1.93,7.41,51.67,203.47,0,1.91,0
CHAKAN_TO_SRIPERUMBUDUR,1094.0,13.23,1.91,43.31,279.11,0,12.58,0
BHIWANDI_TO_CHAKAN,156.03,1.93,0.72,28.72,22.36,0,2.31,0
BHIWANDI_TO_CHAKAN,156.03,1.93,0.94,23.29,9.7,0,2.01,0
MUNDRA_TO_BHIWANDI,872.85,11.64,1.28,56.28,81.52,0,12.73,0
CHAKAN_TO_SRIPERUMBUDUR,1094.0,13.23,1.21,40.47,283.48,0,14.15,0
CHAKAN_TO_SRIPERUMBUDUR,1094.0,13.23,0.75,30.05,57.56,0,12.7,0
BHIWANDI_TO_CHAKAN,156.03,1.93,1.54,49.59,62.54,0,2.2,0
JNPT_TO_CHAKAN,136.67,1.75,0.78,41.68,49.67,0,2.08,0
JNPT_TO_BHIWANDI,67.55,0.92,1.74,33.75,69.41,0,0.93,0
MUNDRA_TO_BHIWANDI,872.85,11.64,0.79,47.64,72.65,0,12.44,0
BHIWANDI_TO_CHAKAN,156.03,1.93,0.68,31.1,52.36,0,1.83,0
JNPT_TO_BHIWANDI,67.55,0.92,1.46,54.87,67.68,0,0.83,0
BHIWANDI_TO_CHAKAN,156.03,1.93,9.86,51.18,165.74,0,2.06,0
JNPT_TO_BHIWANDI,67.55,0.92,0.36,26.46,169.29,0,1.06,0
CHAKAN_TO_SRIPERUMBUDUR,1094.0,13.23,1.7,23.53,17.9,0,14.88,0
MUNDRA_TO_BHIWANDI,872.85,11.64,1.17,22.43,104.13,0,11.23,0
JNPT_TO_CHAKAN,136.67,1.75,1.93,28.04,19.16,0,1.62,0
BHIWANDI_TO_CHAKAN,156.03,1.93,0.76,55.77,92.69,0,1.76,0
MUNDRA_TO_BHIWANDI,872.85,11.64,12.09,30.31,71.52,0,13.88,0
BHIWANDI_TO_CHAKAN,156.03,1.93,1.93,34.68,263.16,0,2.12,0
BHIWANDI_TO_CHAKAN,156.03,1.93,0.41,22.22,49.8,0,2.15,0
BHIWANDI_TO_CHAKAN,156.03,1.93,0.94,56.45,20.19,0,2.06,0
MUNDRA_TO_BHIWANDI,872.85,11.64,1.15,43.85,36.91,0,11.66,0
MUNDRA_TO_BHIWANDI,872.85,11.64,8.96,32.27,1.77,0,13.96,0
MUNDRA_TO_BHIWANDI,872.85,11.64,0.75,30.69,149.63,0,13.27,0
BHIWANDI_TO_CHAKAN,156.03,1.93,0.07,16.63,55.21,0,2.27,0
MUNDRA_TO_BHIWANDI,872.85,11.64,1.81,26.29,3.34,0,10.56,0
CHAKAN_TO_SRIPERUMBUDUR,1094.0,13.23,0.37,25.14,120.49,0,14.17,0
JNPT_TO_BHIWANDI,67.55,0.92,1.81,37.55,69.2,0,0.88,0
MUNDRA_TO_BHIWANDI,872.85,11.64,0.14,59.27,9.42,0,11.01,0
MUNDRA_TO_BHIWANDI,872.85,11.64,1.26,55.4,131.44,0,12.71,0
MUNDRA_TO_BHIWANDI,872.85,11.64,0.19,23.6,37.36,0,12.12,0
BHIWANDI_TO_CHAKAN,156.03,1.93,1.6,15.43,28.95,0,1.91,0
JNPT_TO_BHIWANDI,67.55,0.92,0.25,54.64,30.88,0,1.09,0
CHAKAN_TO_SRIPERUMBUDUR,1094.0,13.23,1.5,31.09,16.19,0,12.44,0
CHAKAN_TO_SRIPERUMBUDUR,1094.0,13.23,2.45,24.08,102.41,0,13.13,0
CHAKAN_TO_SRIPERUMBUDUR,1094.0,13.23,1.8,26.8,38.79,0,12.96,0
MUNDRA_TO_BHIWANDI,872.85,11.64,2.83,48.39,53.45,1,15.24,1
BHIWANDI_TO_CHAKAN,156.03,1.93,0.38,12.6,333.91,1,6.13,1
BHIWANDI_TO_CHAKAN,156.03,1.93,1.85,58.19,31.93,0,2.2,0
CHAKAN_TO_SRIPERUMBUDUR,1094.0,13.23,1.03,51.14,87.19,0,14.39,0
CHAKAN_TO_SRIPERUMBUDUR,1094.0,13.23,1.29,31.31,21.31,0,12.2,0
MUNDRA_TO_BHIWANDI,872.85,11.64,1.34,52.53,84.43,0,13.54,0
JNPT_TO_BHIWANDI,67.55,0.92,1.07,17.99,29.59,0,1.01,0
CHAKAN_TO_SRIPERUMBUDUR,1094.0,13.23,0.47,46.13,28.41,0,12.21,0
JNPT_TO_CHAKAN,136.67,1.75,0.3,32.48,14.25,0,1.65,0
JNPT_TO_CHAKAN,136.67,1.75,0.83,36.67,181.88,0,1.99,0
JNPT_TO_CHAKAN,136.67,1.75,1.84,13.39,256.97,0,1.89,0
JNPT_TO_CHAKAN,136.67,1.75,3.01,27.83,320.55,0,2.0,0
JNPT_TO_CHAKAN,136.67,1.75,0.17,27.98,118.27,0,1.74,0
BHIWANDI_TO_CHAKAN,156.03,1.93,0.59,36.75,117.71,0,1.79,0
JNPT_TO_CHAKAN,136.67,1.75,1.42,13.43,135.25,0,1.99,0
BHIWANDI_TO_CHAKAN,156.03,1.93,0.97,45.92,130.87,0,2.19,0
JNPT_TO_CHAKAN,136.67,1.75,0.52,12.79,37.86,0,1.82,0
MUNDRA_TO_BHIWANDI,872.85,11.64,2.42,25.48,195.23,0,11.25,0
JNPT_TO_CHAKAN,136.67,1.75,1.4,18.7,4.92,0,1.76,0
CHAKAN_TO_SRIPERUMBUDUR,1094.0,13.23,0.13,40.24,188.89,0,12.93,0
JNPT_TO_CHAKAN,136.67,1.75,1.44,55.2,259.09,0,1.67,0
BHIWANDI_TO_CHAKAN,156.03,1.93,1.44,33.0,259.62,1,7.26,1
JNPT_TO_BHIWANDI,67.55,0.92,0.36,49.58,77.04,0,0.96,0
JNPT_TO_CHAKAN,136.67,1.75,1.68,11.97,9.66,0,2.1,0
MUNDRA_TO_BHIWANDI,872.85,11.64,0.45,24.27,254.09,0,11.17,0
JNPT_TO_CHAKAN,136.67,1.75,1.52,40.87,74.86,0,1.95,0
MUNDRA_TO_BHIWANDI,872.85,11.64,10.18,44.38,306.64,0,12.1,0
CHAKAN_TO_SRIPERUMBUDUR,1094.0,13.23,1.13,17.62,170.25,0,12.49,0
JNPT_TO_CHAKAN,136.67,1.75,1.98,27.99,79.43,0,1.69,0
BHIWANDI_TO_CHAKAN,156.03,1.93,0.8,36.76,8.89,0,1.98,0
CHAKAN_TO_SRIPERUMBUDUR,1094.0,13.23,1.97,12.32,1.84,0,15.81,0
CHAKAN_TO_SRIPERUMBUDUR,1094.0,13.23,1.32,23.98,353.87,0,14.44,0
MUNDRA_TO_BHIWANDI,872.85,11.64,1.16,58.63,19.19,0,12.68,0
JNPT_TO_CHAKAN,136.67,1.75,1.74,30.49,384.03,0,2.19,1
BHIWANDI_TO_CHAKAN,156.03,1.93,0.3,17.46,187.16,0,2.16,0
MUNDRA_TO_BHIWANDI,872.85,11.64,1.63,45.94,212.81,0,12.18,0
JNPT_TO_BHIWANDI,67.55,0.92,1.24,30.41,10.07,0,0.93,0
CHAKAN_TO_SRIPERUMBUDUR,1094.0,13.23,25.48,28.09,34.96,0,17.63,1
JNPT_TO_CHAKAN,136.67,1.75,0.63,58.18,101.71,0,2.02,0
JNPT_TO_BHIWANDI,67.55,0.92,1.83,22.82,64.14,0,1.08,0
BHIWANDI_TO_CHAKAN,156.03,1.93,1.26,12.97,46.12,0,1.99,0
BHIWANDI_TO_CHAKAN,156.03,1.93,0.05,43.73,66.91,0,2.08,0
CHAKAN_TO_SRIPERUMBUDUR,1094.0,13.23,5.42,47.72,243.24,0,14.69,0
MUNDRA_TO_BHIWANDI,872.85,11.64,1.49,48.95,214.4,0,11.44,0
JNPT_TO_CHAKAN,136.67,1.75,1.37,45.75,3.68,0,1.64,0
JNPT_TO_BHIWANDI,67.55,0.92,4.08,52.77,131.81,0,0.86,0
JNPT_TO_CHAKAN,136.67,1.75,0.54,52.37,47.24,0,1.6,0
MUNDRA_TO_BHIWANDI,872.85,11.64,9.92,36.83,22.97,0,11.97,0
JNPT_TO_CHAKAN,136.67,1.75,0.4,38.91,153.3,0,1.58,0
MUNDRA_TO_BHIWANDI,872.85,11.64,7.29,14.35,30.05,0,13.3,0
MUNDRA_TO_BHIWANDI,872.85,11.64,0.62,19.47,292.79,0,12.52,0
MUNDRA_TO_BHIWANDI,872.85,11.64,1.46,10.86,0.09,0,10.56,0
MUNDRA_TO_BHIWANDI,872.85,11.64,2.83,28.69,68.88,0,11.15,0
BHIWANDI_TO_CHAKAN,156.03,1.93,1.83,43.99,25.53,0,2.07,0
CHAKAN_TO_SRIPERUMBUDUR,1094.0,13.23,1.2,48.41,93.03,0,12.96,0
JNPT_TO_CHAKAN,136.67,1.75,1.11,19.9,121.49,0,1.68,0
JNPT_TO_BHIWANDI,67.55,0.92,1.61,25.32,211.33,0,1.1,0
JNPT_TO_BHIWANDI,67.55,0.92,0.41,34.38,26.58,0,0.98,0
JNPT_TO_CHAKAN,136.67,1.75,0.09,27.85,149.51,0,2.08,0
JNPT_TO_CHAKAN,136.67,1.75,0.04,16.99,85.84,0,1.79,0
JNPT_TO_CHAKAN,136.67,1.75,0.41,40.33,83.7,0,1.58,0
JNPT_TO_BHIWANDI,67.55,0.92,0.78,46.74,77.97,0,1.1,0
CHAKAN_TO_SRIPERUMBUDUR,1094.0,13.23,0.86,38.74,238.64,0,14.99,0
CHAKAN_TO_SRIPERUMBUDUR,1094.0,13.23,2.62,56.69,43.68,0,12.49,0
CHAKAN_TO_SRIPERUMBUDUR,1094.0,13.23,0.24,40.53,7.76,0,12.75,0
JNPT_TO_CHAKAN,136.67,1.75,1.51,13.29,193.33,0,1.71,0
JNPT_TO_CHAKAN,136.67,1.75,0.82,28.23,169.47,0,1.81,0
JNPT_TO_CHAKAN,136.67,1.75,18.0,57.44,128.84,0,3.76,1
JNPT_TO_BHIWANDI,67.55,0.92,0.13,57.05,49.71,0,0.86,0
JNPT_TO_CHAKAN,136.67,1.75,1.28,24.31,156.89,0,2.08,0
JNPT_TO_BHIWANDI,67.55,0.92,0.73,39.7,36.0,0,0.97,0
JNPT_TO_BHIWANDI,67.55,0.92,1.58,44.3,72.19,0,1.01,0
MUNDRA_TO_BHIWANDI,872.85,11.64,2.36,11.39,127.84,0,12.35,0
JNPT_TO_CHAKAN,136.67,1.75,1.3,37.32,246.97,0,1.62,0
MUNDRA_TO_BHIWANDI,872.85,11.64,0.49,26.06,13.65,0,11.3,0
JNPT_TO_BHIWANDI,67.55,0.92,1.26,34.14,147.34,0,0.86,0
JNPT_TO_CHAKAN,136.67,1.75,1.15,34.74,24.84,0,1.9,0
CHAKAN_TO_SRIPERUMBUDUR,1094.0,13.23,0.84,21.28,53.24,0,15.36,0
BHIWANDI_TO_CHAKAN,156.03,1.93,0.85,38.23,98.32,0,2.14,0
CHAKAN_TO_SRIPERUMBUDUR,1094.0,13.23,0.66,45.85,215.52,0,13.74,0
CHAKAN_TO_SRIPERUMBUDUR,1094.0,13.23,0.82,12.45,93.97,0,14.55,0
CHAKAN_TO_SRIPERUMBUDUR,1094.0,13.23,1.97,35.73,4.26,0,12.47,0
JNPT_TO_CHAKAN,136.67,1.75,0.24,19.94,43.49,0,1.69,0
CHAKAN_TO_SRIPERUMBUDUR,1094.0,13.23,0.51,24.82,65.49,0,15.58,0
JNPT_TO_BHIWANDI,67.55,0.92,3.23,37.79,6.35,0,0.88,0
JNPT_TO_CHAKAN,136.67,1.75,0.8,49.36,93.22,0,1.62,0
CHAKAN_TO_SRIPERUMBUDUR,1094.0,13.23,11.94,34.68,98.91,0,13.25,0
MUNDRA_TO_BHIWANDI,872.85,11.64,5.38,34.72,54.07,0,13.29,0
JNPT_TO_CHAKAN,136.67,1.75,0.38,31.21,34.45,0,1.77,0
JNPT_TO_CHAKAN,136.67,1.75,1.4,27.4,32.31,0,1.83,0
MUNDRA_TO_BHIWANDI,872.85,11.64,0.41,32.98,11.65,0,11.6,0
BHIWANDI_TO_CHAKAN,156.03,1.93,0.49,24.48,97.57,0,1.94,0
JNPT_TO_CHAKAN,136.67,1.75,0.8,13.83,134.45,0,2.04,0
CHAKAN_TO_SRIPERUMBUDUR,1094.0,13.23,1.24,10.67,28.46,0,12.99,0
JNPT_TO_CHAKAN,136.67,1.75,1.95,48.04,86.33,0,1.73,0
BHIWANDI_TO_CHAKAN,156.03,1.93,3.09,42.7,69.16,0,1.8,0
BHIWANDI_TO_CHAKAN,156.03,1.93,1.76,56.03,92.98,0,2.1,0
JNPT_TO_BHIWANDI,67.55,0.92,0.33,58.97,286.74,0,0.97,0
JNPT_TO_BHIWANDI,67.55,0.92,0.17,53.59,45.79,0,1.02,0
MUNDRA_TO_BHIWANDI,872.85,11.64,1.92,41.77,96.24,0,10.75,0
CHAKAN_TO_SRIPERUMBUDUR,1094.0,13.23,0.85,28.9,17.35,0,14.89,0
JNPT_TO_CHAKAN,136.67,1.75,0.47,46.5,3.33,0,1.88,0
JNPT_TO_CHAKAN,136.67,1.75,1.37,47.08,299.02,0,1.75,0
BHIWANDI_TO_CHAKAN,156.03,1.93,1.65,24.8,4.84,0,2.01,0
JNPT_TO_CHAKAN,136.67,1.75,20.91,16.47,8.82,0,3.98,1
JNPT_TO_CHAKAN,136.67,1.75,0.14,50.15,87.43,0,1.72,0
MUNDRA_TO_BHIWANDI,872.85,11.64,1.02,41.85,0.32,0,11.45,0
JNPT_TO_CHAKAN,136.67,1.75,1.98,45.81,92.66,0,1.66,0
MUNDRA_TO_BHIWANDI,872.85,11.64,0.57,16.71,95.45,0,11.13,0
JNPT_TO_CHAKAN,136.67,1.75,1.77,50.68,331.83,0,2.38,1
BHIWANDI_TO_CHAKAN,156.03,1.93,1.5,37.7,24.35,0,2.24,0
MUNDRA_TO_BHIWANDI,872.85,11.64,1.83,14.51,95.82,0,12.13,0
JNPT_TO_CHAKAN,136.67,1.75,1.71,34.11,204.36,0,1.9,0
JNPT_TO_BHIWANDI,67.55,0.92,1.97,25.97,137.93,0,0.87,0
CHAKAN_TO_SRIPERUMBUDUR,1094.0,13.23,0.88,59.25,95.07,0,14.24,0
JNPT_TO_BHIWANDI,67.55,0.92,0.02,52.39,13.96,0,0.88,0
CHAKAN_TO_SRIPERUMBUDUR,1094.0,13.23,0.19,36.29,148.54,0,12.12,0
JNPT_TO_BHIWANDI,67.55,0.92,1.05,24.68,25.76,0,1.09,0
BHIWANDI_TO_CHAKAN,156.03,1.93,0.73,45.26,21.34,0,1.78,0
MUNDRA_TO_BHIWANDI,872.85,11.64,0.75,50.98,92.54,0,13.17,0
BHIWANDI_TO_CHAKAN,156.03,1.93,1.94,22.46,159.99,0,1.92,0
JNPT_TO_BHIWANDI,67.55,0.92,0.39,46.21,400.01,0,1.49,1
MUNDRA_TO_BHIWANDI,872.85,11.64,1.02,12.18,48.28,0,13.04,0
JNPT_TO_CHAKAN,136.67,1.75,1.48,42.69,68.7,0,1.82,0
JNPT_TO_BHIWANDI,67.55,0.92,6.02,23.49,8.54,0,1.03,0
BHIWANDI_TO_CHAKAN,156.03,1.93,1.35,15.23,74.58,0,1.81,0
MUNDRA_TO_BHIWANDI,872.85,11.64,1.58,37.33,251.42,0,13.59,0
JNPT_TO_BHIWANDI,67.55,0.92,0.76,28.36,149.28,0,0.92,0
BHIWANDI_TO_CHAKAN,156.03,1.93,1.59,32.97,12.5,0,1.92,0
MUNDRA_TO_BHIWANDI,872.85,11.64,0.08,42.99,16.57,0,13.86,0
CHAKAN_TO_SRIPERUMBUDUR,1094.0,13.23,13.15,26.35,12.59,0,12.09,0
JNPT_TO_CHAKAN,136.67,1.75,1.66,53.45,2.18,0,2.05,0
MUNDRA_TO_BHIWANDI,872.85,11.64,1.65,26.07,148.62,0,12.58,0
JNPT_TO_BHIWANDI,67.55,0.92,1.55,35.73,401.73,0,1.47,1
JNPT_TO_BHIWANDI,67.55,0.92,1.92,16.72,192.78,0,0.84,0
CHAKAN_TO_SRIPERUMBUDUR,1094.0,13.23,0.97,16.2,184.11,0,14.82,0
CHAKAN_TO_SRIPERUMBUDUR,1094.0,13.23,4.31,44.54,31.06,0,12.71,0
JNPT_TO_BHIWANDI,67.55,0.92,0.01,41.65,103.23,0,1.1,0
BHIWANDI_TO_CHAKAN,156.03,1.93,1.43,34.46,14.23,0,1.75,0
MUNDRA_TO_BHIWANDI,872.85,11.64,0.47,58.73,108.65,0,12.01,0
JNPT_TO_CHAKAN,136.67,1.75,0.46,14.65,11.54,0,1.74,0
JNPT_TO_BHIWANDI,67.55,0.92,0.95,46.98,75.97,0,0.94,0
MUNDRA_TO_BHIWANDI,872.85,11.64,1.41,35.21,33.88,0,13.37,0
JNPT_TO_BHIWANDI,67.55,0.92,1.72,55.5,25.82,0,0.89,0
BHIWANDI_TO_CHAKAN,156.03,1.93,12.21,23.74,77.58,0,1.88,0
CHAKAN_TO_SRIPERUMBUDUR,1094.0,13.23,0.63,22.63,4.13,0,13.91,0
JNPT_TO_BHIWANDI,67.55,0.92,1.29,13.1,38.72,0,0.87,0
JNPT_TO_CHAKAN,136.67,1.75,0.1,17.04,207.46,0,1.65,0
BHIWANDI_TO_CHAKAN,156.03,1.93,1.72,38.19,185.52,0,2.05,0
JNPT_TO_BHIWANDI,67.55,0.92,0.17,34.94,3.72,0,0.84,0
BHIWANDI_TO_CHAKAN,156.03,1.93,0.93,13.95,201.76,0,2.11,0
JNPT_TO_CHAKAN,136.67,1.75,1.06,16.06,21.18,0,1.65,0
BHIWANDI_TO_CHAKAN,156.03,1.93,0.66,44.2,9.47,0,2.17,0
JNPT_TO_BHIWANDI,67.55,0.92,1.13,15.72,75.63,0,0.89,0
MUNDRA_TO_BHIWANDI,872.85,11.64,1.01,15.49,27.14,0,11.17,0
BHIWANDI_TO_CHAKAN,156.03,1.93,1.49,54.95,72.15,0,2.05,0
BHIWANDI_TO_CHAKAN,156.03,1.93,4.39,51.63,3.28,0,1.91,0
MUNDRA_TO_BHIWANDI,872.85,11.64,2.64,37.24,156.17,0,13.1,0
MUNDRA_TO_BHIWANDI,872.85,11.64,1.98,58.13,115.54,0,10.72,0
MUNDRA_TO_BHIWANDI,872.85,11.64,0.91,20.42,44.16,0,13.02,0
CHAKAN_TO_SRIPERUMBUDUR,1094.0,13.23,1.09,10.08,364.22,0,16.14,0
JNPT_TO_BHIWANDI,67.55,0.92,0.94,11.9,71.3,0,1.0,0
JNPT_TO_CHAKAN,136.67,1.75,1.22,36.22,32.04,0,1.68,0
JNPT_TO_BHIWANDI,67.55,0.92,0.98,36.66,67.81,0,1.04,0
BHIWANDI_TO_CHAKAN,156.03,1.93,1.37,15.08,40.55,0,2.02,0
CHAKAN_TO_SRIPERUMBUDUR,1094.0,13.23,0.22,29.11,46.2,0,12.3,0
BHIWANDI_TO_CHAKAN,156.03,1.93,0.32,29.18,396.33,0,2.69,1
MUNDRA_TO_BHIWANDI,872.85,11.64,0.63,40.14,140.15,0,12.83,0
BHIWANDI_TO_CHAKAN,156.03,1.93,3.32,19.31,54.41,0,1.97,0
CHAKAN_TO_SRIPERUMBUDUR,1094.0,13.23,21.5,40.43,143.66,0,16.04,0
MUNDRA_TO_BHIWANDI,872.85,11.64,1.85,20.82,23.95,0,12.5,0
BHIWANDI_TO_CHAKAN,156.03,1.93,0.61,33.16,12.21,0,2.16,0
BHIWANDI_TO_CHAKAN,156.03,1.93,1.49,29.77,146.91,0,2.19,0
JNPT_TO_BHIWANDI,67.55,0.92,1.51,43.85,193.23,0,1.07,0
JNPT_TO_CHAKAN,136.67,1.75,1.56,24.44,69.22,0,1.77,0
CHAKAN_TO_SRIPERUMBUDUR,1094.0,13.23,1.16,43.62,26.66,0,13.35,0
MUNDRA_TO_BHIWANDI,872.85,11.64,1.11,48.83,14.86,0,12.58,0
BHIWANDI_TO_CHAKAN,156.03,1.93,0.27,38.38,353.69,0,2.52,1
BHIWANDI_TO_CHAKAN,156.03,1.93,1.65,10.01,6.33,0,1.8,0
JNPT_TO_BHIWANDI,67.55,0.92,5.92,34.56,12.39,0,0.84,0
JNPT_TO_BHIWANDI,67.55,0.92,0.13,48.35,45.32,0,0.97,0
CHAKAN_TO_SRIPERUMBUDUR,1094.0,13.23,0.68,12.73,58.29,0,15.22,0
JNPT_TO_CHAKAN,136.67,1.75,1.9,55.13,124.72,0,1.7,0
JNPT_TO_BHIWANDI,67.55,0.92,14.11,23.24,11.79,0,1.06,0
BHIWANDI_TO_CHAKAN,156.03,1.93,0.86,35.64,55.68,0,1.93,0
CHAKAN_TO_SRIPERUMBUDUR,1094.0,13.23,1.13,30.4,143.9,0,12.27,0
MUNDRA_TO_BHIWANDI,872.85,11.64,0.01,54.75,2.79,0,12.47,0
BHIWANDI_TO_CHAKAN,156.03,1.93,1.92,40.72,33.92,0,2.12,0
JNPT_TO_CHAKAN,136.67,1.75,0.2,42.8,47.4,0,1.98,0
JNPT_TO_CHAKAN,136.67,1.75,1.34,52.16,120.68,0,1.73,0
MUNDRA_TO_BHIWANDI,872.85,11.64,1.51,16.78,38.53,0,13.21,0
JNPT_TO_BHIWANDI,67.55,0.92,1.02,32.17,8.1,0,0.93,0
CHAKAN_TO_SRIPERUMBUDUR,1094.0,13.23,0.67,22.97,160.2,0,15.37,0
MUNDRA_TO_BHIWANDI,872.85,11.64,1.19,32.53,122.65,0,10.66,0
CHAKAN_TO_SRIPERUMBUDUR,1094.0,13.23,1.11,40.34,289.78,0,15.22,0
MUNDRA_TO_BHIWANDI,872.85,11.64,1.71,10.68,193.75,0,13.41,0
JNPT_TO_BHIWANDI,67.55,0.92,1.53,22.5,67.93,0,0.84,0
BHIWANDI_TO_CHAKAN,156.03,1.93,0.98,52.55,159.34,0,2.31,0
MUNDRA_TO_BHIWANDI,872.85,11.64,1.58,43.17,31.64,0,11.03,0
JNPT_TO_BHIWANDI,67.55,0.92,0.66,55.18,103.82,0,1.08,0
JNPT_TO_CHAKAN,136.67,1.75,1.36,46.75,39.68,0,2.03,0
JNPT_TO_BHIWANDI,67.55,0.92,1.86,15.65,44.83,0,1.02,0
BHIWANDI_TO_CHAKAN,156.03,1.93,0.19,41.94,38.06,0,1.98,0
CHAKAN_TO_SRIPERUMBUDUR,1094.0,13.23,0.24,43.16,82.52,0,12.48,0
JNPT_TO_CHAKAN,136.67,1.75,0.08,28.26,202.96,0,1.78,0
MUNDRA_TO_BHIWANDI,872.85,11.64,1.75,24.77,81.63,0,11.32,0
JNPT_TO_BHIWANDI,67.55,0.92,0.41,15.92,119.57,0,0.85,0
CHAKAN_TO_SRIPERUMBUDUR,1094.0,13.23,2.29,37.76,3.58,0,14.21,0
JNPT_TO_BHIWANDI,67.55,0.92,1.15,42.86,430.28,0,1.53,1
CHAKAN_TO_SRIPERUMBUDUR,1094.0,13.23,6.55,33.99,265.05,0,13.43,0
CHAKAN_TO_SRIPERUMBUDUR,1094.0,13.23,1.44,37.35,10.08,0,12.01,0
BHIWANDI_TO_CHAKAN,156.03,1.93,3.41,16.82,105.43,0,2.29,0
BHIWANDI_TO_CHAKAN,156.03,1.93,4.71,47.91,129.58,0,1.81,0
JNPT_TO_BHIWANDI,67.55,0.92,0.63,56.53,106.1,0,0.92,0
BHIWANDI_TO_CHAKAN,156.03,1.93,0.91,57.48,35.63,0,2.3,0
JNPT_TO_CHAKAN,136.67,1.75,0.21,31.54,22.59,0,1.87,0
BHIWANDI_TO_CHAKAN,156.03,1.93,7.09,38.25,175.48,0,1.91,0
JNPT_TO_CHAKAN,136.67,1.75,0.29,47.02,62.18,0,2.03,0
JNPT_TO_CHAKAN,136.67,1.75,2.27,28.48,499.37,0,2.34,1
MUNDRA_TO_BHIWANDI,872.85,11.64,0.24,43.43,86.92,0,10.77,0
MUNDRA_TO_BHIWANDI,872.85,11.64,0.47,29.18,337.19,0,11.32,0
JNPT_TO_CHAKAN,136.67,1.75,0.84,28.78,75.95,0,1.67,0
MUNDRA_TO_BHIWANDI,872.85,11.64,0.62,39.51,258.68,0,13.35,0
BHIWANDI_TO_CHAKAN,156.03,1.93,0.49,59.36,119.06,0,1.83,0
BHIWANDI_TO_CHAKAN,156.03,1.93,1.95,43.29,23.75,0,2.17,0
MUNDRA_TO_BHIWANDI,872.85,11.64,1.72,52.65,47.27,0,11.93,0
MUNDRA_TO_BHIWANDI,872.85,11.64,1.78,55.22,14.2,0,10.99,0
JNPT_TO_BHIWANDI,67.55,0.92,0.73,30.71,18.76,0,0.96,0
CHAKAN_TO_SRIPERUMBUDUR,1094.0,13.23,1.02,56.44,4.21,0,14.34,0
JNPT_TO_BHIWANDI,67.55,0.92,1.24,57.13,127.57,0,1.08,0
BHIWANDI_TO_CHAKAN,156.03,1.93,0.05,42.25,163.34,0,2.21,0
MUNDRA_TO_BHIWANDI,872.85,11.64,7.38,49.17,6.68,0,13.25,0
MUNDRA_TO_BHIWANDI,872.85,11.64,0.1,15.51,154.21,0,11.48,0
JNPT_TO_BHIWANDI,67.55,0.92,1.2,35.97,34.29,0,0.92,0
BHIWANDI_TO_CHAKAN,156.03,1.93,1.39,29.25,34.27,0,2.04,0
MUNDRA_TO_BHIWANDI,872.85,11.64,1.68,12.35,3.25,0,11.45,0
MUNDRA_TO_BHIWANDI,872.85,11.64,1.38,10.46,1.95,0,12.15,0
JNPT_TO_BHIWANDI,67.55,0.92,1.01,28.59,43.16,0,0.96,0
MUNDRA_TO_BHIWANDI,872.85,11.64,1.07,31.48,215.86,0,12.99,0
MUNDRA_TO_BHIWANDI,872.85,11.64,2.33,11.57,3.23,0,12.63,0
BHIWANDI_TO_CHAKAN,156.03,1.93,1.14,24.97,64.65,0,2.17,0
CHAKAN_TO_SRIPERUMBUDUR,1094.0,13.23,1.11,18.77,126.35,0,14.99,0
JNPT_TO_BHIWANDI,67.55,0.92,1.02,31.82,9.46,0,1.01,0
JNPT_TO_CHAKAN,136.67,1.75,0.55,16.35,23.08,0,1.9,0
JNPT_TO_CHAKAN,136.67,1.75,1.09,25.66,104.47,0,1.98,0
MUNDRA_TO_BHIWANDI,872.85,11.64,1.42,49.18,88.96,0,11.99,0
JNPT_TO_CHAKAN,136.67,1.75,1.74,34.54,47.51,0,2.07,0
JNPT_TO_CHAKAN,136.67,1.75,1.39,29.87,199.53,0,1.75,0
MUNDRA_TO_BHIWANDI,872.85,11.64,1.98,16.99,146.55,0,13.69,0
MUNDRA_TO_BHIWANDI,872.85,11.64,1.92,53.28,205.55,0,10.84,0
MUNDRA_TO_BHIWANDI,872.85,11.64,0.02,58.39,9.92,0,10.59,0
MUNDRA_TO_BHIWANDI,872.85,11.64,0.18,54.08,4.42,0,10.63,0
JNPT_TO_CHAKAN,136.67,1.75,0.28,42.39,171.58,0,1.7,0
CHAKAN_TO_SRIPERUMBUDUR,1094.0,13.23,0.06,47.69,46.42,0,12.66,0
BHIWANDI_TO_CHAKAN,156.03,1.93,1.67,41.37,151.1,0,1.97,0
BHIWANDI_TO_CHAKAN,156.03,1.93,0.94,36.29,125.04,0,2.13,0
BHIWANDI_TO_CHAKAN,156.03,1.93,1.95,23.76,86.64,0,2.29,0
CHAKAN_TO_SRIPERUMBUDUR,1094.0,13.23,0.79,41.59,47.61,0,12.85,0
MUNDRA_TO_BHIWANDI,872.85,11.64,1.78,46.93,46.17,0,13.37,0
CHAKAN_TO_SRIPERUMBUDUR,1094.0,13.23,2.01,46.5,54.46,0,12.07,0
MUNDRA_TO_BHIWANDI,872.85,11.64,1.42,10.76,80.72,0,13.29,0
MUNDRA_TO_BHIWANDI,872.85,11.64,1.85,57.07,159.82,0,11.63,0
JNPT_TO_BHIWANDI,67.55,0.92,0.63,16.7,135.09,0,0.83,0
MUNDRA_TO_BHIWANDI,872.85,11.64,1.16,39.83,2.99,0,10.65,0
CHAKAN_TO_SRIPERUMBUDUR,1094.0,13.23,1.73,55.63,34.0,0,13.64,0
MUNDRA_TO_BHIWANDI,872.85,11.64,1.94,27.22,4.97,0,10.97,0
CHAKAN_TO_SRIPERUMBUDUR,1094.0,13.23,8.85,41.44,94.26,0,15.38,0
JNPT_TO_CHAKAN,136.67,1.75,0.51,30.93,39.23,0,1.72,0
JNPT_TO_CHAKAN,136.67,1.75,5.62,39.51,25.0,0,2.08,0
MUNDRA_TO_BHIWANDI,872.85,11.64,1.88,30.32,87.54,0,13.56,0
MUNDRA_TO_BHIWANDI,872.85,11.64,0.5,14.36,151.17,0,13.93,0
CHAKAN_TO_SRIPERUMBUDUR,1094.0,13.23,5.83,30.87,35.05,0,13.96,0
BHIWANDI_TO_CHAKAN,156.03,1.93,0.69,37.56,213.55,0,1.79,0
JNPT_TO_CHAKAN,136.67,1.75,1.82,34.14,94.07,0,1.65,0
MUNDRA_TO_BHIWANDI,872.85,11.64,1.05,34.56,216.57,0,12.7,0
MUNDRA_TO_BHIWANDI,872.85,11.64,1.0,51.07,101.85,0,11.48,0
BHIWANDI_TO_CHAKAN,156.03,1.93,0.87,41.77,185.07,0,2.01,0
JNPT_TO_CHAKAN,136.67,1.75,0.03,23.46,58.14,0,2.09,0
JNPT_TO_BHIWANDI,67.55,0.92,0.13,28.34,202.86,0,0.83,0
JNPT_TO_BHIWANDI,67.55,0.92,1.83,49.49,64.98,0,0.88,0
BHIWANDI_TO_CHAKAN,156.03,1.93,0.06,40.73,63.33,0,2.12,0
BHIWANDI_TO_CHAKAN,156.03,1.93,0.99,38.32,45.34,0,1.88,0
CHAKAN_TO_SRIPERUMBUDUR,1094.0,13.23,1.2,17.0,65.38,0,15.85,0
JNPT_TO_CHAKAN,136.67,1.75,0.82,19.21,60.68,0,1.73,0
BHIWANDI_TO_CHAKAN,156.03,1.93,3.05,20.19,11.16,0,1.96,0
MUNDRA_TO_BHIWANDI,872.85,11.64,0.02,34.44,214.38,0,11.76,0
JNPT_TO_CHAKAN,136.67,1.75,1.5,17.55,135.98,0,1.72,0
MUNDRA_TO_BHIWANDI,872.85,11.64,1.24,46.01,189.95,0,11.42,0
MUNDRA_TO_BHIWANDI,872.85,11.64,0.24,29.24,351.79,0,11.19,0
JNPT_TO_BHIWANDI,67.55,0.92,2.39,14.42,140.94,0,0.89,0
JNPT_TO_CHAKAN,136.67,1.75,0.42,49.07,23.87,0,1.99,0
JNPT_TO_CHAKAN,136.67,1.75,1.01,41.56,40.04,0,1.72,0
JNPT_TO_BHIWANDI,67.55,0.92,0.07,19.94,66.43,0,0.96,0
MUNDRA_TO_BHIWANDI,872.85,11.64,0.34,46.57,1.53,0,11.62,0
JNPT_TO_BHIWANDI,67.55,0.92,6.27,17.67,8.46,0,1.06,0
CHAKAN_TO_SRIPERUMBUDUR,1094.0,13.23,1.66,10.83,70.08,0,14.9,0
CHAKAN_TO_SRIPERUMBUDUR,1094.0,13.23,1.84,32.78,71.56,0,15.16,0
JNPT_TO_CHAKAN,136.67,1.75,1.16,24.16,8.11,0,1.96,0
CHAKAN_TO_SRIPERUMBUDUR,1094.0,13.23,1.89,54.9,175.97,0,15.84,0
CHAKAN_TO_SRIPERUMBUDUR,1094.0,13.23,0.59,54.25,48.12,0,14.66,0
BHIWANDI_TO_CHAKAN,156.03,1.93,1.06,32.85,165.9,0,2.18,0
JNPT_TO_CHAKAN,136.67,1.75,1.02,58.11,78.55,0,1.85,0
CHAKAN_TO_SRIPERUMBUDUR,1094.0,13.23,1.17,18.31,341.54,0,14.55,0
JNPT_TO_CHAKAN,136.67,1.75,1.99,40.63,190.32,0,1.67,0
JNPT_TO_BHIWANDI,67.55,0.92,0.48,30.47,204.61,0,1.06,0
CHAKAN_TO_SRIPERUMBUDUR,1094.0,13.23,4.66,30.16,8.8,0,14.93,0
CHAKAN_TO_SRIPERUMBUDUR,1094.0,13.23,1.24,12.19,24.8,0,13.72,0
JNPT_TO_BHIWANDI,67.55,0.92,1.9,50.65,663.61,0,1.5,1
JNPT_TO_BHIWANDI,67.55,0.92,3.06,22.97,3.19,0,1.04,0
JNPT_TO_CHAKAN,136.67,1.75,31.49,53.9,101.58,0,4.84,1
MUNDRA_TO_BHIWANDI,872.85,11.64,1.75,47.11,172.51,0,11.26,0
JNPT_TO_BHIWANDI,67.55,0.92,0.81,57.23,54.94,0,0.97,0
BHIWANDI_TO_CHAKAN,156.03,1.93,7.42,46.5,90.43,0,2.12,0
CHAKAN_TO_SRIPERUMBUDUR,1094.0,13.23,1.56,21.53,39.0,0,13.61,0
JNPT_TO_CHAKAN,136.67,1.75,0.82,49.25,96.09,0,1.82,0
CHAKAN_TO_SRIPERUMBUDUR,1094.0,13.23,0.66,54.84,57.94,0,14.68,0
JNPT_TO_CHAKAN,136.67,1.75,1.78,32.41,450.66,0,2.48,1
CHAKAN_TO_SRIPERUMBUDUR,1094.0,13.23,0.09,28.99,61.71,0,12.77,0
JNPT_TO_CHAKAN,136.67,1.75,4.06,13.24,178.89,0,1.9,0
BHIWANDI_TO_CHAKAN,156.03,1.93,0.56,45.02,265.15,0,2.18,0
MUNDRA_TO_BHIWANDI,872.85,11.64,1.97,10.43,23.71,0,11.45,0
MUNDRA_TO_BHIWANDI,872.85,11.64,6.25,55.21,160.73,0,13.56,0
BHIWANDI_TO_CHAKAN,156.03,1.93,1.98,33.56,117.98,0,1.99,0
BHIWANDI_TO_CHAKAN,156.03,1.93,15.38,29.86,15.05,0,3.37,1
CHAKAN_TO_SRIPERUMBUDUR,1094.0,13.23,12.25,37.71,12.23,0,15.24,0
BHIWANDI_TO_CHAKAN,156.03,1.93,0.98,33.96,179.79,0,2.14,0
MUNDRA_TO_BHIWANDI,872.85,11.64,0.95,53.77,228.82,0,11.4,0
CHAKAN_TO_SRIPERUMBUDUR,1094.0,13.23,0.59,16.57,11.58,0,12.01,0
JNPT_TO_BHIWANDI,67.55,0.92,0.59,44.27,195.52,0,0.86,0
JNPT_TO_CHAKAN,136.67,1.75,0.77,13.36,8.19,0,1.91,0
CHAKAN_TO_SRIPERUMBUDUR,1094.0,13.23,2.25,21.23,258.33,0,12.59,0
JNPT_TO_CHAKAN,136.67,1.75,1.83,34.38,48.52,0,1.74,0
JNPT_TO_CHAKAN,136.67,1.75,0.83,40.82,18.01,0,1.99,0
JNPT_TO_CHAKAN,136.67,1.75,1.66,20.58,107.65,0,1.75,0
BHIWANDI_TO_CHAKAN,156.03,1.93,3.93,12.15,408.19,1,6.78,1
JNPT_TO_BHIWANDI,67.55,0.92,0.83,29.04,138.85,0,0.88,0
JNPT_TO_CHAKAN,136.67,1.75,0.15,43.64,61.52,0,2.07,0
JNPT_TO_CHAKAN,136.67,1.75,1.89,34.93,265.89,0,2.05,0
MUNDRA_TO_BHIWANDI,872.85,11.64,1.94,51.32,7.75,0,13.34,0
JNPT_TO_BHIWANDI,67.55,0.92,5.98,59.16,67.74,0,0.99,0
JNPT_TO_CHAKAN,136.67,1.75,0.02,28.43,11.35,0,2.0,0
CHAKAN_TO_SRIPERUMBUDUR,1094.0,13.23,1.48,12.88,28.9,0,14.82,0
MUNDRA_TO_BHIWANDI,872.85,11.64,2.27,42.21,469.14,0,12.49,0
JNPT_TO_BHIWANDI,67.55,0.92,0.03,28.28,16.13,0,0.89,0
JNPT_TO_CHAKAN,136.67,1.75,0.28,37.32,114.77,0,2.02,0
MUNDRA_TO_BHIWANDI,872.85,11.64,2.1,27.86,19.42,0,12.38,0
JNPT_TO_BHIWANDI,67.55,0.92,0.11,22.55,36.51,0,0.87,0
BHIWANDI_TO_CHAKAN,156.03,1.93,1.05,36.49,109.35,0,1.89,0
JNPT_TO_CHAKAN,136.67,1.75,10.7,45.68,185.14,0,1.72,0
MUNDRA_TO_BHIWANDI,872.85,11.64,0.5,10.92,29.87,0,10.76,0
BHIWANDI_TO_CHAKAN,156.03,1.93,0.06,57.23,10.21,0,1.74,0
BHIWANDI_TO_CHAKAN,156.03,1.93,0.99,22.14,189.77,0,2.25,0
MUNDRA_TO_BHIWANDI,872.85,11.64,0.79,58.26,145.22,0,12.32,0
JNPT_TO_CHAKAN,136.67,1.75,1.64,50.65,304.07,0,2.22,1
JNPT_TO_BHIWANDI,67.55,0.92,0.87,51.43,3.47,0,0.97,0
MUNDRA_TO_BHIWANDI,872.85,11.64,0.64,17.07,20.27,0,13.74,0
BHIWANDI_TO_CHAKAN,156.03,1.93,0.88,50.8,416.69,1,9.67,1
JNPT_TO_CHAKAN,136.67,1.75,0.42,43.25,57.22,0,1.78,0
CHAKAN_TO_SRIPERUMBUDUR,1094.0,13.23,1.26,25.08,113.6,1,18.08,1
CHAKAN_TO_SRIPERUMBUDUR,1094.0,13.23,1.76,37.19,45.64,0,12.35,0
JNPT_TO_CHAKAN,136.67,1.75,9.73,42.74,8.17,0,2.03,0
BHIWANDI_TO_CHAKAN,156.03,1.93,0.02,48.15,160.97,0,1.78,0
MUNDRA_TO_BHIWANDI,872.85,11.64,1.03,37.84,103.59,0,13.62,0
BHIWANDI_TO_CHAKAN,156.03,1.93,9.15,54.0,91.5,0,1.81,0
CHAKAN_TO_SRIPERUMBUDUR,1094.0,13.23,1.49,24.94,8.31,0,13.63,0
BHIWANDI_TO_CHAKAN,156.03,1.93,1.77,30.31,14.1,0,1.97,0
MUNDRA_TO_BHIWANDI,872.85,11.64,1.73,48.02,27.3,0,11.0,0
BHIWANDI_TO_CHAKAN,156.03,1.93,0.84,11.32,38.08,0,2.12,0
MUNDRA_TO_BHIWANDI,872.85,11.64,1.87,40.18,46.41,0,12.04,0
JNPT_TO_BHIWANDI,67.55,0.92,0.65,14.62,4.37,0,1.07,0
JNPT_TO_BHIWANDI,67.55,0.92,0.36,26.84,48.13,0,1.05,0
CHAKAN_TO_SRIPERUMBUDUR,1094.0,13.23,0.59,47.18,107.35,0,13.01,0
CHAKAN_TO_SRIPERUMBUDUR,1094.0,13.23,0.78,28.24,191.11,0,14.03,0
CHAKAN_TO_SRIPERUMBUDUR,1094.0,13.23,0.05,54.0,40.3,0,13.65,0
JNPT_TO_CHAKAN,136.67,1.75,1.28,27.79,10.13,0,1.86,0
JNPT_TO_CHAKAN,136.67,1.75,1.02,38.78,11.76,0,2.05,0
BHIWANDI_TO_CHAKAN,156.03,1.93,0.13,16.96,175.76,0,2.13,0
CHAKAN_TO_SRIPERUMBUDUR,1094.0,13.23,0.78,45.17,137.15,0,15.28,0
BHIWANDI_TO_CHAKAN,156.03,1.93,1.3,42.51,22.01,0,2.13,0
JNPT_TO_CHAKAN,136.67,1.75,8.16,24.04,535.16,0,2.32,1
MUNDRA_TO_BHIWANDI,872.85,11.64,1.69,23.23,51.31,0,11.29,0
JNPT_TO_CHAKAN,136.67,1.75,1.29,45.55,166.55,0,2.02,0
CHAKAN_TO_SRIPERUMBUDUR,1094.0,13.23,0.28,43.08,101.98,0,15.17,0
CHAKAN_TO_SRIPERUMBUDUR,1094.0,13.23,1.8,25.13,87.98,0,14.39,0
BHIWANDI_TO_CHAKAN,156.03,1.93,1.06,18.81,203.2,0,2.22,0
JNPT_TO_BHIWANDI,67.55,0.92,1.92,48.5,20.79,0,0.87,0
BHIWANDI_TO_CHAKAN,156.03,1.93,0.54,16.04,2.53,0,1.96,0
JNPT_TO_CHAKAN,136.67,1.75,1.47,23.46,35.2,0,1.66,0
BHIWANDI_TO_CHAKAN,156.03,1.93,1.73,39.93,50.26,0,2.19,0
JNPT_TO_CHAKAN,136.67,1.75,1.54,59.87,8.22,0,1.86,0
CHAKAN_TO_SRIPERUMBUDUR,1094.0,13.23,1.74,10.98,341.32,0,14.01,0
CHAKAN_TO_SRIPERUMBUDUR,1094.0,13.23,1.48,48.32,185.53,0,14.03,0
CHAKAN_TO_SRIPERUMBUDUR,1094.0,13.23,0.77,40.58,67.12,0,12.99,0
JNPT_TO_CHAKAN,136.67,1.75,1.97,31.26,259.04,0,1.92,0
MUNDRA_TO_BHIWANDI,872.85,11.64,3.25,31.54,82.84,0,12.55,0
JNPT_TO_BHIWANDI,67.55,0.92,0.85,45.47,53.28,0,0.85,0
CHAKAN_TO_SRIPERUMBUDUR,1094.0,13.23,1.87,29.66,113.71,0,13.37,0
JNPT_TO_CHAKAN,136.67,1.75,0.13,46.4,40.11,0,1.66,0
BHIWANDI_TO_CHAKAN,156.03,1.93,3.02,25.04,90.96,0,2.09,0
JNPT_TO_BHIWANDI,67.55,0.92,1.17,33.34,55.55,0,1.05,0
JNPT_TO_CHAKAN,136.67,1.75,12.97,34.95,16.44,0,1.63,0
BHIWANDI_TO_CHAKAN,156.03,1.93,1.63,21.46,68.74,0,1.76,0
CHAKAN_TO_SRIPERUMBUDUR,1094.0,13.23,0.4,51.48,49.99,0,12.16,0
JNPT_TO_CHAKAN,136.67,1.75,1.33,38.63,112.65,0,1.68,0
MUNDRA_TO_BHIWANDI,872.85,11.64,1.27,21.45,130.61,0,13.27,0
BHIWANDI_TO_CHAKAN,156.03,1.93,1.58,17.86,40.36,0,1.76,0
MUNDRA_TO_BHIWANDI,872.85,11.64,1.73,54.19,15.55,0,13.24,0
MUNDRA_TO_BHIWANDI,872.85,11.64,0.22,45.92,160.85,0,12.81,0
JNPT_TO_CHAKAN,136.67,1.75,0.97,54.41,140.97,0,1.75,0
MUNDRA_TO_BHIWANDI,872.85,11.64,3.36,27.92,67.85,0,13.25,0
CHAKAN_TO_SRIPERUMBUDUR,1094.0,13.23,1.07,29.05,67.79,0,13.38,0
JNPT_TO_BHIWANDI,67.55,0.92,0.45,57.56,107.65,0,0.97,0
JNPT_TO_CHAKAN,136.67,1.75,0.45,27.9,100.08,0,1.58,0
MUNDRA_TO_BHIWANDI,872.85,11.64,0.25,36.61,9.43,0,13.22,0
BHIWANDI_TO_CHAKAN,156.03,1.93,0.72,50.07,316.91,0,2.26,0
BHIWANDI_TO_CHAKAN,156.03,1.93,1.95,16.08,115.41,0,1.85,0
MUNDRA_TO_BHIWANDI,872.85,11.64,0.77,12.37,161.32,0,11.07,0
JNPT_TO_BHIWANDI,67.55,0.92,1.03,57.75,167.87,0,0.93,0
CHAKAN_TO_SRIPERUMBUDUR,1094.0,13.23,0.62,56.89,174.77,0,13.38,0
JNPT_TO_BHIWANDI,67.55,0.92,0.86,46.11,90.74,0,1.04,0
JNPT_TO_CHAKAN,136.67,1.75,0.64,15.01,112.19,0,1.91,0
BHIWANDI_TO_CHAKAN,156.03,1.93,0.43,16.23,97.28,0,2.08,0
MUNDRA_TO_BHIWANDI,872.85,11.64,0.61,54.8,82.49,0,11.61,0
MUNDRA_TO_BHIWANDI,872.85,11.64,1.45,10.22,145.66,0,11.7,0
MUNDRA_TO_BHIWANDI,872.85,11.64,5.11,16.86,23.27,0,12.57,0
BHIWANDI_TO_CHAKAN,156.03,1.93,0.78,27.09,45.2,0,1.8,0
JNPT_TO_BHIWANDI,67.55,0.92,0.2,58.83,126.49,0,0.94,0
MUNDRA_TO_BHIWANDI,872.85,11.64,1.97,45.79,34.43,0,10.75,0
BHIWANDI_TO_CHAKAN,156.03,1.93,0.82,15.83,37.94,0,2.03,0
JNPT_TO_CHAKAN,136.67,1.75,0.1,21.93,160.56,0,1.82,0
BHIWANDI_TO_CHAKAN,156.03,1.93,0.45,16.42,29.42,0,1.88,0
BHIWANDI_TO_CHAKAN,156.03,1.93,1.57,56.13,138.28,0,2.24,0
BHIWANDI_TO_CHAKAN,156.03,1.93,2.04,58.39,220.56,0,2.01,0
JNPT_TO_CHAKAN,136.67,1.75,1.05,15.25,244.64,0,1.97,0
JNPT_TO_CHAKAN,136.67,1.75,0.64,35.36,448.19,0,2.38,1
JNPT_TO_BHIWANDI,67.55,0.92,0.52,51.96,89.3,0,0.85,0
MUNDRA_TO_BHIWANDI,872.85,11.64,0.87,50.11,54.46,0,11.25,0
CHAKAN_TO_SRIPERUMBUDUR,1094.0,13.23,1.43,44.6,229.98,0,15.52,0
BHIWANDI_TO_CHAKAN,156.03,1.93,0.74,37.36,250.77,0,2.31,0
JNPT_TO_CHAKAN,136.67,1.75,0.46,56.44,10.94,0,1.64,0
JNPT_TO_BHIWANDI,67.55,0.92,0.76,49.8,105.71,0,0.96,0
JNPT_TO_CHAKAN,136.67,1.75,0.04,59.86,98.43,0,1.72,0
CHAKAN_TO_SRIPERUMBUDUR,1094.0,13.23,1.85,59.53,110.8,0,14.82,0
JNPT_TO_BHIWANDI,67.55,0.92,0.1,32.1,107.59,0,1.05,0
JNPT_TO_BHIWANDI,67.55,0.92,3.8,31.56,108.94,0,1.1,0
CHAKAN_TO_SRIPERUMBUDUR,1094.0,13.23,0.13,42.97,7.85,0,13.2,0
MUNDRA_TO_BHIWANDI,872.85,11.64,1.03,33.57,113.38,0,13.65,0
CHAKAN_TO_SRIPERUMBUDUR,1094.0,13.23,0.94,54.41,70.72,0,12.18,0
JNPT_TO_BHIWANDI,67.55,0.92,1.03,28.48,38.02,1,8.07,1
JNPT_TO_CHAKAN,136.67,1.75,1.95,49.01,73.66,0,1.95,0
CHAKAN_TO_SRIPERUMBUDUR,1094.0,13.23,0.36,38.15,382.02,0,13.0,0
BHIWANDI_TO_CHAKAN,156.03,1.93,1.87,51.14,55.5,0,2.03,0
JNPT_TO_CHAKAN,136.67,1.75,0.56,29.74,162.66,0,1.78,0
BHIWANDI_TO_CHAKAN,156.03,1.93,1.2,38.36,69.26,0,2.24,0
JNPT_TO_BHIWANDI,67.55,0.92,0.74,15.98,167.76,0,1.06,0
BHIWANDI_TO_CHAKAN,156.03,1.93,2.3,37.93,21.47,0,2.0,0
JNPT_TO_CHAKAN,136.67,1.75,1.43,38.24,107.1,0,1.73,0
JNPT_TO_CHAKAN,136.67,1.75,1.18,49.15,49.0,0,1.75,0
BHIWANDI_TO_CHAKAN,156.03,1.93,1.66,48.73,22.81,0,1.95,0
CHAKAN_TO_SRIPERUMBUDUR,1094.0,13.23,0.33,21.08,488.42,0,15.74,0
CHAKAN_TO_SRIPERUMBUDUR,1094.0,13.23,1.76,47.69,30.56,0,15.6,0
JNPT_TO_BHIWANDI,67.55,0.92,0.25,29.71,6.86,0,0.96,0
CHAKAN_TO_SRIPERUMBUDUR,1094.0,13.23,1.2,35.03,15.46,0,13.73,0
CHAKAN_TO_SRIPERUMBUDUR,1094.0,13.23,3.49,56.78,6.52,0,15.31,0
CHAKAN_TO_SRIPERUMBUDUR,1094.0,13.23,1.27,46.87,79.09,0,13.94,0
MUNDRA_TO_BHIWANDI,872.85,11.64,1.17,43.07,51.71,0,11.21,0
JNPT_TO_CHAKAN,136.67,1.75,0.48,49.76,102.88,0,1.95,0
JNPT_TO_CHAKAN,136.67,1.75,0.22,42.05,60.72,0,1.81,0
MUNDRA_TO_BHIWANDI,872.85,11.64,4.97,10.33,168.31,0,10.61,0
CHAKAN_TO_SRIPERUMBUDUR,1094.0,13.23,7.46,12.8,246.58,1,23.14,1
JNPT_TO_CHAKAN,136.67,1.75,0.1,14.39,107.97,0,1.77,0
MUNDRA_TO_BHIWANDI,872.85,11.64,1.72,37.84,148.27,0,13.48,0
BHIWANDI_TO_CHAKAN,156.03,1.93,1.72,25.93,60.69,0,2.11,0
CHAKAN_TO_SRIPERUMBUDUR,1094.0,13.23,1.79,53.07,49.87,0,14.1,0
MUNDRA_TO_BHIWANDI,872.85,11.64,0.23,44.5,243.18,0,11.75,0
CHAKAN_TO_SRIPERUMBUDUR,1094.0,13.23,0.44,30.02,132.25,0,12.97,0
BHIWANDI_TO_CHAKAN,156.03,1.93,4.69,34.06,86.74,0,1.91,0
BHIWANDI_TO_CHAKAN,156.03,1.93,0.78,54.83,98.51,0,2.23,0
JNPT_TO_BHIWANDI,67.55,0.92,0.45,21.5,188.34,0,0.87,0
JNPT_TO_BHIWANDI,67.55,0.92,1.81,15.55,41.46,0,0.88,0
BHIWANDI_TO_CHAKAN,156.03,1.93,1.15,41.04,50.71,0,1.86,0
MUNDRA_TO_BHIWANDI,872.85,11.64,2.1,31.14,64.09,0,12.25,0
BHIWANDI_TO_CHAKAN,156.03,1.93,1.63,12.9,30.35,0,2.21,0
MUNDRA_TO_BHIWANDI,872.85,11.64,2.94,29.7,67.38,0,12.07,0
JNPT_TO_CHAKAN,136.67,1.75,8.52,37.3,38.05,0,1.93,0
MUNDRA_TO_BHIWANDI,872.85,11.64,1.89,33.24,41.27,0,11.49,0
JNPT_TO_BHIWANDI,67.55,0.92,5.6,39.68,32.56,0,0.98,0
MUNDRA_TO_BHIWANDI,872.85,11.64,1.09,33.48,68.39,0,11.32,0
MUNDRA_TO_BHIWANDI,872.85,11.64,0.17,19.31,23.78,0,12.28,0
JNPT_TO_CHAKAN,136.67,1.75,1.9,38.44,122.44,0,1.58,0
JNPT_TO_CHAKAN,136.67,1.75,0.77,56.87,104.18,0,1.71,0
BHIWANDI_TO_CHAKAN,156.03,1.93,1.74,24.12,399.01,0,2.15,0
CHAKAN_TO_SRIPERUMBUDUR,1094.0,13.23,0.66,14.72,73.69,0,12.57,0
MUNDRA_TO_BHIWANDI,872.85,11.64,0.54,42.53,26.74,0,12.64,0
JNPT_TO_CHAKAN,136.67,1.75,0.21,24.47,8.97,0,1.92,0
JNPT_TO_BHIWANDI,67.55,0.92,0.32,21.01,68.58,0,1.06,0
CHAKAN_TO_SRIPERUMBUDUR,1094.0,13.23,0.91,14.61,52.02,0,12.77,0
MUNDRA_TO_BHIWANDI,872.85,11.64,0.05,24.98,36.83,0,12.37,0
JNPT_TO_BHIWANDI,67.55,0.92,1.36,55.05,38.17,0,0.86,0
JNPT_TO_CHAKAN,136.67,1.75,3.12,49.01,103.44,0,1.89,0
BHIWANDI_TO_CHAKAN,156.03,1.93,1.67,23.03,181.96,0,2.14,0
JNPT_TO_CHAKAN,136.67,1.75,1.73,56.94,3.08,0,1.79,0
JNPT_TO_CHAKAN,136.67,1.75,1.29,14.79,4.19,0,1.95,0
MUNDRA_TO_BHIWANDI,872.85,11.64,0.33,57.92,90.76,0,13.27,0
MUNDRA_TO_BHIWANDI,872.85,11.64,7.3,50.85,45.34,0,11.99,0
CHAKAN_TO_SRIPERUMBUDUR,1094.0,13.23,0.3,40.29,127.53,0,12.42,0
MUNDRA_TO_BHIWANDI,872.85,11.64,0.16,24.69,9.88,0,10.5,0
JNPT_TO_BHIWANDI,67.55,0.92,1.64,34.7,15.76,0,0.93,0
JNPT_TO_CHAKAN,136.67,1.75,0.1,27.82,19.07,0,1.84,0
MUNDRA_TO_BHIWANDI,872.85,11.64,0.43,12.6,34.01,0,12.71,0
JNPT_TO_BHIWANDI,67.55,0.92,0.27,39.82,76.02,0,0.84,0
JNPT_TO_CHAKAN,136.67,1.75,1.83,58.33,204.11,0,1.64,0
BHIWANDI_TO_CHAKAN,156.03,1.93,1.99,13.65,130.16,0,1.93,0
JNPT_TO_BHIWANDI,67.55,0.92,1.87,32.42,153.8,0,0.85,0
BHIWANDI_TO_CHAKAN,156.03,1.93,0.05,12.43,14.78,0,2.01,0
BHIWANDI_TO_CHAKAN,156.03,1.93,1.44,23.53,186.5,0,2.31,0
JNPT_TO_CHAKAN,136.67,1.75,7.53,32.21,228.04,0,1.96,0
JNPT_TO_CHAKAN,136.67,1.75,1.73,33.26,72.72,0,1.94,0
JNPT_TO_CHAKAN,136.67,1.75,9.87,35.03,130.83,0,2.01,0
JNPT_TO_BHIWANDI,67.55,0.92,1.71,32.27,74.32,0,1.01,0
MUNDRA_TO_BHIWANDI,872.85,11.64,18.06,23.63,58.86,0,12.55,0
CHAKAN_TO_SRIPERUMBUDUR,1094.0,13.23,0.25,37.74,87.73,0,13.14,0
JNPT_TO_BHIWANDI,67.55,0.92,1.31,52.92,189.5,0,0.88,0
BHIWANDI_TO_CHAKAN,156.03,1.93,1.88,43.0,115.23,0,2.15,0
BHIWANDI_TO_CHAKAN,156.03,1.93,0.34,50.9,345.98,0,2.25,0
JNPT_TO_CHAKAN,136.67,1.75,1.53,19.45,261.43,0,2.08,0
MUNDRA_TO_BHIWANDI,872.85,11.64,1.7,12.08,16.74,0,11.42,0
CHAKAN_TO_SRIPERUMBUDUR,1094.0,13.23,1.27,35.23,176.93,0,14.94,0
CHAKAN_TO_SRIPERUMBUDUR,1094.0,13.23,0.38,23.33,40.22,0,15.66,0
JNPT_TO_CHAKAN,136.67,1.75,0.58,15.96,67.12,0,2.01,0
CHAKAN_TO_SRIPERUMBUDUR,1094.0,13.23,0.07,59.03,60.69,0,14.74,0
MUNDRA_TO_BHIWANDI,872.85,11.64,1.76,28.01,2.87,0,11.12,0
BHIWANDI_TO_CHAKAN,156.03,1.93,5.16,34.52,294.24,0,1.84,0
JNPT_TO_CHAKAN,136.67,1.75,7.15,13.3,98.22,0,1.68,0
CHAKAN_TO_SRIPERUMBUDUR,1094.0,13.23,1.14,41.34,17.66,0,15.63,0
MUNDRA_TO_BHIWANDI,872.85,11.64,4.46,18.78,61.22,0,13.13,0
JNPT_TO_CHAKAN,136.67,1.75,1.02,33.95,217.21,0,1.94,0
MUNDRA_TO_BHIWANDI,872.85,11.64,5.55,47.66,29.17,0,11.39,0
JNPT_TO_BHIWANDI,67.55,0.92,1.6,31.94,72.23,0,0.96,0
MUNDRA_TO_BHIWANDI,872.85,11.64,1.12,28.74,76.12,0,10.63,0
CHAKAN_TO_SRIPERUMBUDUR,1094.0,13.23,1.87,49.08,45.39,0,14.65,0
JNPT_TO_CHAKAN,136.67,1.75,15.6,53.2,56.32,0,3.53,1
MUNDRA_TO_BHIWANDI,872.85,11.64,3.56,18.57,7.9,0,12.42,0
CHAKAN_TO_SRIPERUMBUDUR,1094.0,13.23,0.91,38.47,121.79,0,14.99,0
BHIWANDI_TO_CHAKAN,156.03,1.93,1.35,28.43,53.01,0,2.17,0
JNPT_TO_CHAKAN,136.67,1.75,1.05,13.93,84.13,0,2.04,0
BHIWANDI_TO_CHAKAN,156.03,1.93,0.69,54.52,174.12,0,1.95,0
BHIWANDI_TO_CHAKAN,156.03,1.93,0.82,37.32,451.03,0,2.25,0
JNPT_TO_CHAKAN,136.67,1.75,1.31,47.18,58.01,0,1.68,0
BHIWANDI_TO_CHAKAN,156.03,1.93,2.81,25.58,147.69,0,2.29,0
MUNDRA_TO_BHIWANDI,872.85,11.64,0.37,37.33,166.35,0,12.21,0
BHIWANDI_TO_CHAKAN,156.03,1.93,1.95,44.49,5.53,0,1.75,0
JNPT_TO_CHAKAN,136.67,1.75,1.73,46.14,18.43,0,1.93,0
CHAKAN_TO_SRIPERUMBUDUR,1094.0,13.23,0.67,38.12,86.06,0,12.62,0
CHAKAN_TO_SRIPERUMBUDUR,1094.0,13.23,0.16,24.86,20.05,0,14.46,0
CHAKAN_TO_SRIPERUMBUDUR,1094.0,13.23,0.44,44.85,20.45,0,13.61,0
MUNDRA_TO_BHIWANDI,872.85,11.64,3.63,47.26,215.87,0,11.9,0
JNPT_TO_BHIWANDI,67.55,0.92,1.26,17.68,74.16,0,0.87,0
BHIWANDI_TO_CHAKAN,156.03,1.93,1.5,49.03,57.18,1,5.51,1
JNPT_TO_BHIWANDI,67.55,0.92,1.21,48.04,102.15,0,1.04,0
CHAKAN_TO_SRIPERUMBUDUR,1094.0,13.23,1.2,29.94,198.8,0,13.15,0
CHAKAN_TO_SRIPERUMBUDUR,1094.0,13.23,0.63,43.99,16.99,0,14.07,0
JNPT_TO_BHIWANDI,67.55,0.92,1.24,42.2,230.99,0,0.94,0
CHAKAN_TO_SRIPERUMBUDUR,1094.0,13.23,0.81,48.96,51.36,0,12.6,0
JNPT_TO_CHAKAN,136.67,1.75,12.64,50.01,59.29,0,1.58,0
JNPT_TO_BHIWANDI,67.55,0.92,3.94,35.51,28.83,0,1.08,0
JNPT_TO_BHIWANDI,67.55,0.92,0.12,13.56,15.53,0,0.85,0
JNPT_TO_BHIWANDI,67.55,0.92,1.73,10.08,46.5,0,0.9,0
CHAKAN_TO_SRIPERUMBUDUR,1094.0,13.23,0.4,36.47,11.17,0,13.02,0
CHAKAN_TO_SRIPERUMBUDUR,1094.0,13.23,0.09,26.24,8.6,0,12.83,0
JNPT_TO_BHIWANDI,67.55,0.92,12.81,49.67,83.71,0,1.07,0
JNPT_TO_BHIWANDI,67.55,0.92,1.53,21.82,103.79,0,1.08,0
JNPT_TO_BHIWANDI,67.55,0.92,1.56,28.08,30.97,0,0.92,0
MUNDRA_TO_BHIWANDI,872.85,11.64,6.32,16.43,17.6,0,11.75,0
JNPT_TO_CHAKAN,136.67,1.75,1.51,27.87,266.0,0,1.58,0
MUNDRA_TO_BHIWANDI,872.85,11.64,0.95,10.19,3.5,0,13.24,0
JNPT_TO_BHIWANDI,67.55,0.92,1.86,45.9,232.29,0,0.96,0
CHAKAN_TO_SRIPERUMBUDUR,1094.0,13.23,1.91,12.15,95.74,0,14.1,0
JNPT_TO_BHIWANDI,67.55,0.92,1.05,43.93,84.26,0,1.1,0
BHIWANDI_TO_CHAKAN,156.03,1.93,1.69,29.71,95.1,0,1.94,0
JNPT_TO_BHIWANDI,67.55,0.92,1.33,40.44,3.44,0,1.03,0
JNPT_TO_CHAKAN,136.67,1.75,0.81,41.46,97.59,0,1.62,0
JNPT_TO_BHIWANDI,67.55,0.92,0.26,50.11,47.42,0,1.09,0
MUNDRA_TO_BHIWANDI,872.85,11.64,1.25,45.44,17.7,0,12.92,0
MUNDRA_TO_BHIWANDI,872.85,11.64,0.32,17.86,4.94,0,13.12,0
MUNDRA_TO_BHIWANDI,872.85,11.64,1.68,16.54,130.65,0,11.69,0
JNPT_TO_CHAKAN,136.67,1.75,4.39,49.08,76.42,0,1.77,0
BHIWANDI_TO_CHAKAN,156.03,1.93,0.87,44.43,18.42,0,1.87,0
CHAKAN_TO_SRIPERUMBUDUR,1094.0,13.23,0.67,17.62,60.34,0,13.77,0
BHIWANDI_TO_CHAKAN,156.03,1.93,0.24,38.79,17.91,0,2.19,0
JNPT_TO_CHAKAN,136.67,1.75,1.57,19.0,78.8,0,1.9,0
JNPT_TO_BHIWANDI,67.55,0.92,0.67,34.23,8.43,0,0.99,0
JNPT_TO_BHIWANDI,67.55,0.92,1.55,45.78,34.94,0,1.0,0
MUNDRA_TO_BHIWANDI,872.85,11.64,1.35,10.37,1.01,0,11.88,0
BHIWANDI_TO_CHAKAN,156.03,1.93,1.77,47.44,55.64,0,2.23,0
JNPT_TO_BHIWANDI,67.55,0.92,0.64,45.47,117.0,0,0.95,0
BHIWANDI_TO_CHAKAN,156.03,1.93,1.36,31.7,116.19,0,1.83,0
BHIWANDI_TO_CHAKAN,156.03,1.93,7.0,43.43,265.78,0,1.8,0
BHIWANDI_TO_CHAKAN,156.03,1.93,0.08,41.64,143.33,0,2.2,0
MUNDRA_TO_BHIWANDI,872.85,11.64,4.65,52.07,49.95,0,11.88,0
BHIWANDI_TO_CHAKAN,156.03,1.93,1.61,32.05,43.45,0,2.26,0
JNPT_TO_CHAKAN,136.67,1.75,6.98,34.77,122.9,0,2.05,0
JNPT_TO_BHIWANDI,67.55,0.92,0.32,54.72,28.27,0,1.05,0
BHIWANDI_TO_CHAKAN,156.03,1.93,0.24,10.86,33.1,0,2.04,0
MUNDRA_TO_BHIWANDI,872.85,11.64,1.99,58.8,13.87,0,10.84,0
JNPT_TO_BHIWANDI,67.55,0.92,1.41,57.35,145.63,0,0.88,0
BHIWANDI_TO_CHAKAN,156.03,1.93,1.19,46.44,118.59,0,2.29,0
JNPT_TO_BHIWANDI,67.55,0.92,2.08,55.4,35.03,0,0.91,0
BHIWANDI_TO_CHAKAN,156.03,1.93,4.18,31.87,90.11,0,2.26,0
BHIWANDI_TO_CHAKAN,156.03,1.93,3.31,42.14,68.34,0,2.3,0
BHIWANDI_TO_CHAKAN,156.03,1.93,0.38,29.96,147.57,0,1.74,0
JNPT_TO_CHAKAN,136.67,1.75,2.32,39.31,11.47,0,1.94,0
JNPT_TO_BHIWANDI,67.55,0.92,3.56,51.43,34.55,0,0.96,0
JNPT_TO_BHIWANDI,67.55,0.92,1.67,54.89,7.1,0,0.94,0
JNPT_TO_CHAKAN,136.67,1.75,1.95,20.88,87.13,0,2.03,0
BHIWANDI_TO_CHAKAN,156.03,1.93,0.64,46.79,62.17,0,1.87,0
JNPT_TO_BHIWANDI,67.55,0.92,5.28,33.01,203.56,0,1.05,0
JNPT_TO_BHIWANDI,67.55,0.92,22.62,11.7,97.27,0,3.35,1
CHAKAN_TO_SRIPERUMBUDUR,1094.0,13.23,1.94,30.88,114.16,0,15.61,0
CHAKAN_TO_SRIPERUMBUDUR,1094.0,13.23,0.7,35.62,31.46,0,13.51,0
MUNDRA_TO_BHIWANDI,872.85,11.64,1.57,57.65,5.04,0,13.2,0
BHIWANDI_TO_CHAKAN,156.03,1.93,0.83,41.44,99.98,0,2.15,0
JNPT_TO_BHIWANDI,67.55,0.92,1.26,26.19,69.75,0,1.0,0
JNPT_TO_CHAKAN,136.67,1.75,1.34,23.1,35.64,0,1.91,0
BHIWANDI_TO_CHAKAN,156.03,1.93,0.44,50.87,42.87,0,1.94,0
JNPT_TO_CHAKAN,136.67,1.75,0.39,10.64,138.42,0,2.02,0
MUNDRA_TO_BHIWANDI,872.85,11.64,0.04,23.86,16.7,0,11.29,0
MUNDRA_TO_BHIWANDI,872.85,11.64,0.41,53.85,8.56,0,10.54,0
JNPT_TO_BHIWANDI,67.55,0.92,1.24,27.33,50.95,0,0.89,0
JNPT_TO_CHAKAN,136.67,1.75,7.29,44.9,254.76,0,2.09,0
JNPT_TO_BHIWANDI,67.55,0.92,1.75,14.1,9.65,0,0.89,0
JNPT_TO_CHAKAN,136.67,1.75,0.2,34.12,147.19,0,1.98,0
BHIWANDI_TO_CHAKAN,156.03,1.93,0.53,58.27,143.08,0,1.92,0
JNPT_TO_BHIWANDI,67.55,0.92,1.1,21.39,32.56,0,0.86,0
BHIWANDI_TO_CHAKAN,156.03,1.93,9.02,31.16,1.63,0,1.94,0
MUNDRA_TO_BHIWANDI,872.85,11.64,0.18,19.19,132.42,1,14.87,1
CHAKAN_TO_SRIPERUMBUDUR,1094.0,13.23,1.71,41.0,284.4,0,14.47,0
MUNDRA_TO_BHIWANDI,872.85,11.64,0.74,12.71,27.27,0,13.32,0
JNPT_TO_BHIWANDI,67.55,0.92,1.18,41.33,109.33,0,0.98,0
BHIWANDI_TO_CHAKAN,156.03,1.93,0.07,51.19,95.37,0,2.04,0
JNPT_TO_CHAKAN,136.67,1.75,3.29,13.6,80.63,0,1.66,0
JNPT_TO_BHIWANDI,67.55,0.92,1.45,38.67,23.68,0,0.94,0
MUNDRA_TO_BHIWANDI,872.85,11.64,1.3,11.74,29.3,0,13.9,0
MUNDRA_TO_BHIWANDI,872.85,11.64,0.49,59.48,83.6,0,12.21,0
CHAKAN_TO_SRIPERUMBUDUR,1094.0,13.23,0.3,40.0,19.0,0,12.29,0
JNPT_TO_BHIWANDI,67.55,0.92,0.86,29.78,162.27,0,1.02,0
JNPT_TO_BHIWANDI,67.55,0.92,2.19,27.03,66.28,0,0.96,0
JNPT_TO_CHAKAN,136.67,1.75,10.26,13.6,12.52,0,1.7,0
JNPT_TO_CHAKAN,136.67,1.75,1.51,11.1,178.0,0,1.83,0
BHIWANDI_TO_CHAKAN,156.03,1.93,1.76,35.48,18.68,0,2.0,0
MUNDRA_TO_BHIWANDI,872.85,11.64,1.65,44.23,105.93,0,13.2,0
BHIWANDI_TO_CHAKAN,156.03,1.93,1.09,53.23,51.23,0,2.3,0
MUNDRA_TO_BHIWANDI,872.85,11.64,0.8,41.92,83.32,0,13.69,0
MUNDRA_TO_BHIWANDI,872.85,11.64,0.88,17.1,245.96,0,12.91,0
BHIWANDI_TO_CHAKAN,156.03,1.93,0.24,37.19,21.0,0,2.15,0
JNPT_TO_CHAKAN,136.67,1.75,1.37,29.91,74.09,0,2.03,0
JNPT_TO_BHIWANDI,67.55,0.92,0.07,29.65,66.81,0,0.9,0
MUNDRA_TO_BHIWANDI,872.85,11.64,0.94,34.99,57.24,0,12.54,0
JNPT_TO_CHAKAN,136.67,1.75,0.25,17.85,37.24,0,1.93,0
CHAKAN_TO_SRIPERUMBUDUR,1094.0,13.23,11.05,47.18,82.69,0,15.28,0
JNPT_TO_CHAKAN,136.67,1.75,1.51,11.54,53.81,0,1.63,0
JNPT_TO_CHAKAN,136.67,1.75,0.29,49.78,64.05,0,1.71,0
CHAKAN_TO_SRIPERUMBUDUR,1094.0,13.23,1.15,15.1,3.18,0,15.61,0
MUNDRA_TO_BHIWANDI,872.85,11.64,2.86,50.17,119.64,0,13.46,0
JNPT_TO_BHIWANDI,67.55,0.92,1.66,25.6,52.96,0,0.86,0
MUNDRA_TO_BHIWANDI,872.85,11.64,0.95,56.08,33.67,0,13.25,0
BHIWANDI_TO_CHAKAN,156.03,1.93,0.5,42.68,255.71,0,2.25,0
CHAKAN_TO_SRIPERUMBUDUR,1094.0,13.23,0.26,55.96,638.99,0,14.86,0
JNPT_TO_CHAKAN,136.67,1.75,1.66,36.86,92.15,0,1.74,0
JNPT_TO_CHAKAN,136.67,1.75,1.07,26.15,4.66,0,1.77,0
BHIWANDI_TO_CHAKAN,156.03,1.93,0.9,13.15,85.0,0,1.8,0
JNPT_TO_BHIWANDI,67.55,0.92,1.0,56.89,102.73,0,1.07,0
JNPT_TO_CHAKAN,136.67,1.75,0.04,34.54,176.28,0,1.63,0
JNPT_TO_BHIWANDI,67.55,0.92,3.73,48.0,15.26,0,0.87,0
MUNDRA_TO_BHIWANDI,872.85,11.64,1.93,49.68,221.76,0,10.87,0
CHAKAN_TO_SRIPERUMBUDUR,1094.0,13.23,1.18,49.07,86.15,0,13.36,0
CHAKAN_TO_SRIPERUMBUDUR,1094.0,13.23,1.42,37.78,18.37,0,15.29,0
JNPT_TO_CHAKAN,136.67,1.75,1.49,16.79,6.43,0,1.62,0
CHAKAN_TO_SRIPERUMBUDUR,1094.0,13.23,0.29,15.72,26.71,0,14.3,0
BHIWANDI_TO_CHAKAN,156.03,1.93,0.95,17.44,22.57,0,1.87,0
MUNDRA_TO_BHIWANDI,872.85,11.64,5.37,56.57,31.9,0,12.55,0
JNPT_TO_BHIWANDI,67.55,0.92,1.23,59.81,180.1,0,1.03,0
BHIWANDI_TO_CHAKAN,156.03,1.93,1.32,17.89,26.89,0,2.24,0
JNPT_TO_CHAKAN,136.67,1.75,1.08,31.95,113.99,0,1.87,0
CHAKAN_TO_SRIPERUMBUDUR,1094.0,13.23,1.63,55.77,11.41,0,14.07,0
MUNDRA_TO_BHIWANDI,872.85,11.64,0.88,39.29,43.43,0,12.29,0
JNPT_TO_CHAKAN,136.67,1.75,0.2,55.9,225.01,0,2.08,0
CHAKAN_TO_SRIPERUMBUDUR,1094.0,13.23,1.51,46.66,28.43,0,12.6,0
JNPT_TO_CHAKAN,136.67,1.75,0.04,34.82,330.39,0,2.29,1
CHAKAN_TO_SRIPERUMBUDUR,1094.0,13.23,1.44,24.17,64.23,0,15.37,0
BHIWANDI_TO_CHAKAN,156.03,1.93,1.93,37.25,84.57,0,2.02,0
CHAKAN_TO_SRIPERUMBUDUR,1094.0,13.23,1.0,56.33,16.6,0,15.81,0
JNPT_TO_BHIWANDI,67.55,0.92,1.82,22.07,43.51,0,0.99,0
BHIWANDI_TO_CHAKAN,156.03,1.93,0.22,18.8,16.04,0,1.82,0
JNPT_TO_BHIWANDI,67.55,0.92,1.92,20.59,196.73,0,0.84,0
JNPT_TO_CHAKAN,136.67,1.75,0.32,44.21,170.07,0,2.02,0
BHIWANDI_TO_CHAKAN,156.03,1.93,1.0,10.83,36.67,1,7.15,1
CHAKAN_TO_SRIPERUMBUDUR,1094.0,13.23,0.41,48.49,114.18,0,13.63,0
JNPT_TO_BHIWANDI,67.55,0.92,1.84,31.11,75.07,0,0.96,0
JNPT_TO_BHIWANDI,67.55,0.92,0.95,57.73,121.7,0,1.05,0
BHIWANDI_TO_CHAKAN,156.03,1.93,1.99,55.86,75.3,0,2.26,0
CHAKAN_TO_SRIPERUMBUDUR,1094.0,13.23,1.28,25.49,58.17,0,14.08,0
JNPT_TO_BHIWANDI,67.55,0.92,0.96,22.35,57.14,0,1.05,0
CHAKAN_TO_SRIPERUMBUDUR,1094.0,13.23,2.32,11.32,21.65,0,15.77,0
CHAKAN_TO_SRIPERUMBUDUR,1094.0,13.23,1.21,49.26,25.5,0,15.44,0
CHAKAN_TO_SRIPERUMBUDUR,1094.0,13.23,5.74,23.54,49.81,0,13.11,0
CHAKAN_TO_SRIPERUMBUDUR,1094.0,13.23,1.56,58.4,151.02,0,15.16,0
MUNDRA_TO_BHIWANDI,872.85,11.64,0.01,23.03,100.77,0,12.34,0
BHIWANDI_TO_CHAKAN,156.03,1.93,1.8,59.49,7.61,0,2.1,0
JNPT_TO_BHIWANDI,67.55,0.92,0.73,34.96,49.2,0,0.89,0
JNPT_TO_BHIWANDI,67.55,0.92,0.69,13.01,58.86,0,0.92,0
JNPT_TO_BHIWANDI,67.55,0.92,1.58,27.32,113.36,0,1.04,0
JNPT_TO_CHAKAN,136.67,1.75,1.45,25.35,375.2,0,2.08,0
JNPT_TO_CHAKAN,136.67,1.75,0.03,14.99,346.44,0,2.12,0
JNPT_TO_CHAKAN,136.67,1.75,0.33,31.06,32.33,0,1.73,0
MUNDRA_TO_BHIWANDI,872.85,11.64,1.47,17.01,18.52,0,12.8,0
JNPT_TO_BHIWANDI,67.55,0.92,10.99,24.97,67.28,0,0.86,0
MUNDRA_TO_BHIWANDI,872.85,11.64,0.99,37.2,18.98,0,13.68,0
MUNDRA_TO_BHIWANDI,872.85,11.64,0.33,36.08,91.02,0,13.36,0
MUNDRA_TO_BHIWANDI,872.85,11.64,0.43,43.73,123.87,0,13.24,0
MUNDRA_TO_BHIWANDI,872.85,11.64,1.19,36.52,40.79,0,13.28,0
BHIWANDI_TO_CHAKAN,156.03,1.93,0.91,37.21,75.38,0,1.87,0
BHIWANDI_TO_CHAKAN,156.03,1.93,1.9,56.97,18.44,0,2.3,0
JNPT_TO_BHIWANDI,67.55,0.92,0.58,46.56,203.0,0,0.9,0
BHIWANDI_TO_CHAKAN,156.03,1.93,0.09,39.74,119.51,0,1.87,0
CHAKAN_TO_SRIPERUMBUDUR,1094.0,13.23,0.21,46.88,97.17,0,13.33,0
JNPT_TO_CHAKAN,136.67,1.75,1.11,43.84,26.31,0,1.78,0
MUNDRA_TO_BHIWANDI,872.85,11.64,0.82,26.82,35.26,0,11.9,0
JNPT_TO_CHAKAN,136.67,1.75,0.45,56.71,40.29,0,1.87,0
CHAKAN_TO_SRIPERUMBUDUR,1094.0,13.23,1.55,21.35,136.96,0,12.33,0
MUNDRA_TO_BHIWANDI,872.85,11.64,2.22,37.16,1.78,0,13.5,0
BHIWANDI_TO_CHAKAN,156.03,1.93,0.16,47.03,306.39,0,2.31,0
BHIWANDI_TO_CHAKAN,156.03,1.93,0.84,40.91,70.72,0,1.99,0
MUNDRA_TO_BHIWANDI,872.85,11.64,1.94,44.44,268.77,0,10.92,0
CHAKAN_TO_SRIPERUMBUDUR,1094.0,13.23,0.71,49.83,118.93,0,12.08,0
JNPT_TO_CHAKAN,136.67,1.75,0.06,43.09,45.2,0,1.75,0
JNPT_TO_CHAKAN,136.67,1.75,13.23,22.5,107.73,0,1.95,0
MUNDRA_TO_BHIWANDI,872.85,11.64,4.42,33.45,340.66,0,12.5,0
JNPT_TO_CHAKAN,136.67,1.75,17.96,55.85,259.57,0,3.87,1
JNPT_TO_BHIWANDI,67.55,0.92,1.95,24.87,45.88,0,0.9,0
BHIWANDI_TO_CHAKAN,156.03,1.93,4.77,13.39,29.33,0,2.26,0
JNPT_TO_BHIWANDI,67.55,0.92,0.03,10.82,230.83,0,1.09,0
BHIWANDI_TO_CHAKAN,156.03,1.93,12.59,54.18,186.52,0,1.99,0
BHIWANDI_TO_CHAKAN,156.03,1.93,0.98,33.05,108.16,0,1.79,0
CHAKAN_TO_SRIPERUMBUDUR,1094.0,13.23,1.59,22.67,35.66,0,12.26,0
BHIWANDI_TO_CHAKAN,156.03,1.93,1.73,46.26,51.76,0,2.25,0
JNPT_TO_BHIWANDI,67.55,0.92,1.42,15.48,28.2,0,0.97,0
BHIWANDI_TO_CHAKAN,156.03,1.93,0.51,50.32,204.54,0,1.91,0
BHIWANDI_TO_CHAKAN,156.03,1.93,1.8,35.02,79.82,0,2.27,0
JNPT_TO_CHAKAN,136.67,1.75,1.44,45.68,95.72,1,8.16,1
BHIWANDI_TO_CHAKAN,156.03,1.93,1.0,14.2,165.04,0,2.08,0
MUNDRA_TO_BHIWANDI,872.85,11.64,1.13,59.21,108.94,0,13.19,0
CHAKAN_TO_SRIPERUMBUDUR,1094.0,13.23,0.89,55.76,640.69,0,14.92,0
JNPT_TO_BHIWANDI,67.55,0.92,1.64,41.57,2.59,0,1.07,0
MUNDRA_TO_BHIWANDI,872.85,11.64,1.63,34.98,40.6,0,12.08,0
CHAKAN_TO_SRIPERUMBUDUR,1094.0,13.23,0.44,46.04,60.47,0,13.2,0
CHAKAN_TO_SRIPERUMBUDUR,1094.0,13.23,0.41,15.92,170.06,1,18.56,1
JNPT_TO_CHAKAN,136.67,1.75,1.08,27.74,1.82,0,1.6,0
BHIWANDI_TO_CHAKAN,156.03,1.93,0.44,59.24,30.08,0,2.03,0
BHIWANDI_TO_CHAKAN,156.03,1.93,1.81,18.85,95.52,0,1.9,0
MUNDRA_TO_BHIWANDI,872.85,11.64,1.61,36.79,33.63,0,10.67,0
JNPT_TO_BHIWANDI,67.55,0.92,12.96,49.59,303.09,0,1.29,1
CHAKAN_TO_SRIPERUMBUDUR,1094.0,13.23,7.51,43.14,223.56,0,14.28,0
BHIWANDI_TO_CHAKAN,156.03,1.93,3.75,14.2,17.9,0,2.16,0
JNPT_TO_BHIWANDI,67.55,0.92,1.45,26.9,180.17,0,1.03,0
CHAKAN_TO_SRIPERUMBUDUR,1094.0,13.23,0.07,59.13,380.06,0,13.16,0
MUNDRA_TO_BHIWANDI,872.85,11.64,0.55,34.7,8.26,0,10.62,0
CHAKAN_TO_SRIPERUMBUDUR,1094.0,13.23,0.57,21.47,92.24,0,12.69,0
JNPT_TO_BHIWANDI,67.55,0.92,0.36,12.07,34.56,0,0.92,0
MUNDRA_TO_BHIWANDI,872.85,11.64,2.79,26.77,25.99,0,12.43,0
CHAKAN_TO_SRIPERUMBUDUR,1094.0,13.23,1.7,35.57,68.33,0,13.07,0
JNPT_TO_BHIWANDI,67.55,0.92,24.08,42.24,238.81,0,3.27,1
BHIWANDI_TO_CHAKAN,156.03,1.93,1.51,51.62,22.62,0,2.14,0
JNPT_TO_CHAKAN,136.67,1.75,1.33,29.79,151.86,1,9.8,1
BHIWANDI_TO_CHAKAN,156.03,1.93,0.96,46.78,231.79,0,2.19,0
JNPT_TO_BHIWANDI,67.55,0.92,0.49,48.17,2.01,0,0.95,0
JNPT_TO_BHIWANDI,67.55,0.92,1.87,29.65,42.07,0,0.93,0
JNPT_TO_BHIWANDI,67.55,0.92,1.0,26.63,2.98,0,1.05,0
CHAKAN_TO_SRIPERUMBUDUR,1094.0,13.23,1.59,49.48,181.52,0,13.7,0
BHIWANDI_TO_CHAKAN,156.03,1.93,0.51,11.93,72.83,0,2.19,0
JNPT_TO_BHIWANDI,67.55,0.92,1.72,45.28,8.92,0,1.04,0
MUNDRA_TO_BHIWANDI,872.85,11.64,1.91,20.96,10.66,0,10.8,0
MUNDRA_TO_BHIWANDI,872.85,11.64,0.19,26.65,97.39,0,13.3,0
CHAKAN_TO_SRIPERUMBUDUR,1094.0,13.23,1.71,32.11,49.96,0,13.7,0
BHIWANDI_TO_CHAKAN,156.03,1.93,1.82,56.89,4.84,0,1.99,0
CHAKAN_TO_SRIPERUMBUDUR,1094.0,13.23,1.43,47.64,75.56,0,11.97,0
BHIWANDI_TO_CHAKAN,156.03,1.93,1.48,38.26,112.41,0,2.26,0
BHIWANDI_TO_CHAKAN,156.03,1.93,0.13,26.78,65.04,0,2.09,0
JNPT_TO_BHIWANDI,67.55,0.92,1.94,22.41,8.16,0,0.85,0
BHIWANDI_TO_CHAKAN,156.03,1.93,0.13,28.57,33.37,0,2.05,0
BHIWANDI_TO_CHAKAN,156.03,1.93,1.99,10.63,358.95,0,2.38,0
MUNDRA_TO_BHIWANDI,872.85,11.64,6.92,13.75,110.31,0,11.58,0
JNPT_TO_BHIWANDI,67.55,0.92,1.26,25.33,175.65,0,1.08,0
MUNDRA_TO_BHIWANDI,872.85,11.64,1.2,34.67,75.54,0,11.48,0
BHIWANDI_TO_CHAKAN,156.03,1.93,0.12,11.48,121.27,0,2.29,0
MUNDRA_TO_BHIWANDI,872.85,11.64,1.69,34.78,240.6,0,11.44,0
MUNDRA_TO_BHIWANDI,872.85,11.64,1.93,29.19,1.6,0,11.58,0
JNPT_TO_BHIWANDI,67.55,0.92,1.91,26.75,70.04,0,0.91,0
BHIWANDI_TO_CHAKAN,156.03,1.93,0.74,33.54,55.53,0,2.08,0
JNPT_TO_BHIWANDI,67.55,0.92,1.52,50.73,15.44,0,0.94,0
JNPT_TO_CHAKAN,136.67,1.75,1.48,24.3,153.5,0,1.74,0
BHIWANDI_TO_CHAKAN,156.03,1.93,5.53,41.02,83.7,0,1.76,0
JNPT_TO_CHAKAN,136.67,1.75,0.51,26.53,6.94,0,2.1,0
MUNDRA_TO_BHIWANDI,872.85,11.64,1.26,58.44,230.4,0,13.53,0
CHAKAN_TO_SRIPERUMBUDUR,1094.0,13.23,1.61,56.88,56.72,0,13.21,0
MUNDRA_TO_BHIWANDI,872.85,11.64,1.8,41.54,361.89,0,12.48,0
CHAKAN_TO_SRIPERUMBUDUR,1094.0,13.23,1.3,42.26,26.41,0,13.03,0
BHIWANDI_TO_CHAKAN,156.03,1.93,14.44,20.34,6.76,0,2.23,0
MUNDRA_TO_BHIWANDI,872.85,11.64,2.96,17.97,45.1,0,12.66,0
JNPT_TO_BHIWANDI,67.55,0.92,1.75,47.37,304.01,0,1.23,1
BHIWANDI_TO_CHAKAN,156.03,1.93,0.47,44.06,128.98,0,2.31,0
BHIWANDI_TO_CHAKAN,156.03,1.93,1.72,49.18,111.38,0,2.17,0
MUNDRA_TO_BHIWANDI,872.85,11.64,2.16,24.77,147.45,0,10.95,0
JNPT_TO_BHIWANDI,67.55,0.92,1.48,34.73,19.07,0,1.07,0
CHAKAN_TO_SRIPERUMBUDUR,1094.0,13.23,0.24,21.49,77.88,0,13.31,0
BHIWANDI_TO_CHAKAN,156.03,1.93,1.36,44.16,6.37,0,2.07,0
CHAKAN_TO_SRIPERUMBUDUR,1094.0,13.23,11.0,58.86,29.67,0,15.32,0
MUNDRA_TO_BHIWANDI,872.85,11.64,2.32,23.66,2.64,0,13.47,0
BHIWANDI_TO_CHAKAN,156.03,1.93,0.71,11.49,50.26,0,2.23,0
BHIWANDI_TO_CHAKAN,156.03,1.93,1.54,36.47,79.85,0,2.08,0
CHAKAN_TO_SRIPERUMBUDUR,1094.0,13.23,1.56,32.95,90.03,0,15.77,0
BHIWANDI_TO_CHAKAN,156.03,1.93,1.58,31.11,47.93,0,2.28,0
MUNDRA_TO_BHIWANDI,872.85,11.64,1.69,24.93,396.13,0,12.04,0
MUNDRA_TO_BHIWANDI,872.85,11.64,1.28,32.53,29.2,0,11.53,0
MUNDRA_TO_BHIWANDI,872.85,11.64,1.25,54.27,1.84,0,10.96,0
BHIWANDI_TO_CHAKAN,156.03,1.93,0.77,59.39,52.93,0,2.08,0
JNPT_TO_BHIWANDI,67.55,0.92,1.41,53.61,97.77,0,0.84,0
JNPT_TO_CHAKAN,136.67,1.75,2.88,27.67,33.22,0,1.76,0
MUNDRA_TO_BHIWANDI,872.85,11.64,0.18,41.96,136.91,1,17.84,1
CHAKAN_TO_SRIPERUMBUDUR,1094.0,13.23,1.22,56.38,58.04,0,14.76,0
JNPT_TO_BHIWANDI,67.55,0.92,1.04,33.39,31.77,0,1.06,0
CHAKAN_TO_SRIPERUMBUDUR,1094.0,13.23,0.69,55.24,83.99,0,15.08,0
JNPT_TO_CHAKAN,136.67,1.75,0.87,49.53,109.05,0,1.7,0
CHAKAN_TO_SRIPERUMBUDUR,1094.0,13.23,0.79,44.21,45.8,0,14.83,0
JNPT_TO_BHIWANDI,67.55,0.92,1.37,41.58,141.03,0,0.93,0
CHAKAN_TO_SRIPERUMBUDUR,1094.0,13.23,0.82,17.25,20.39,0,13.65,0
BHIWANDI_TO_CHAKAN,156.03,1.93,0.59,19.17,291.24,0,2.05,0
JNPT_TO_BHIWANDI,67.55,0.92,0.12,53.27,70.26,0,0.94,0
BHIWANDI_TO_CHAKAN,156.03,1.93,1.74,46.58,23.46,0,2.04,0
MUNDRA_TO_BHIWANDI,872.85,11.64,1.18,26.01,29.71,0,13.0,0
JNPT_TO_BHIWANDI,67.55,0.92,0.73,24.27,16.06,0,0.97,0
CHAKAN_TO_SRIPERUMBUDUR,1094.0,13.23,0.38,55.6,108.03,0,15.74,0
JNPT_TO_BHIWANDI,67.55,0.92,0.3,10.59,258.85,0,0.93,0
JNPT_TO_CHAKAN,136.67,1.75,0.69,18.03,14.91,0,2.06,0
JNPT_TO_CHAKAN,136.67,1.75,5.97,15.76,6.89,0,1.63,0
JNPT_TO_BHIWANDI,67.55,0.92,0.24,24.04,103.62,0,0.95,0
CHAKAN_TO_SRIPERUMBUDUR,1094.0,13.23,1.76,58.3,186.07,0,15.71,0
CHAKAN_TO_SRIPERUMBUDUR,1094.0,13.23,0.56,35.53,0.43,0,13.75,0
BHIWANDI_TO_CHAKAN,156.03,1.93,1.93,26.63,2.69,0,1.99,0
JNPT_TO_BHIWANDI,67.55,0.92,1.47,49.09,33.73,0,1.0,0
JNPT_TO_BHIWANDI,67.55,0.92,1.11,15.45,42.27,0,1.06,0
MUNDRA_TO_BHIWANDI,872.85,11.64,0.81,32.51,306.73,0,12.21,0
BHIWANDI_TO_CHAKAN,156.03,1.93,1.5,43.71,82.81,1,5.3,1
MUNDRA_TO_BHIWANDI,872.85,11.64,1.14,11.21,280.66,0,12.45,0
JNPT_TO_BHIWANDI,67.55,0.92,1.39,56.29,218.79,0,0.89,0
JNPT_TO_CHAKAN,136.67,1.75,1.82,44.99,120.97,0,1.58,0
BHIWANDI_TO_CHAKAN,156.03,1.93,1.32,41.14,5.81,0,2.2,0
JNPT_TO_CHAKAN,136.67,1.75,1.4,31.95,468.65,0,2.34,1
CHAKAN_TO_SRIPERUMBUDUR,1094.0,13.23,1.12,44.04,52.84,0,15.5,0
JNPT_TO_CHAKAN,136.67,1.75,7.48,47.09,256.98,0,1.79,0
BHIWANDI_TO_CHAKAN,156.03,1.93,3.21,49.77,176.75,0,2.05,0
MUNDRA_TO_BHIWANDI,872.85,11.64,0.46,44.4,123.18,0,11.4,0
CHAKAN_TO_SRIPERUMBUDUR,1094.0,13.23,1.75,21.82,78.71,0,13.47,0
BHIWANDI_TO_CHAKAN,156.03,1.93,0.57,17.38,213.12,0,1.8,0
BHIWANDI_TO_CHAKAN,156.03,1.93,1.86,44.86,59.76,0,1.85,0
BHIWANDI_TO_CHAKAN,156.03,1.93,4.12,30.76,188.01,0,2.3,0
JNPT_TO_BHIWANDI,67.55,0.92,1.05,39.89,36.53,0,1.1,0
JNPT_TO_BHIWANDI,67.55,0.92,1.45,40.76,20.69,0,1.07,0
CHAKAN_TO_SRIPERUMBUDUR,1094.0,13.23,1.01,52.33,79.28,0,14.44,0
JNPT_TO_CHAKAN,136.67,1.75,0.51,35.45,153.7,0,1.68,0
BHIWANDI_TO_CHAKAN,156.03,1.93,0.94,33.4,127.65,0,2.04,0
JNPT_TO_BHIWANDI,67.55,0.92,1.23,59.01,91.3,0,0.88,0
CHAKAN_TO_SRIPERUMBUDUR,1094.0,13.23,0.76,47.73,101.69,0,14.57,0
JNPT_TO_CHAKAN,136.67,1.75,0.78,29.48,5.87,0,1.71,0
BHIWANDI_TO_CHAKAN,156.03,1.93,1.85,30.47,74.66,0,1.88,0
BHIWANDI_TO_CHAKAN,156.03,1.93,1.92,26.74,17.48,0,1.89,0
MUNDRA_TO_BHIWANDI,872.85,11.64,0.53,35.21,79.12,0,10.97,0
JNPT_TO_BHIWANDI,67.55,0.92,0.6,55.52,107.2,0,0.98,0
JNPT_TO_CHAKAN,136.67,1.75,5.19,44.11,546.82,0,2.5,1
JNPT_TO_CHAKAN,136.67,1.75,0.72,40.52,289.95,0,1.76,0
JNPT_TO_BHIWANDI,67.55,0.92,0.85,52.8,26.25,0,0.9,0
JNPT_TO_CHAKAN,136.67,1.75,1.15,16.85,67.73,0,1.59,0
JNPT_TO_BHIWANDI,67.55,0.92,4.6,35.1,56.25,0,1.0,0
BHIWANDI_TO_CHAKAN,156.03,1.93,0.96,42.53,12.98,0,1.85,0
MUNDRA_TO_BHIWANDI,872.85,11.64,0.31,29.54,247.93,1,15.74,1
BHIWANDI_TO_CHAKAN,156.03,1.93,0.18,39.77,347.5,0,2.24,0
JNPT_TO_BHIWANDI,67.55,0.92,0.47,21.66,38.66,0,1.07,0
CHAKAN_TO_SRIPERUMBUDUR,1094.0,13.23,1.92,12.37,71.44,0,12.34,0
CHAKAN_TO_SRIPERUMBUDUR,1094.0,13.23,1.4,34.01,231.05,0,14.11,0
CHAKAN_TO_SRIPERUMBUDUR,1094.0,13.23,1.63,25.23,26.14,0,12.51,0
JNPT_TO_BHIWANDI,67.55,0.92,0.07,29.81,6.22,0,0.84,0
BHIWANDI_TO_CHAKAN,156.03,1.93,1.07,15.69,27.68,0,1.78,0
JNPT_TO_BHIWANDI,67.55,0.92,1.44,46.5,112.1,0,1.05,0
BHIWANDI_TO_CHAKAN,156.03,1.93,0.65,13.68,7.32,0,2.29,0
CHAKAN_TO_SRIPERUMBUDUR,1094.0,13.23,1.47,55.15,57.93,0,15.33,0
BHIWANDI_TO_CHAKAN,156.03,1.93,0.96,36.06,37.39,0,2.07,0
JNPT_TO_CHAKAN,136.67,1.75,1.08,28.77,307.12,0,2.27,1
BHIWANDI_TO_CHAKAN,156.03,1.93,4.83,55.84,2.35,0,2.07,0
JNPT_TO_BHIWANDI,67.55,0.92,0.51,41.05,430.18,0,1.38,1
JNPT_TO_BHIWANDI,67.55,0.92,7.57,40.78,77.02,0,0.9,0
CHAKAN_TO_SRIPERUMBUDUR,1094.0,13.23,1.5,10.5,13.45,0,14.43,0
MUNDRA_TO_BHIWANDI,872.85,11.64,5.53,28.63,36.78,0,12.92,0
BHIWANDI_TO_CHAKAN,156.03,1.93,1.02,43.28,33.99,0,2.26,0
CHAKAN_TO_SRIPERUMBUDUR,1094.0,13.23,1.4,14.01,167.97,0,12.05,0
JNPT_TO_CHAKAN,136.67,1.75,1.89,26.04,73.68,0,1.7,0
JNPT_TO_CHAKAN,136.67,1.75,0.17,46.3,25.67,0,1.79,0
CHAKAN_TO_SRIPERUMBUDUR,1094.0,13.23,0.56,21.75,108.48,0,12.7,0
MUNDRA_TO_BHIWANDI,872.85,11.64,1.07,10.25,15.63,0,13.9,0
BHIWANDI_TO_CHAKAN,156.03,1.93,1.7,42.07,144.45,0,2.09,0
CHAKAN_TO_SRIPERUMBUDUR,1094.0,13.23,1.56,14.54,133.72,0,12.04,0
JNPT_TO_CHAKAN,136.67,1.75,0.87,44.37,155.82,0,1.76,0
MUNDRA_TO_BHIWANDI,872.85,11.64,0.42,31.85,11.86,0,12.86,0
JNPT_TO_CHAKAN,136.67,1.75,0.58,37.52,48.95,0,1.64,0
MUNDRA_TO_BHIWANDI,872.85,11.64,1.65,14.15,111.58,0,13.9,0
JNPT_TO_CHAKAN,136.67,1.75,6.24,11.82,170.42,0,1.81,0
CHAKAN_TO_SRIPERUMBUDUR,1094.0,13.23,0.55,35.53,58.93,0,12.14,0
MUNDRA_TO_BHIWANDI,872.85,11.64,0.19,28.15,45.35,0,12.09,0
CHAKAN_TO_SRIPERUMBUDUR,1094.0,13.23,0.27,42.81,95.11,0,14.74,0
JNPT_TO_BHIWANDI,67.55,0.92,1.61,38.78,79.89,0,0.97,0
JNPT_TO_CHAKAN,136.67,1.75,0.81,38.01,35.89,0,2.05,0
JNPT_TO_CHAKAN,136.67,1.75,1.8,44.66,32.0,0,2.09,0
CHAKAN_TO_SRIPERUMBUDUR,1094.0,13.23,1.9,19.44,244.44,0,14.33,0
CHAKAN_TO_SRIPERUMBUDUR,1094.0,13.23,0.48,35.01,245.42,0,14.3,0
JNPT_TO_BHIWANDI,67.55,0.92,1.63,24.89,259.31,0,0.87,0
BHIWANDI_TO_CHAKAN,156.03,1.93,0.35,59.56,120.21,0,1.98,0
JNPT_TO_BHIWANDI,67.55,0.92,0.83,37.25,67.11,0,0.83,0
JNPT_TO_BHIWANDI,67.55,0.92,0.53,46.25,74.04,0,1.03,0
MUNDRA_TO_BHIWANDI,872.85,11.64,1.71,15.84,109.08,0,13.43,0
JNPT_TO_BHIWANDI,67.55,0.92,0.67,48.46,34.38,0,0.95,0
JNPT_TO_BHIWANDI,67.55,0.92,1.25,18.61,37.89,0,0.87,0
CHAKAN_TO_SRIPERUMBUDUR,1094.0,13.23,0.22,33.94,144.39,0,13.85,0
JNPT_TO_BHIWANDI,67.55,0.92,0.38,39.04,18.9,0,1.01,0
JNPT_TO_BHIWANDI,67.55,0.92,1.94,39.27,170.47,0,0.96,0
CHAKAN_TO_SRIPERUMBUDUR,1094.0,13.23,0.98,52.65,99.88,0,13.65,0
CHAKAN_TO_SRIPERUMBUDUR,1094.0,13.23,1.51,37.75,174.11,0,13.58,0
JNPT_TO_CHAKAN,136.67,1.75,1.39,41.61,83.61,0,1.81,0
BHIWANDI_TO_CHAKAN,156.03,1.93,1.89,38.95,92.8,0,2.11,0
JNPT_TO_CHAKAN,136.67,1.75,2.15,13.26,204.49,0,1.94,0
CHAKAN_TO_SRIPERUMBUDUR,1094.0,13.23,0.12,34.9,66.94,0,13.06,0
JNPT_TO_CHAKAN,136.67,1.75,1.66,57.33,30.46,0,1.59,0
JNPT_TO_CHAKAN,136.67,1.75,1.75,46.5,3.74,0,1.71,0
CHAKAN_TO_SRIPERUMBUDUR,1094.0,13.23,7.65,19.8,82.9,0,12.38,0
CHAKAN_TO_SRIPERUMBUDUR,1094.0,13.23,1.8,30.88,41.56,0,12.99,0
MUNDRA_TO_BHIWANDI,872.85,11.64,2.37,16.4,269.52,0,12.49,0
BHIWANDI_TO_CHAKAN,156.03,1.93,1.33,58.73,139.37,0,2.27,0
MUNDRA_TO_BHIWANDI,872.85,11.64,0.24,56.7,9.52,0,10.59,0
CHAKAN_TO_SRIPERUMBUDUR,1094.0,13.23,3.26,15.29,11.0,0,12.74,0
CHAKAN_TO_SRIPERUMBUDUR,1094.0,13.23,1.45,26.01,48.81,0,15.33,0
JNPT_TO_CHAKAN,136.67,1.75,0.2,44.25,17.81,0,1.59,0
MUNDRA_TO_BHIWANDI,872.85,11.64,0.53,49.88,388.56,0,12.11,0
JNPT_TO_CHAKAN,136.67,1.75,0.9,28.34,150.26,0,1.81,0
MUNDRA_TO_BHIWANDI,872.85,11.64,7.28,53.04,2.09,0,13.25,0
BHIWANDI_TO_CHAKAN,156.03,1.93,1.96,21.62,215.9,0,1.78,0
MUNDRA_TO_BHIWANDI,872.85,11.64,1.69,32.65,122.61,0,12.47,0
MUNDRA_TO_BHIWANDI,872.85,11.64,1.49,28.24,124.38,0,12.13,0
BHIWANDI_TO_CHAKAN,156.03,1.93,0.32,30.67,180.64,0,2.27,0
CHAKAN_TO_SRIPERUMBUDUR,1094.0,13.23,1.28,33.32,153.92,0,12.05,0
CHAKAN_TO_SRIPERUMBUDUR,1094.0,13.23,7.9,11.26,2.55,0,14.27,0
JNPT_TO_CHAKAN,136.67,1.75,2.0,18.58,26.12,0,1.79,0
JNPT_TO_CHAKAN,136.67,1.75,0.93,39.41,88.87,0,1.62,0
CHAKAN_TO_SRIPERUMBUDUR,1094.0,13.23,7.87,45.29,9.89,0,15.19,0
JNPT_TO_CHAKAN,136.67,1.75,0.94,55.18,111.85,0,1.63,0
MUNDRA_TO_BHIWANDI,872.85,11.64,0.92,35.95,19.62,0,11.62,0
MUNDRA_TO_BHIWANDI,872.85,11.64,3.14,30.48,278.25,0,12.85,0
CHAKAN_TO_SRIPERUMBUDUR,1094.0,13.23,10.19,34.96,225.55,0,13.22,0
JNPT_TO_CHAKAN,136.67,1.75,0.85,19.8,139.86,0,2.07,0
MUNDRA_TO_BHIWANDI,872.85,11.64,5.82,46.24,25.33,0,12.31,0
BHIWANDI_TO_CHAKAN,156.03,1.93,25.66,51.34,77.03,0,4.83,1
MUNDRA_TO_BHIWANDI,872.85,11.64,0.12,41.73,117.06,0,10.55,0
JNPT_TO_BHIWANDI,67.55,0.92,1.81,42.72,27.98,0,0.94,0
JNPT_TO_BHIWANDI,67.55,0.92,0.49,59.28,55.42,0,0.93,0
MUNDRA_TO_BHIWANDI,872.85,11.64,0.8,36.18,13.7,0,13.6,0
JNPT_TO_BHIWANDI,67.55,0.92,0.5,19.89,32.52,0,1.04,0
BHIWANDI_TO_CHAKAN,156.03,1.93,1.23,59.31,117.54,0,1.84,0
BHIWANDI_TO_CHAKAN,156.03,1.93,1.33,43.06,12.71,0,1.88,0
JNPT_TO_CHAKAN,136.67,1.75,2.15,22.06,101.14,0,2.01,0
JNPT_TO_BHIWANDI,67.55,0.92,1.28,52.56,76.42,0,1.07,0
CHAKAN_TO_SRIPERUMBUDUR,1094.0,13.23,4.78,10.38,62.19,0,13.7,0
BHIWANDI_TO_CHAKAN,156.03,1.93,1.96,38.5,39.82,0,1.75,0
CHAKAN_TO_SRIPERUMBUDUR,1094.0,13.23,0.93,14.62,97.68,0,15.31,0
JNPT_TO_CHAKAN,136.67,1.75,1.57,17.87,135.72,0,1.94,0
MUNDRA_TO_BHIWANDI,872.85,11.64,1.51,13.66,87.32,0,10.77,0
BHIWANDI_TO_CHAKAN,156.03,1.93,1.05,15.69,28.37,0,2.21,0
MUNDRA_TO_BHIWANDI,872.85,11.64,3.94,18.36,114.03,0,11.8,0
JNPT_TO_BHIWANDI,67.55,0.92,0.53,48.71,109.53,0,0.95,0
CHAKAN_TO_SRIPERUMBUDUR,1094.0,13.23,0.12,37.16,63.79,0,13.93,0
MUNDRA_TO_BHIWANDI,872.85,11.64,1.04,27.77,59.91,0,10.48,0
BHIWANDI_TO_CHAKAN,156.03,1.93,0.25,48.99,541.23,0,2.83,1
JNPT_TO_BHIWANDI,67.55,0.92,0.51,13.67,81.78,0,1.0,0
BHIWANDI_TO_CHAKAN,156.03,1.93,1.19,29.61,44.83,0,1.93,0
JNPT_TO_BHIWANDI,67.55,0.92,1.47,52.28,228.14,0,1.02,0
JNPT_TO_BHIWANDI,67.55,0.92,0.02,39.19,10.22,0,0.85,0
CHAKAN_TO_SRIPERUMBUDUR,1094.0,13.23,0.81,43.54,293.47,0,15.48,0
JNPT_TO_CHAKAN,136.67,1.75,3.66,47.82,1.51,0,1.78,0
JNPT_TO_CHAKAN,136.67,1.75,0.22,33.07,82.67,0,1.71,0
MUNDRA_TO_BHIWANDI,872.85,11.64,0.6,11.59,84.08,0,11.71,0
JNPT_TO_BHIWANDI,67.55,0.92,0.12,17.48,2.91,0,0.83,0
MUNDRA_TO_BHIWANDI,872.85,11.64,1.4,53.42,20.2,0,12.48,0
JNPT_TO_BHIWANDI,67.55,0.92,1.86,27.61,105.88,0,1.1,0
BHIWANDI_TO_CHAKAN,156.03,1.93,0.98,12.28,93.25,0,2.09,0
JNPT_TO_BHIWANDI,67.55,0.92,0.71,54.88,48.2,0,0.96,0
MUNDRA_TO_BHIWANDI,872.85,11.64,1.57,17.86,103.83,0,10.53,0
CHAKAN_TO_SRIPERUMBUDUR,1094.0,13.23,3.25,53.4,154.34,0,14.91,0
BHIWANDI_TO_CHAKAN,156.03,1.93,0.86,13.43,88.95,0,2.14,0
JNPT_TO_BHIWANDI,67.55,0.92,1.7,52.23,6.12,0,0.98,0
JNPT_TO_CHAKAN,136.67,1.75,1.2,20.61,80.47,0,1.75,0
CHAKAN_TO_SRIPERUMBUDUR,1094.0,13.23,0.96,51.48,5.85,0,13.1,0
JNPT_TO_BHIWANDI,67.55,0.92,1.57,28.04,62.62,0,0.98,0
JNPT_TO_CHAKAN,136.67,1.75,6.39,25.95,53.15,0,1.88,0
JNPT_TO_CHAKAN,136.67,1.75,1.33,53.6,14.46,0,1.91,0
JNPT_TO_BHIWANDI,67.55,0.92,1.66,21.17,19.42,0,0.89,0
CHAKAN_TO_SRIPERUMBUDUR,1094.0,13.23,1.59,50.47,4.62,0,13.57,0
CHAKAN_TO_SRIPERUMBUDUR,1094.0,13.23,1.58,52.13,50.64,0,12.67,0
MUNDRA_TO_BHIWANDI,872.85,11.64,1.73,30.45,118.34,0,11.92,0
JNPT_TO_CHAKAN,136.67,1.75,0.53,48.52,129.26,0,1.69,0
JNPT_TO_BHIWANDI,67.55,0.92,1.04,54.66,41.1,0,0.89,0
JNPT_TO_CHAKAN,136.67,1.75,0.38,16.21,136.41,0,1.64,0
BHIWANDI_TO_CHAKAN,156.03,1.93,0.84,42.63,257.93,0,2.0,0
JNPT_TO_BHIWANDI,67.55,0.92,0.06,42.01,5.55,0,1.05,0
MUNDRA_TO_BHIWANDI,872.85,11.64,1.19,59.82,194.38,0,11.09,0
JNPT_TO_CHAKAN,136.67,1.75,0.73,12.12,279.65,0,1.9,0
BHIWANDI_TO_CHAKAN,156.03,1.93,1.32,24.26,73.13,0,2.23,0
JNPT_TO_BHIWANDI,67.55,0.92,0.57,59.58,24.94,0,0.95,0
JNPT_TO_CHAKAN,136.67,1.75,1.88,11.38,76.46,0,1.75,0
CHAKAN_TO_SRIPERUMBUDUR,1094.0,13.23,5.7,56.98,39.41,0,15.24,0
JNPT_TO_CHAKAN,136.67,1.75,1.99,23.35,19.88,0,1.63,0
CHAKAN_TO_SRIPERUMBUDUR,1094.0,13.23,1.05,36.98,65.42,0,14.8,0
CHAKAN_TO_SRIPERUMBUDUR,1094.0,13.23,0.34,11.94,17.12,0,12.99,0
BHIWANDI_TO_CHAKAN,156.03,1.93,4.65,57.07,210.88,1,6.18,1
BHIWANDI_TO_CHAKAN,156.03,1.93,1.68,16.8,23.42,0,2.08,0
MUNDRA_TO_BHIWANDI,872.85,11.64,0.93,42.02,170.21,0,11.64,0
BHIWANDI_TO_CHAKAN,156.03,1.93,1.65,24.35,186.56,1,9.1,1
JNPT_TO_BHIWANDI,67.55,0.92,1.98,28.33,110.33,0,1.09,0
CHAKAN_TO_SRIPERUMBUDUR,1094.0,13.23,1.36,58.72,25.04,0,13.53,0
JNPT_TO_BHIWANDI,67.55,0.92,1.23,14.66,139.07,0,0.96,0
JNPT_TO_CHAKAN,136.67,1.75,1.07,53.61,1.72,0,1.75,0
JNPT_TO_CHAKAN,136.67,1.75,0.47,36.21,108.59,0,1.81,0
BHIWANDI_TO_CHAKAN,156.03,1.93,0.74,53.06,7.17,0,2.17,0
JNPT_TO_CHAKAN,136.67,1.75,0.63,56.04,35.19,0,1.92,0
JNPT_TO_BHIWANDI,67.55,0.92,1.1,11.62,188.56,0,0.9,0
MUNDRA_TO_BHIWANDI,872.85,11.64,0.47,54.69,120.73,0,12.96,0
MUNDRA_TO_BHIWANDI,872.85,11.64,0.59,19.87,6.88,0,11.89,0
JNPT_TO_CHAKAN,136.67,1.75,7.69,57.0,48.18,0,1.59,0
MUNDRA_TO_BHIWANDI,872.85,11.64,1.21,27.85,25.46,0,13.66,0
JNPT_TO_CHAKAN,136.67,1.75,1.33,50.26,105.41,0,1.64,0
CHAKAN_TO_SRIPERUMBUDUR,1094.0,13.23,1.1,48.16,167.9,0,12.59,0
BHIWANDI_TO_CHAKAN,156.03,1.93,3.63,22.22,136.87,0,1.76,0
BHIWANDI_TO_CHAKAN,156.03,1.93,0.48,29.61,106.48,0,2.26,0
CHAKAN_TO_SRIPERUMBUDUR,1094.0,13.23,1.89,24.67,37.24,0,15.46,0
CHAKAN_TO_SRIPERUMBUDUR,1094.0,13.23,0.12,11.51,9.96,0,14.72,0
CHAKAN_TO_SRIPERUMBUDUR,1094.0,13.23,0.9,51.77,39.57,0,15.66,0
JNPT_TO_CHAKAN,136.67,1.75,1.42,45.89,120.73,0,1.68,0
BHIWANDI_TO_CHAKAN,156.03,1.93,0.43,29.9,50.36,0,1.84,0
BHIWANDI_TO_CHAKAN,156.03,1.93,1.74,13.98,199.51,0,2.01,0
JNPT_TO_CHAKAN,136.67,1.75,21.21,16.6,33.55,0,3.96,1
CHAKAN_TO_SRIPERUMBUDUR,1094.0,13.23,0.94,36.78,236.33,0,12.78,0
JNPT_TO_BHIWANDI,67.55,0.92,1.68,18.25,2.47,0,0.89,0
JNPT_TO_CHAKAN,136.67,1.75,1.68,50.67,92.07,0,1.91,0
MUNDRA_TO_BHIWANDI,872.85,11.64,0.45,11.22,161.0,0,12.42,0
BHIWANDI_TO_CHAKAN,156.03,1.93,1.49,29.3,35.89,0,2.28,0
JNPT_TO_CHAKAN,136.67,1.75,0.92,46.99,85.4,0,1.87,0
JNPT_TO_BHIWANDI,67.55,0.92,1.3,57.97,78.03,0,1.07,0
MUNDRA_TO_BHIWANDI,872.85,11.64,1.38,46.36,109.61,0,13.02,0
CHAKAN_TO_SRIPERUMBUDUR,1094.0,13.23,1.29,54.33,7.46,0,15.38,0
JNPT_TO_CHAKAN,136.67,1.75,0.88,32.89,15.88,0,1.71,0
JNPT_TO_CHAKAN,136.67,1.75,7.86,58.91,8.5,0,2.02,0
CHAKAN_TO_SRIPERUMBUDUR,1094.0,13.23,1.65,24.2,248.29,0,11.98,0
JNPT_TO_BHIWANDI,67.55,0.92,0.71,57.25,13.06,0,0.96,0
CHAKAN_TO_SRIPERUMBUDUR,1094.0,13.23,3.65,13.1,168.33,0,12.65,0
JNPT_TO_CHAKAN,136.67,1.75,1.7,15.11,159.09,0,1.65,0
MUNDRA_TO_BHIWANDI,872.85,11.64,1.47,20.9,148.47,0,13.28,0
JNPT_TO_CHAKAN,136.67,1.75,1.45,32.76,21.45,0,2.01,0
MUNDRA_TO_BHIWANDI,872.85,11.64,1.04,39.96,30.78,0,13.89,0
JNPT_TO_CHAKAN,136.67,1.75,0.81,46.97,126.41,0,1.94,0
JNPT_TO_CHAKAN,136.67,1.75,0.49,13.28,115.11,0,2.09,0
JNPT_TO_CHAKAN,136.67,1.75,0.67,17.17,114.64,0,1.88,0
MUNDRA_TO_BHIWANDI,872.85,11.64,0.32,59.1,28.85,0,11.99,0
BHIWANDI_TO_CHAKAN,156.03,1.93,1.58,58.67,36.36,0,2.22,0
BHIWANDI_TO_CHAKAN,156.03,1.93,0.39,20.42,14.5,0,1.99,0
JNPT_TO_BHIWANDI,67.55,0.92,1.89,33.2,88.19,0,1.07,0
JNPT_TO_BHIWANDI,67.55,0.92,0.42,17.62,21.98,0,0.83,0
CHAKAN_TO_SRIPERUMBUDUR,1094.0,13.23,0.31,22.15,77.86,0,15.86,0
CHAKAN_TO_SRIPERUMBUDUR,1094.0,13.23,0.56,31.22,18.23,0,12.78,0
BHIWANDI_TO_CHAKAN,156.03,1.93,0.05,48.81,19.58,0,2.0,0
JNPT_TO_BHIWANDI,67.55,0.92,1.18,43.47,5.07,0,1.03,0
CHAKAN_TO_SRIPERUMBUDUR,1094.0,13.23,0.57,43.27,44.44,0,14.2,0
MUNDRA_TO_BHIWANDI,872.85,11.64,0.42,16.07,26.44,0,11.43,0
MUNDRA_TO_BHIWANDI,872.85,11.64,0.87,53.63,8.82,0,12.64,0
JNPT_TO_BHIWANDI,67.55,0.92,1.73,44.93,2.14,0,0.86,0
MUNDRA_TO_BHIWANDI,872.85,11.64,0.43,53.86,40.62,0,13.95,0
JNPT_TO_BHIWANDI,67.55,0.92,0.36,54.85,55.33,0,1.1,0
JNPT_TO_BHIWANDI,67.55,0.92,0.8,45.69,28.78,0,1.08,0
CHAKAN_TO_SRIPERUMBUDUR,1094.0,13.23,0.13,59.43,42.85,0,12.44,0
CHAKAN_TO_SRIPERUMBUDUR,1094.0,13.23,1.91,26.82,144.31,0,13.06,0
JNPT_TO_CHAKAN,136.67,1.75,0.21,55.85,168.22,1,7.87,1
JNPT_TO_CHAKAN,136.67,1.75,0.41,48.65,13.63,0,1.58,0
BHIWANDI_TO_CHAKAN,156.03,1.93,1.54,31.46,167.53,0,2.28,0
JNPT_TO_BHIWANDI,67.55,0.92,1.17,38.2,52.23,0,0.98,0
BHIWANDI_TO_CHAKAN,156.03,1.93,1.82,58.39,24.27,0,1.89,0
JNPT_TO_CHAKAN,136.67,1.75,1.32,27.39,88.57,0,1.68,0
BHIWANDI_TO_CHAKAN,156.03,1.93,0.92,55.08,93.32,0,1.85,0
JNPT_TO_CHAKAN,136.67,1.75,0.04,51.07,7.87,0,1.73,0
CHAKAN_TO_SRIPERUMBUDUR,1094.0,13.23,1.41,43.42,96.44,0,14.63,0
CHAKAN_TO_SRIPERUMBUDUR,1094.0,13.23,3.69,27.89,150.75,0,13.39,0
CHAKAN_TO_SRIPERUMBUDUR,1094.0,13.23,0.17,28.5,58.99,0,13.67,0
JNPT_TO_BHIWANDI,67.55,0.92,1.5,54.06,30.76,0,1.02,0
CHAKAN_TO_SRIPERUMBUDUR,1094.0,13.23,1.77,53.96,74.66,0,15.21,0
JNPT_TO_CHAKAN,136.67,1.75,1.28,28.56,68.37,1,6.82,1
JNPT_TO_BHIWANDI,67.55,0.92,0.47,32.47,23.43,0,1.03,0
BHIWANDI_TO_CHAKAN,156.03,1.93,1.03,44.12,340.54,0,2.39,0
JNPT_TO_CHAKAN,136.67,1.75,1.9,59.38,53.38,0,1.6,0
MUNDRA_TO_BHIWANDI,872.85,11.64,8.41,15.57,58.69,0,11.37,0
BHIWANDI_TO_CHAKAN,156.03,1.93,1.1,48.58,48.92,0,1.92,0
JNPT_TO_BHIWANDI,67.55,0.92,0.72,56.86,73.17,0,1.09,0
JNPT_TO_CHAKAN,136.67,1.75,1.83,58.89,82.14,0,1.64,0
JNPT_TO_CHAKAN,136.67,1.75,0.45,35.23,182.77,0,2.09,0
BHIWANDI_TO_CHAKAN,156.03,1.93,1.28,26.98,47.38,0,1.92,0
MUNDRA_TO_BHIWANDI,872.85,11.64,1.27,12.1,9.21,0,10.95,0
BHIWANDI_TO_CHAKAN,156.03,1.93,0.64,41.0,50.7,0,1.89,0
CHAKAN_TO_SRIPERUMBUDUR,1094.0,13.23,0.62,23.61,21.48,0,14.19,0
BHIWANDI_TO_CHAKAN,156.03,1.93,6.15,17.25,120.65,0,2.13,0
CHAKAN_TO_SRIPERUMBUDUR,1094.0,13.23,1.08,48.21,7.98,0,14.54,0
JNPT_TO_BHIWANDI,67.55,0.92,0.36,14.42,73.48,0,0.95,0
MUNDRA_TO_BHIWANDI,872.85,11.64,0.22,20.25,12.23,0,13.55,0
MUNDRA_TO_BHIWANDI,872.85,11.64,5.91,27.54,52.53,0,13.15,0
BHIWANDI_TO_CHAKAN,156.03,1.93,0.28,20.42,135.38,1,9.19,1
JNPT_TO_BHIWANDI,67.55,0.92,23.16,31.03,31.46,0,3.36,1
BHIWANDI_TO_CHAKAN,156.03,1.93,6.0,10.39,261.27,0,2.09,0
BHIWANDI_TO_CHAKAN,156.03,1.93,1.57,18.68,215.56,0,1.99,0
JNPT_TO_BHIWANDI,67.55,0.92,4.52,14.7,64.11,0,0.93,0
JNPT_TO_BHIWANDI,67.55,0.92,1.35,57.81,11.58,0,1.04,0
JNPT_TO_BHIWANDI,67.55,0.92,0.09,50.28,0.61,0,1.0,0
JNPT_TO_CHAKAN,136.67,1.75,1.7,28.15,244.42,0,1.85,0
BHIWANDI_TO_CHAKAN,156.03,1.93,0.85,19.56,168.14,0,2.3,0
MUNDRA_TO_BHIWANDI,872.85,11.64,1.52,41.96,5.88,0,11.73,0
CHAKAN_TO_SRIPERUMBUDUR,1094.0,13.23,1.08,18.36,48.3,0,12.21,0
JNPT_TO_BHIWANDI,67.55,0.92,1.39,59.47,2.16,0,0.98,0
JNPT_TO_CHAKAN,136.67,1.75,4.79,39.48,11.69,0,1.91,0
JNPT_TO_BHIWANDI,67.55,0.92,1.33,43.87,227.42,0,0.92,0
BHIWANDI_TO_CHAKAN,156.03,1.93,0.42,37.73,12.17,1,7.55,1
MUNDRA_TO_BHIWANDI,872.85,11.64,20.4,52.08,35.46,0,13.01,0
CHAKAN_TO_SRIPERUMBUDUR,1094.0,13.23,0.29,11.67,6.93,0,12.87,0
CHAKAN_TO_SRIPERUMBUDUR,1094.0,13.23,1.66,40.79,27.4,0,14.45,0
JNPT_TO_CHAKAN,136.67,1.75,0.75,13.7,19.66,0,1.64,0
JNPT_TO_CHAKAN,136.67,1.75,0.41,42.06,8.13,0,1.89,0
BHIWANDI_TO_CHAKAN,156.03,1.93,0.03,58.53,16.92,0,1.76,0
JNPT_TO_CHAKAN,136.67,1.75,5.14,48.94,5.4,0,1.63,0
BHIWANDI_TO_CHAKAN,156.03,1.93,0.23,19.81,8.07,0,1.85,0
BHIWANDI_TO_CHAKAN,156.03,1.93,1.68,12.85,229.0,0,2.01,0
BHIWANDI_TO_CHAKAN,156.03,1.93,0.78,58.26,37.91,0,1.86,0
JNPT_TO_CHAKAN,136.67,1.75,1.21,56.7,208.44,0,1.69,0
MUNDRA_TO_BHIWANDI,872.85,11.64,3.29,37.88,30.05,1,18.13,1
BHIWANDI_TO_CHAKAN,156.03,1.93,0.8,26.47,39.14,0,2.22,0
MUNDRA_TO_BHIWANDI,872.85,11.64,0.5,34.81,28.39,0,11.37,0
CHAKAN_TO_SRIPERUMBUDUR,1094.0,13.23,0.81,43.31,137.77,0,12.15,0
MUNDRA_TO_BHIWANDI,872.85,11.64,1.16,39.54,54.48,0,12.1,0
MUNDRA_TO_BHIWANDI,872.85,11.64,1.97,23.84,157.89,0,11.54,0
CHAKAN_TO_SRIPERUMBUDUR,1094.0,13.23,0.85,24.41,301.61,0,16.17,0
JNPT_TO_BHIWANDI,67.55,0.92,0.28,10.68,159.59,0,0.92,0
JNPT_TO_CHAKAN,136.67,1.75,1.33,48.88,2.39,0,1.64,0
JNPT_TO_BHIWANDI,67.55,0.92,1.23,28.6,19.53,0,1.03,0
JNPT_TO_BHIWANDI,67.55,0.92,1.2,39.51,73.74,0,1.02,0
CHAKAN_TO_SRIPERUMBUDUR,1094.0,13.23,7.51,52.21,37.38,0,13.83,0
JNPT_TO_BHIWANDI,67.55,0.92,1.8,49.03,208.02,0,0.92,0
CHAKAN_TO_SRIPERUMBUDUR,1094.0,13.23,1.41,53.92,68.43,0,14.95,0
CHAKAN_TO_SRIPERUMBUDUR,1094.0,13.23,0.82,31.07,9.55,0,14.8,0
CHAKAN_TO_SRIPERUMBUDUR,1094.0,13.23,6.89,11.05,71.53,0,14.97,0
JNPT_TO_CHAKAN,136.67,1.75,4.85,12.58,0.93,0,2.04,0
MUNDRA_TO_BHIWANDI,872.85,11.64,1.64,56.06,240.49,0,13.06,0
CHAKAN_TO_SRIPERUMBUDUR,1094.0,13.23,0.46,30.72,93.29,0,12.1,0
MUNDRA_TO_BHIWANDI,872.85,11.64,1.13,13.3,13.85,0,11.09,0
JNPT_TO_CHAKAN,136.67,1.75,1.2,14.81,109.97,0,2.01,0
JNPT_TO_CHAKAN,136.67,1.75,1.04,37.08,163.57,0,1.96,0
BHIWANDI_TO_CHAKAN,156.03,1.93,1.66,47.7,492.46,0,2.59,1
MUNDRA_TO_BHIWANDI,872.85,11.64,0.15,25.82,74.15,0,12.57,0
BHIWANDI_TO_CHAKAN,156.03,1.93,1.29,18.63,17.51,0,2.24,0
MUNDRA_TO_BHIWANDI,872.85,11.64,4.67,34.75,99.9,0,11.63,0
JNPT_TO_BHIWANDI,67.55,0.92,0.17,26.53,15.4,0,0.91,0
JNPT_TO_CHAKAN,136.67,1.75,1.18,17.36,72.97,0,2.02,0
JNPT_TO_BHIWANDI,67.55,0.92,24.8,14.02,83.51,0,3.43,1
JNPT_TO_BHIWANDI,67.55,0.92,0.22,44.03,176.4,0,1.07,0
CHAKAN_TO_SRIPERUMBUDUR,1094.0,13.23,0.38,46.73,127.89,0,14.0,0
CHAKAN_TO_SRIPERUMBUDUR,1094.0,13.23,0.74,29.23,38.54,0,14.62,0
CHAKAN_TO_SRIPERUMBUDUR,1094.0,13.23,1.65,52.98,158.47,0,13.41,0
JNPT_TO_BHIWANDI,67.55,0.92,1.06,37.9,6.55,0,1.1,0
CHAKAN_TO_SRIPERUMBUDUR,1094.0,13.23,1.88,48.46,46.85,0,13.8,0
MUNDRA_TO_BHIWANDI,872.85,11.64,1.29,46.48,42.32,0,13.74,0
BHIWANDI_TO_CHAKAN,156.03,1.93,2.23,41.94,128.0,0,1.77,0
CHAKAN_TO_SRIPERUMBUDUR,1094.0,13.23,0.47,42.78,403.98,0,15.07,0
MUNDRA_TO_BHIWANDI,872.85,11.64,1.13,56.63,170.0,0,11.87,0
JNPT_TO_CHAKAN,136.67,1.75,1.78,36.85,62.21,0,1.92,0
MUNDRA_TO_BHIWANDI,872.85,11.64,1.07,38.4,13.74,0,11.79,0
MUNDRA_TO_BHIWANDI,872.85,11.64,1.28,22.72,104.51,0,13.91,0
CHAKAN_TO_SRIPERUMBUDUR,1094.0,13.23,1.29,51.31,304.42,0,12.63,0
MUNDRA_TO_BHIWANDI,872.85,11.64,1.07,50.01,84.3,0,12.24,0
BHIWANDI_TO_CHAKAN,156.03,1.93,1.81,12.52,59.2,0,1.92,0
JNPT_TO_BHIWANDI,67.55,0.92,0.47,37.43,33.66,0,1.04,0
JNPT_TO_CHAKAN,136.67,1.75,0.09,19.78,61.94,0,1.81,0
JNPT_TO_BHIWANDI,67.55,0.92,1.62,21.03,10.14,0,0.9,0
MUNDRA_TO_BHIWANDI,872.85,11.64,1.81,20.37,99.6,0,12.79,0
MUNDRA_TO_BHIWANDI,872.85,11.64,0.16,54.97,18.97,0,12.22,0
MUNDRA_TO_BHIWANDI,872.85,11.64,0.33,23.1,46.02,0,13.45,0
BHIWANDI_TO_CHAKAN,156.03,1.93,0.1,55.04,142.19,0,1.78,0
BHIWANDI_TO_CHAKAN,156.03,1.93,0.99,12.1,61.17,0,1.89,0
CHAKAN_TO_SRIPERUMBUDUR,1094.0,13.23,0.58,47.38,172.82,0,14.32,0
JNPT_TO_BHIWANDI,67.55,0.92,1.74,54.63,64.33,0,1.05,0
JNPT_TO_BHIWANDI,67.55,0.92,1.02,42.65,116.99,0,0.98,0
JNPT_TO_BHIWANDI,67.55,0.92,0.55,42.95,47.84,0,0.89,0
CHAKAN_TO_SRIPERUMBUDUR,1094.0,13.23,11.16,53.18,7.11,0,13.82,0
JNPT_TO_CHAKAN,136.67,1.75,3.96,17.79,141.75,0,1.99,0
JNPT_TO_BHIWANDI,67.55,0.92,1.68,21.39,4.88,0,1.06,0
JNPT_TO_CHAKAN,136.67,1.75,1.93,22.69,46.45,0,1.64,0
JNPT_TO_CHAKAN,136.67,1.75,0.62,34.56,259.04,0,1.92,0
JNPT_TO_BHIWANDI,67.55,0.92,1.42,51.04,103.94,0,0.96,0
CHAKAN_TO_SRIPERUMBUDUR,1094.0,13.23,1.99,22.56,117.08,0,13.04,0
JNPT_TO_CHAKAN,136.67,1.75,1.15,58.21,53.4,0,1.58,0
CHAKAN_TO_SRIPERUMBUDUR,1094.0,13.23,4.12,46.95,128.93,0,14.01,0
MUNDRA_TO_BHIWANDI,872.85,11.64,1.69,19.45,17.06,0,11.89,0
JNPT_TO_BHIWANDI,67.55,0.92,0.38,13.7,77.28,0,0.93,0
JNPT_TO_BHIWANDI,67.55,0.92,0.06,30.62,0.32,0,0.84,0
JNPT_TO_CHAKAN,136.67,1.75,0.82,46.82,53.49,0,2.0,0
BHIWANDI_TO_CHAKAN,156.03,1.93,0.56,50.53,45.99,0,1.9,0
CHAKAN_TO_SRIPERUMBUDUR,1094.0,13.23,0.49,15.69,24.44,0,13.55,0
BHIWANDI_TO_CHAKAN,156.03,1.93,0.84,41.62,64.29,0,2.18,0
BHIWANDI_TO_CHAKAN,156.03,1.93,2.35,53.97,1.47,0,1.92,0
MUNDRA_TO_BHIWANDI,872.85,11.64,0.77,18.55,5.15,0,13.04,0
JNPT_TO_CHAKAN,136.67,1.75,1.6,50.43,28.12,0,1.74,0
JNPT_TO_BHIWANDI,67.55,0.92,1.21,57.95,66.15,0,0.89,0
JNPT_TO_BHIWANDI,67.55,0.92,1.64,59.15,281.33,0,0.84,0
CHAKAN_TO_SRIPERUMBUDUR,1094.0,13.23,1.99,49.56,166.91,0,15.05,0
BHIWANDI_TO_CHAKAN,156.03,1.93,1.85,37.6,29.21,0,2.16,0
JNPT_TO_CHAKAN,136.67,1.75,1.39,29.88,159.98,0,2.06,0
JNPT_TO_BHIWANDI,67.55,0.92,1.14,56.03,19.18,0,1.0,0
JNPT_TO_CHAKAN,136.67,1.75,1.47,16.01,12.72,0,1.74,0
CHAKAN_TO_SRIPERUMBUDUR,1094.0,13.23,1.66,46.6,41.52,0,12.51,0
BHIWANDI_TO_CHAKAN,156.03,1.93,0.8,38.03,364.94,0,2.33,0
BHIWANDI_TO_CHAKAN,156.03,1.93,0.58,57.07,306.02,0,2.33,0
BHIWANDI_TO_CHAKAN,156.03,1.93,3.54,42.34,186.79,0,1.9,0
JNPT_TO_CHAKAN,136.67,1.75,1.9,16.27,13.77,0,1.87,0
JNPT_TO_CHAKAN,136.67,1.75,7.31,24.01,73.28,0,1.74,0
CHAKAN_TO_SRIPERUMBUDUR,1094.0,13.23,0.73,38.14,59.41,0,13.53,0
JNPT_TO_CHAKAN,136.67,1.75,0.99,57.46,109.52,0,1.89,0
MUNDRA_TO_BHIWANDI,872.85,11.64,0.38,36.59,84.69,0,10.51,0
BHIWANDI_TO_CHAKAN,156.03,1.93,1.35,54.94,160.89,0,1.8,0
CHAKAN_TO_SRIPERUMBUDUR,1094.0,13.23,0.57,12.26,57.58,0,15.29,0
MUNDRA_TO_BHIWANDI,872.85,11.64,0.26,43.77,42.84,0,12.22,0
CHAKAN_TO_SRIPERUMBUDUR,1094.0,13.23,1.77,58.61,229.86,0,15.5,0
JNPT_TO_CHAKAN,136.67,1.75,0.52,40.0,190.15,0,2.05,0
JNPT_TO_CHAKAN,136.67,1.75,1.04,26.13,29.83,0,1.64,0
MUNDRA_TO_BHIWANDI,872.85,11.64,1.32,42.17,51.28,0,12.94,0
JNPT_TO_CHAKAN,136.67,1.75,1.23,49.39,72.51,0,1.73,0
JNPT_TO_BHIWANDI,67.55,0.92,0.57,28.5,29.94,0,0.98,0
JNPT_TO_CHAKAN,136.67,1.75,0.2,47.8,1.16,0,1.9,0
CHAKAN_TO_SRIPERUMBUDUR,1094.0,13.23,12.01,41.25,64.97,0,13.37,0
CHAKAN_TO_SRIPERUMBUDUR,1094.0,13.23,1.26,35.67,33.14,0,15.02,0
CHAKAN_TO_SRIPERUMBUDUR,1094.0,13.23,1.32,24.36,59.35,0,14.27,0
MUNDRA_TO_BHIWANDI,872.85,11.64,0.25,36.38,159.87,0,13.47,0
JNPT_TO_BHIWANDI,67.55,0.92,1.59,42.19,49.94,0,0.9,0
CHAKAN_TO_SRIPERUMBUDUR,1094.0,13.23,1.12,53.84,15.78,0,15.39,0
MUNDRA_TO_BHIWANDI,872.85,11.64,0.72,42.69,200.81,0,11.35,0
JNPT_TO_BHIWANDI,67.55,0.92,1.98,52.42,73.13,0,1.0,0
BHIWANDI_TO_CHAKAN,156.03,1.93,2.17,56.5,14.2,0,2.16,0
CHAKAN_TO_SRIPERUMBUDUR,1094.0,13.23,0.77,43.02,11.27,0,14.54,0
BHIWANDI_TO_CHAKAN,156.03,1.93,1.48,31.48,27.7,0,2.24,0
CHAKAN_TO_SRIPERUMBUDUR,1094.0,13.23,1.63,36.1,36.11,0,13.09,0
MUNDRA_TO_BHIWANDI,872.85,11.64,0.34,45.32,42.67,0,11.71,0
MUNDRA_TO_BHIWANDI,872.85,11.64,0.84,40.04,44.94,0,13.62,0
JNPT_TO_CHAKAN,136.67,1.75,0.78,23.53,315.02,0,1.93,0
CHAKAN_TO_SRIPERUMBUDUR,1094.0,13.23,0.85,20.03,17.77,0,12.87,0
MUNDRA_TO_BHIWANDI,872.85,11.64,0.16,12.06,176.37,0,13.0,0
CHAKAN_TO_SRIPERUMBUDUR,1094.0,13.23,1.5,28.27,341.93,0,16.22,0
JNPT_TO_BHIWANDI,67.55,0.92,1.42,10.94,62.39,0,0.84,0
BHIWANDI_TO_CHAKAN,156.03,1.93,0.37,41.13,208.21,0,2.16,0
CHAKAN_TO_SRIPERUMBUDUR,1094.0,13.23,1.0,49.4,87.75,0,12.44,0
JNPT_TO_BHIWANDI,67.55,0.92,11.3,30.59,182.74,0,0.86,0
JNPT_TO_CHAKAN,136.67,1.75,0.43,53.2,1.96,0,1.71,0
MUNDRA_TO_BHIWANDI,872.85,11.64,0.16,35.56,90.46,0,12.41,0
JNPT_TO_BHIWANDI,67.55,0.92,1.33,32.37,81.92,0,0.96,0
CHAKAN_TO_SRIPERUMBUDUR,1094.0,13.23,8.53,49.11,161.91,0,13.91,0
JNPT_TO_BHIWANDI,67.55,0.92,1.13,18.64,6.69,0,1.06,0
JNPT_TO_CHAKAN,136.67,1.75,1.19,35.73,475.51,0,2.38,1
CHAKAN_TO_SRIPERUMBUDUR,1094.0,13.23,5.4,12.52,15.0,0,12.76,0
BHIWANDI_TO_CHAKAN,156.03,1.93,1.7,58.29,1.4,0,1.79,0
MUNDRA_TO_BHIWANDI,872.85,11.64,1.43,25.42,232.74,0,13.13,0
CHAKAN_TO_SRIPERUMBUDUR,1094.0,13.23,0.47,56.8,240.1,0,12.41,0
JNPT_TO_CHAKAN,136.67,1.75,0.31,13.42,149.72,0,1.77,0
CHAKAN_TO_SRIPERUMBUDUR,1094.0,13.23,0.82,21.53,18.15,0,15.7,0
JNPT_TO_CHAKAN,136.67,1.75,1.91,18.42,2.2,0,1.67,0
JNPT_TO_BHIWANDI,67.55,0.92,0.27,15.18,165.78,0,0.99,0
CHAKAN_TO_SRIPERUMBUDUR,1094.0,13.23,0.47,17.44,11.75,0,12.22,0
JNPT_TO_BHIWANDI,67.55,0.92,2.96,23.49,45.27,0,0.87,0
CHAKAN_TO_SRIPERUMBUDUR,1094.0,13.23,11.46,22.69,74.68,0,12.28,0
CHAKAN_TO_SRIPERUMBUDUR,1094.0,13.23,2.2,11.81,81.85,0,15.78,0
JNPT_TO_BHIWANDI,67.55,0.92,1.35,41.71,163.79,0,0.92,0
JNPT_TO_BHIWANDI,67.55,0.92,0.96,56.57,20.55,0,0.83,0
MUNDRA_TO_BHIWANDI,872.85,11.64,1.2,32.49,33.08,0,10.95,0
JNPT_TO_CHAKAN,136.67,1.75,0.42,36.45,3.53,0,1.85,0
MUNDRA_TO_BHIWANDI,872.85,11.64,0.97,26.71,54.49,0,12.86,0
JNPT_TO_BHIWANDI,67.55,0.92,0.08,53.33,103.83,0,0.95,0
BHIWANDI_TO_CHAKAN,156.03,1.93,0.09,59.44,129.27,0,2.31,0
JNPT_TO_CHAKAN,136.67,1.75,1.54,28.63,41.76,0,1.99,0
JNPT_TO_CHAKAN,136.67,1.75,0.42,41.08,48.47,0,1.75,0
MUNDRA_TO_BHIWANDI,872.85,11.64,0.18,39.64,30.08,0,12.69,0
JNPT_TO_CHAKAN,136.67,1.75,1.26,46.97,54.39,0,1.89,0
MUNDRA_TO_BHIWANDI,872.85,11.64,0.41,14.72,49.39,0,13.59,0
CHAKAN_TO_SRIPERUMBUDUR,1094.0,13.23,1.89,18.33,19.15,0,15.67,0
JNPT_TO_CHAKAN,136.67,1.75,0.28,26.76,110.16,0,1.93,0
JNPT_TO_CHAKAN,136.67,1.75,1.21,41.91,84.95,0,1.62,0
CHAKAN_TO_SRIPERUMBUDUR,1094.0,13.23,1.85,34.23,42.5,0,14.44,0
JNPT_TO_CHAKAN,136.67,1.75,1.3,48.37,244.76,0,2.08,0
JNPT_TO_BHIWANDI,67.55,0.92,0.02,26.7,211.92,0,0.89,0
JNPT_TO_CHAKAN,136.67,1.75,4.46,33.06,39.24,0,1.74,0
JNPT_TO_CHAKAN,136.67,1.75,0.69,49.79,175.69,0,1.8,0
JNPT_TO_BHIWANDI,67.55,0.92,1.59,28.49,11.78,0,0.85,0
BHIWANDI_TO_CHAKAN,156.03,1.93,1.0,39.88,21.8,0,2.14,0
BHIWANDI_TO_CHAKAN,156.03,1.93,0.12,44.2,25.22,0,2.07,0
MUNDRA_TO_BHIWANDI,872.85,11.64,1.84,55.18,684.57,0,11.99,0
JNPT_TO_CHAKAN,136.67,1.75,0.87,31.82,324.08,0,2.08,0
JNPT_TO_CHAKAN,136.67,1.75,1.18,42.05,307.31,0,2.25,1
MUNDRA_TO_BHIWANDI,872.85,11.64,1.08,56.38,41.02,0,12.19,0
MUNDRA_TO_BHIWANDI,872.85,11.64,1.45,14.89,87.87,0,11.94,0
JNPT_TO_CHAKAN,136.67,1.75,0.95,41.39,37.59,0,1.79,0
MUNDRA_TO_BHIWANDI,872.85,11.64,0.21,47.81,309.3,0,13.68,0
MUNDRA_TO_BHIWANDI,872.85,11.64,0.96,18.97,28.11,0,12.95,0
BHIWANDI_TO_CHAKAN,156.03,1.93,5.05,28.75,122.33,0,1.94,0
CHAKAN_TO_SRIPERUMBUDUR,1094.0,13.23,0.68,10.1,45.25,0,12.79,0
JNPT_TO_CHAKAN,136.67,1.75,0.45,53.48,12.61,0,2.02,0
JNPT_TO_CHAKAN,136.67,1.75,0.46,59.4,11.85,0,2.0,0
MUNDRA_TO_BHIWANDI,872.85,11.64,1.76,18.11,4.31,0,13.93,0
JNPT_TO_CHAKAN,136.67,1.75,4.18,40.25,106.09,0,1.96,0
JNPT_TO_CHAKAN,136.67,1.75,1.84,30.38,122.95,0,1.95,0
JNPT_TO_CHAKAN,136.67,1.75,6.59,44.27,55.88,0,1.93,0
JNPT_TO_BHIWANDI,67.55,0.92,1.5,32.16,36.36,0,1.06,0
MUNDRA_TO_BHIWANDI,872.85,11.64,0.06,50.37,28.88,0,12.11,0
JNPT_TO_CHAKAN,136.67,1.75,0.04,33.35,389.95,0,2.2,1
MUNDRA_TO_BHIWANDI,872.85,11.64,1.84,31.54,216.23,0,12.47,0
JNPT_TO_CHAKAN,136.67,1.75,1.1,40.01,68.37,0,2.06,0
JNPT_TO_BHIWANDI,67.55,0.92,0.72,15.76,341.26,0,1.41,1
CHAKAN_TO_SRIPERUMBUDUR,1094.0,13.23,1.02,22.84,7.02,0,14.89,0
JNPT_TO_CHAKAN,136.67,1.75,13.25,55.34,26.53,0,1.84,0
JNPT_TO_CHAKAN,136.67,1.75,13.41,23.43,3.2,0,1.85,0
BHIWANDI_TO_CHAKAN,156.03,1.93,1.28,36.19,186.06,0,1.82,0
JNPT_TO_BHIWANDI,67.55,0.92,1.47,15.78,248.19,0,1.09,0
JNPT_TO_BHIWANDI,67.55,0.92,1.8,25.63,99.46,0,0.97,0
JNPT_TO_CHAKAN,136.67,1.75,1.41,27.59,177.12,0,1.75,0
MUNDRA_TO_BHIWANDI,872.85,11.64,0.77,47.96,46.01,0,13.58,0
JNPT_TO_BHIWANDI,67.55,0.92,2.19,34.0,138.91,0,0.98,0
CHAKAN_TO_SRIPERUMBUDUR,1094.0,13.23,0.17,11.25,51.04,0,15.63,0
BHIWANDI_TO_CHAKAN,156.03,1.93,1.77,38.91,14.94,0,2.27,0
JNPT_TO_BHIWANDI,67.55,0.92,0.43,11.28,387.01,0,1.33,1
MUNDRA_TO_BHIWANDI,872.85,11.64,1.81,19.83,1.52,0,12.47,0
CHAKAN_TO_SRIPERUMBUDUR,1094.0,13.23,0.17,10.42,18.52,0,13.29,0
JNPT_TO_CHAKAN,136.67,1.75,1.75,28.04,72.19,0,1.73,0
CHAKAN_TO_SRIPERUMBUDUR,1094.0,13.23,0.87,37.58,20.71,0,13.49,0
MUNDRA_TO_BHIWANDI,872.85,11.64,0.84,11.41,99.9,0,10.71,0
BHIWANDI_TO_CHAKAN,156.03,1.93,1.38,58.37,17.66,0,1.92,0
CHAKAN_TO_SRIPERUMBUDUR,1094.0,13.23,0.89,46.48,304.48,0,14.14,0
MUNDRA_TO_BHIWANDI,872.85,11.64,1.16,59.41,16.2,0,10.5,0
BHIWANDI_TO_CHAKAN,156.03,1.93,0.5,14.23,72.26,0,2.24,0
BHIWANDI_TO_CHAKAN,156.03,1.93,0.68,38.07,574.41,0,2.59,1
JNPT_TO_BHIWANDI,67.55,0.92,1.28,28.97,205.2,0,1.05,0
JNPT_TO_CHAKAN,136.67,1.75,1.88,41.87,139.03,0,1.95,0
JNPT_TO_BHIWANDI,67.55,0.92,0.16,53.86,4.9,0,1.05,0
JNPT_TO_BHIWANDI,67.55,0.92,1.68,56.85,59.95,0,0.88,0
JNPT_TO_CHAKAN,136.67,1.75,0.49,16.54,143.96,0,1.91,0
CHAKAN_TO_SRIPERUMBUDUR,1094.0,13.23,0.36,30.59,69.04,0,15.65,0
BHIWANDI_TO_CHAKAN,156.03,1.93,1.01,51.18,47.39,0,2.13,0
BHIWANDI_TO_CHAKAN,156.03,1.93,1.43,16.84,20.58,0,2.25,0
MUNDRA_TO_BHIWANDI,872.85,11.64,2.0,32.73,92.82,0,13.88,0
MUNDRA_TO_BHIWANDI,872.85,11.64,6.86,28.79,28.08,0,13.11,0
MUNDRA_TO_BHIWANDI,872.85,11.64,0.21,30.16,61.57,0,11.08,0
BHIWANDI_TO_CHAKAN,156.03,1.93,0.56,56.35,189.94,0,1.86,0
CHAKAN_TO_SRIPERUMBUDUR,1094.0,13.23,1.0,38.61,55.87,0,14.93,0
MUNDRA_TO_BHIWANDI,872.85,11.64,0.36,33.26,22.02,0,10.91,0
CHAKAN_TO_SRIPERUMBUDUR,1094.0,13.23,13.72,58.88,91.39,0,15.55,0
MUNDRA_TO_BHIWANDI,872.85,11.64,0.99,29.9,40.84,0,12.18,0
JNPT_TO_CHAKAN,136.67,1.75,2.03,40.18,53.83,0,1.89,0
CHAKAN_TO_SRIPERUMBUDUR,1094.0,13.23,1.16,42.65,13.29,0,14.37,0
MUNDRA_TO_BHIWANDI,872.85,11.64,1.61,15.12,20.44,0,13.4,0
BHIWANDI_TO_CHAKAN,156.03,1.93,0.52,15.77,43.0,0,1.98,0
MUNDRA_TO_BHIWANDI,872.85,11.64,0.88,36.21,171.35,0,10.51,0
JNPT_TO_CHAKAN,136.67,1.75,1.77,59.19,140.26,0,1.96,0
CHAKAN_TO_SRIPERUMBUDUR,1094.0,13.23,1.67,16.25,168.02,0,13.41,0
MUNDRA_TO_BHIWANDI,872.85,11.64,12.64,34.29,178.09,0,13.17,0
JNPT_TO_BHIWANDI,67.55,0.92,1.32,43.88,138.42,0,1.03,0
JNPT_TO_BHIWANDI,67.55,0.92,1.14,15.87,201.04,0,1.04,0
CHAKAN_TO_SRIPERUMBUDUR,1094.0,13.23,0.98,37.57,1.58,0,13.52,0
BHIWANDI_TO_CHAKAN,156.03,1.93,0.77,42.36,89.43,0,1.95,0
JNPT_TO_CHAKAN,136.67,1.75,1.02,39.78,45.85,0,1.58,0
JNPT_TO_BHIWANDI,67.55,0.92,0.38,43.85,93.43,0,0.9,0
BHIWANDI_TO_CHAKAN,156.03,1.93,0.31,21.02,92.91,0,2.18,0
CHAKAN_TO_SRIPERUMBUDUR,1094.0,13.23,1.77,22.31,434.22,0,15.49,0
BHIWANDI_TO_CHAKAN,156.03,1.93,1.99,38.16,67.21,0,1.98,0
MUNDRA_TO_BHIWANDI,872.85,11.64,1.3,44.72,67.11,0,12.15,0
CHAKAN_TO_SRIPERUMBUDUR,1094.0,13.23,1.0,44.76,77.76,0,11.97,0
MUNDRA_TO_BHIWANDI,872.85,11.64,0.59,57.59,31.11,0,11.47,0
MUNDRA_TO_BHIWANDI,872.85,11.64,0.97,34.88,67.23,0,10.63,0
JNPT_TO_CHAKAN,136.67,1.75,1.82,55.94,19.72,0,1.76,0
CHAKAN_TO_SRIPERUMBUDUR,1094.0,13.23,0.62,36.1,219.56,0,15.09,0
MUNDRA_TO_BHIWANDI,872.85,11.64,0.97,41.25,115.37,0,13.0,0
BHIWANDI_TO_CHAKAN,156.03,1.93,0.03,42.81,13.52,0,2.05,0
JNPT_TO_CHAKAN,136.67,1.75,3.69,42.11,1.33,0,1.68,0
BHIWANDI_TO_CHAKAN,156.03,1.93,7.64,53.65,132.55,0,2.0,0
JNPT_TO_BHIWANDI,67.55,0.92,0.66,19.0,234.71,0,1.08,0
JNPT_TO_CHAKAN,136.67,1.75,0.63,37.46,0.21,0,1.72,0
JNPT_TO_BHIWANDI,67.55,0.92,0.75,24.24,272.07,0,0.85,0
BHIWANDI_TO_CHAKAN,156.03,1.93,0.44,11.14,37.63,0,1.91,0
BHIWANDI_TO_CHAKAN,156.03,1.93,1.48,39.77,90.01,0,2.24,0
JNPT_TO_BHIWANDI,67.55,0.92,5.82,22.76,25.85,0,0.86,0
CHAKAN_TO_SRIPERUMBUDUR,1094.0,13.23,0.67,41.13,24.66,0,13.84,0
BHIWANDI_TO_CHAKAN,156.03,1.93,0.8,49.79,51.96,0,2.01,0
BHIWANDI_TO_CHAKAN,156.03,1.93,13.58,48.02,14.07,0,1.87,0
BHIWANDI_TO_CHAKAN,156.03,1.93,0.02,16.02,40.53,0,1.79,0
MUNDRA_TO_BHIWANDI,872.85,11.64,1.15,36.16,22.98,0,11.35,0
JNPT_TO_CHAKAN,136.67,1.75,0.54,36.54,117.63,0,1.97,0
JNPT_TO_CHAKAN,136.67,1.75,1.78,17.11,138.42,0,1.85,0
MUNDRA_TO_BHIWANDI,872.85,11.64,0.49,18.83,26.36,0,10.64,0
MUNDRA_TO_BHIWANDI,872.85,11.64,0.37,44.74,40.79,0,13.97,0
JNPT_TO_BHIWANDI,67.55,0.92,1.43,50.21,37.35,0,1.01,0
BHIWANDI_TO_CHAKAN,156.03,1.93,0.9,38.23,15.55,0,2.08,0
JNPT_TO_BHIWANDI,67.55,0.92,0.14,28.15,95.67,0,0.89,0
CHAKAN_TO_SRIPERUMBUDUR,1094.0,13.23,0.53,38.8,50.39,0,15.85,0
JNPT_TO_CHAKAN,136.67,1.75,0.41,19.78,0.71,0,1.75,0
JNPT_TO_CHAKAN,136.67,1.75,0.2,34.55,67.39,0,1.59,0
BHIWANDI_TO_CHAKAN,156.03,1.93,4.74,47.73,364.91,0,2.48,1
CHAKAN_TO_SRIPERUMBUDUR,1094.0,13.23,1.92,13.5,58.74,0,12.26,0
BHIWANDI_TO_CHAKAN,156.03,1.93,1.09,15.19,289.66,0,1.75,0
CHAKAN_TO_SRIPERUMBUDUR,1094.0,13.23,1.88,59.89,4.64,0,13.15,0
MUNDRA_TO_BHIWANDI,872.85,11.64,0.64,20.45,34.64,0,10.81,0
MUNDRA_TO_BHIWANDI,872.85,11.64,0.16,25.27,114.78,0,11.02,0
MUNDRA_TO_BHIWANDI,872.85,11.64,0.4,56.08,2.53,0,11.59,0
BHIWANDI_TO_CHAKAN,156.03,1.93,2.76,50.71,120.05,0,2.08,0
CHAKAN_TO_SRIPERUMBUDUR,1094.0,13.23,1.61,14.41,3.27,0,13.78,0
BHIWANDI_TO_CHAKAN,156.03,1.93,1.74,37.92,6.49,0,2.22,0
JNPT_TO_CHAKAN,136.67,1.75,0.06,49.79,199.43,0,1.69,0
JNPT_TO_BHIWANDI,67.55,0.92,1.53,32.79,102.18,0,0.84,0
MUNDRA_TO_BHIWANDI,872.85,11.64,1.12,48.42,67.03,0,10.74,0
BHIWANDI_TO_CHAKAN,156.03,1.93,0.85,12.2,13.99,0,2.23,0
MUNDRA_TO_BHIWANDI,872.85,11.64,1.46,20.22,116.32,0,13.04,0
BHIWANDI_TO_CHAKAN,156.03,1.93,1.32,49.25,63.0,0,2.17,0
CHAKAN_TO_SRIPERUMBUDUR,1094.0,13.23,0.6,10.74,141.02,0,14.91,0
BHIWANDI_TO_CHAKAN,156.03,1.93,1.92,43.41,159.49,0,2.0,0
MUNDRA_TO_BHIWANDI,872.85,11.64,0.41,51.0,334.61,0,13.0,0
CHAKAN_TO_SRIPERUMBUDUR,1094.0,13.23,0.11,26.18,94.48,0,14.57,0
JNPT_TO_CHAKAN,136.67,1.75,1.43,46.67,66.32,0,1.87,0
JNPT_TO_BHIWANDI,67.55,0.92,0.56,15.71,129.38,0,1.1,0
JNPT_TO_CHAKAN,136.67,1.75,0.95,21.64,141.62,0,1.83,0
MUNDRA_TO_BHIWANDI,872.85,11.64,0.77,22.29,142.19,0,11.11,0
JNPT_TO_CHAKAN,136.67,1.75,3.74,44.66,86.9,0,1.84,0
JNPT_TO_CHAKAN,136.67,1.75,0.24,43.75,45.22,0,1.99,0
MUNDRA_TO_BHIWANDI,872.85,11.64,1.13,14.26,182.16,0,13.92,0
MUNDRA_TO_BHIWANDI,872.85,11.64,0.62,37.67,40.09,0,11.85,0
JNPT_TO_CHAKAN,136.67,1.75,1.42,20.52,9.04,0,1.69,0
CHAKAN_TO_SRIPERUMBUDUR,1094.0,13.23,0.46,32.2,29.99,0,12.78,0
CHAKAN_TO_SRIPERUMBUDUR,1094.0,13.23,0.0,39.0,114.6,0,15.81,0
MUNDRA_TO_BHIWANDI,872.85,11.64,1.03,11.12,109.89,1,19.32,1
JNPT_TO_CHAKAN,136.67,1.75,1.55,36.01,203.76,0,1.96,0
BHIWANDI_TO_CHAKAN,156.03,1.93,1.03,11.63,66.99,0,1.79,0
BHIWANDI_TO_CHAKAN,156.03,1.93,0.46,20.37,392.17,0,2.41,0
MUNDRA_TO_BHIWANDI,872.85,11.64,18.69,55.58,141.4,0,14.33,0
CHAKAN_TO_SRIPERUMBUDUR,1094.0,13.23,1.77,51.26,10.11,0,14.89,0
CHAKAN_TO_SRIPERUMBUDUR,1094.0,13.23,1.96,27.94,12.64,0,12.26,0
CHAKAN_TO_SRIPERUMBUDUR,1094.0,13.23,1.3,47.76,182.3,0,13.76,0
JNPT_TO_BHIWANDI,67.55,0.92,1.59,37.82,65.9,0,0.88,0
JNPT_TO_CHAKAN,136.67,1.75,0.39,34.18,72.92,0,1.78,0
JNPT_TO_BHIWANDI,67.55,0.92,1.28,11.0,12.02,0,0.83,0
MUNDRA_TO_BHIWANDI,872.85,11.64,0.01,21.39,44.07,0,12.22,0
CHAKAN_TO_SRIPERUMBUDUR,1094.0,13.23,0.74,41.71,7.81,0,14.73,0
JNPT_TO_CHAKAN,136.67,1.75,0.47,34.69,23.02,0,1.98,0
CHAKAN_TO_SRIPERUMBUDUR,1094.0,13.23,1.58,54.51,52.39,0,12.9,0
JNPT_TO_BHIWANDI,67.55,0.92,0.39,22.98,8.61,0,1.02,0
JNPT_TO_CHAKAN,136.67,1.75,4.25,45.38,177.23,0,2.08,0
CHAKAN_TO_SRIPERUMBUDUR,1094.0,13.23,3.97,55.58,22.04,0,14.9,0
MUNDRA_TO_BHIWANDI,872.85,11.64,1.19,13.92,219.03,0,12.17,0
MUNDRA_TO_BHIWANDI,872.85,11.64,7.0,52.61,121.22,0,12.45,0
MUNDRA_TO_BHIWANDI,872.85,11.64,1.01,37.02,51.67,0,13.1,0
MUNDRA_TO_BHIWANDI,872.85,11.64,0.43,26.43,18.19,0,11.38,0
JNPT_TO_BHIWANDI,67.55,0.92,1.01,32.62,7.64,0,1.01,0
JNPT_TO_BHIWANDI,67.55,0.92,1.41,42.42,333.31,0,1.4,1
JNPT_TO_CHAKAN,136.67,1.75,0.93,52.7,1.98,0,1.7,0
BHIWANDI_TO_CHAKAN,156.03,1.93,1.11,30.72,68.08,0,1.96,0
JNPT_TO_BHIWANDI,67.55,0.92,1.66,27.3,298.34,0,1.07,0
MUNDRA_TO_BHIWANDI,872.85,11.64,1.21,36.99,51.78,0,13.54,0
BHIWANDI_TO_CHAKAN,156.03,1.93,1.1,38.28,34.98,0,2.29,0
MUNDRA_TO_BHIWANDI,872.85,11.64,0.44,14.93,379.87,0,13.46,0
CHAKAN_TO_SRIPERUMBUDUR,1094.0,13.23,1.94,16.84,238.94,0,11.98,0
CHAKAN_TO_SRIPERUMBUDUR,1094.0,13.23,4.28,50.48,43.94,0,12.81,0
CHAKAN_TO_SRIPERUMBUDUR,1094.0,13.23,1.28,43.9,80.92,0,11.95,0
MUNDRA_TO_BHIWANDI,872.85,11.64,0.96,38.12,101.56,0,13.74,0
JNPT_TO_BHIWANDI,67.55,0.92,1.63,39.31,91.0,0,1.04,0
JNPT_TO_BHIWANDI,67.55,0.92,1.13,32.73,247.77,0,1.08,0
MUNDRA_TO_BHIWANDI,872.85,11.64,0.95,58.18,40.06,0,10.94,0
JNPT_TO_BHIWANDI,67.55,0.92,0.39,11.8,424.29,0,1.25,1
BHIWANDI_TO_CHAKAN,156.03,1.93,1.03,10.13,115.56,0,2.18,0
CHAKAN_TO_SRIPERUMBUDUR,1094.0,13.23,1.11,53.52,46.06,0,13.05,0
JNPT_TO_BHIWANDI,67.55,0.92,1.22,53.12,182.16,0,0.99,0
JNPT_TO_BHIWANDI,67.55,0.92,1.37,39.1,15.72,0,1.06,0
JNPT_TO_BHIWANDI,67.55,0.92,4.05,45.59,57.63,0,1.02,0
BHIWANDI_TO_CHAKAN,156.03,1.93,6.04,43.23,67.74,0,1.8,0
BHIWANDI_TO_CHAKAN,156.03,1.93,1.35,41.93,59.97,0,2.15,0
JNPT_TO_CHAKAN,136.67,1.75,0.34,19.48,150.75,0,2.09,0
BHIWANDI_TO_CHAKAN,156.03,1.93,1.93,10.25,229.94,0,2.25,0
JNPT_TO_BHIWANDI,67.55,0.92,1.4,55.47,130.72,0,0.84,0
BHIWANDI_TO_CHAKAN,156.03,1.93,0.28,15.76,47.39,0,1.85,0
CHAKAN_TO_SRIPERUMBUDUR,1094.0,13.23,1.7,27.38,67.72,0,12.64,0
JNPT_TO_CHAKAN,136.67,1.75,1.35,21.15,2.72,0,1.69,0
BHIWANDI_TO_CHAKAN,156.03,1.93,0.27,33.04,7.54,0,2.2,0
MUNDRA_TO_BHIWANDI,872.85,11.64,0.14,51.23,19.62,0,13.2,0
JNPT_TO_CHAKAN,136.67,1.75,0.12,12.22,51.33,0,2.03,0
JNPT_TO_CHAKAN,136.67,1.75,0.21,39.68,97.8,0,1.64,0
MUNDRA_TO_BHIWANDI,872.85,11.64,1.53,24.87,200.43,0,12.86,0
JNPT_TO_BHIWANDI,67.55,0.92,0.5,22.72,137.16,0,0.88,0
CHAKAN_TO_SRIPERUMBUDUR,1094.0,13.23,0.64,17.56,80.18,0,12.93,0
JNPT_TO_CHAKAN,136.67,1.75,6.94,57.24,1.61,0,1.67,0
BHIWANDI_TO_CHAKAN,156.03,1.93,0.83,33.85,46.44,0,2.27,0
CHAKAN_TO_SRIPERUMBUDUR,1094.0,13.23,0.95,33.54,184.58,0,15.8,0
MUNDRA_TO_BHIWANDI,872.85,11.64,0.0,14.22,47.33,0,11.47,0
JNPT_TO_CHAKAN,136.67,1.75,0.16,24.47,2.29,0,1.91,0
BHIWANDI_TO_CHAKAN,156.03,1.93,0.61,45.13,219.03,0,2.17,0
CHAKAN_TO_SRIPERUMBUDUR,1094.0,13.23,0.41,35.22,83.83,0,13.72,0
BHIWANDI_TO_CHAKAN,156.03,1.93,14.58,57.73,21.16,0,2.2,0
BHIWANDI_TO_CHAKAN,156.03,1.93,1.02,24.0,363.43,0,2.39,0
JNPT_TO_BHIWANDI,67.55,0.92,2.31,13.76,32.42,0,0.89,0
BHIWANDI_TO_CHAKAN,156.03,1.93,1.84,41.38,97.65,0,2.26,0
MUNDRA_TO_BHIWANDI,872.85,11.64,2.46,36.1,309.38,1,18.11,1
BHIWANDI_TO_CHAKAN,156.03,1.93,0.03,16.35,3.1,0,1.85,0
MUNDRA_TO_BHIWANDI,872.85,11.64,1.51,47.04,40.7,0,12.1,0
CHAKAN_TO_SRIPERUMBUDUR,1094.0,13.23,7.14,36.68,461.32,0,14.81,0
MUNDRA_TO_BHIWANDI,872.85,11.64,0.52,17.45,220.64,0,13.82,0
JNPT_TO_BHIWANDI,67.55,0.92,0.15,17.83,297.74,0,1.01,0
JNPT_TO_CHAKAN,136.67,1.75,1.14,48.83,10.08,0,1.82,0
JNPT_TO_BHIWANDI,67.55,0.92,0.03,26.93,24.19,0,0.97,0
JNPT_TO_CHAKAN,136.67,1.75,0.42,18.24,23.83,0,2.02,0
CHAKAN_TO_SRIPERUMBUDUR,1094.0,13.23,1.27,35.71,8.31,0,14.42,0
MUNDRA_TO_BHIWANDI,872.85,11.64,0.52,21.26,40.41,0,10.75,0
MUNDRA_TO_BHIWANDI,872.85,11.64,1.84,33.92,77.24,0,11.5,0
BHIWANDI_TO_CHAKAN,156.03,1.93,1.74,36.77,133.3,0,2.22,0
JNPT_TO_CHAKAN,136.67,1.75,7.85,20.22,162.5,0,2.05,0
JNPT_TO_BHIWANDI,67.55,0.92,6.04,26.2,33.88,0,1.07,0
MUNDRA_TO_BHIWANDI,872.85,11.64,0.17,10.57,36.03,0,13.14,0
CHAKAN_TO_SRIPERUMBUDUR,1094.0,13.23,0.17,12.98,81.43,0,12.67,0
JNPT_TO_CHAKAN,136.67,1.75,0.99,59.77,41.97,0,1.8,0
JNPT_TO_CHAKAN,136.67,1.75,0.41,42.49,199.88,0,1.66,0
BHIWANDI_TO_CHAKAN,156.03,1.93,1.48,23.22,30.11,0,1.94,0
MUNDRA_TO_BHIWANDI,872.85,11.64,2.36,24.91,83.72,0,12.6,0
JNPT_TO_BHIWANDI,67.55,0.92,0.53,33.95,130.72,0,0.97,0
JNPT_TO_CHAKAN,136.67,1.75,1.58,20.61,98.32,0,1.93,0
JNPT_TO_BHIWANDI,67.55,0.92,1.99,59.62,67.8,0,0.88,0
BHIWANDI_TO_CHAKAN,156.03,1.93,1.2,57.55,11.49,0,1.83,0
CHAKAN_TO_SRIPERUMBUDUR,1094.0,13.23,1.62,14.04,455.78,0,13.12,0
BHIWANDI_TO_CHAKAN,156.03,1.93,0.61,54.79,290.9,0,1.83,0
MUNDRA_TO_BHIWANDI,872.85,11.64,0.9,26.24,125.82,0,11.86,0
CHAKAN_TO_SRIPERUMBUDUR,1094.0,13.23,0.4,23.97,189.0,0,14.11,0
CHAKAN_TO_SRIPERUMBUDUR,1094.0,13.23,1.82,52.63,62.29,0,14.12,0
CHAKAN_TO_SRIPERUMBUDUR,1094.0,13.23,0.26,34.84,47.48,0,15.82,0
CHAKAN_TO_SRIPERUMBUDUR,1094.0,13.23,1.45,41.64,83.14,0,14.52,0
MUNDRA_TO_BHIWANDI,872.85,11.64,0.76,30.76,23.28,0,11.75,0
CHAKAN_TO_SRIPERUMBUDUR,1094.0,13.23,1.06,42.68,16.73,0,13.9,0
JNPT_TO_BHIWANDI,67.55,0.92,1.22,22.17,34.75,0,0.89,0
MUNDRA_TO_BHIWANDI,872.85,11.64,0.58,18.5,3.3,0,12.36,0
MUNDRA_TO_BHIWANDI,872.85,11.64,0.25,48.94,34.23,0,11.1,0
JNPT_TO_BHIWANDI,67.55,0.92,0.1,49.46,63.94,0,1.07,0
CHAKAN_TO_SRIPERUMBUDUR,1094.0,13.23,0.09,57.61,6.7,0,15.58,0
BHIWANDI_TO_CHAKAN,156.03,1.93,0.73,36.13,97.56,0,2.16,0
JNPT_TO_BHIWANDI,67.55,0.92,12.78,20.61,32.95,0,0.84,0
MUNDRA_TO_BHIWANDI,872.85,11.64,0.26,18.61,92.91,0,11.61,0
CHAKAN_TO_SRIPERUMBUDUR,1094.0,13.23,1.71,46.36,24.4,0,15.2,0
CHAKAN_TO_SRIPERUMBUDUR,1094.0,13.23,1.46,37.83,259.72,0,15.22,0
JNPT_TO_CHAKAN,136.67,1.75,0.05,55.9,82.42,0,1.82,0
BHIWANDI_TO_CHAKAN,156.03,1.93,1.6,44.79,56.23,0,1.75,0
BHIWANDI_TO_CHAKAN,156.03,1.93,0.8,38.1,36.29,0,1.98,0
JNPT_TO_BHIWANDI,67.55,0.92,0.86,19.64,59.75,0,1.02,0
CHAKAN_TO_SRIPERUMBUDUR,1094.0,13.23,0.13,50.58,594.66,0,14.54,0
JNPT_TO_CHAKAN,136.67,1.75,1.95,41.1,66.26,0,1.61,0
BHIWANDI_TO_CHAKAN,156.03,1.93,1.51,37.02,32.95,0,1.85,0
JNPT_TO_CHAKAN,136.67,1.75,0.26,47.76,12.77,0,2.01,0
JNPT_TO_CHAKAN,136.67,1.75,1.68,31.28,284.81,0,1.78,0
JNPT_TO_CHAKAN,136.67,1.75,0.7,34.99,105.07,0,2.04,0
BHIWANDI_TO_CHAKAN,156.03,1.93,2.64,57.1,37.9,0,2.2,0
JNPT_TO_BHIWANDI,67.55,0.92,1.99,58.12,13.15,0,0.97,0
MUNDRA_TO_BHIWANDI,872.85,11.64,1.56,29.98,10.5,0,13.55,0
JNPT_TO_CHAKAN,136.67,1.75,0.23,21.29,13.09,0,1.7,0
JNPT_TO_BHIWANDI,67.55,0.92,1.92,52.09,117.97,0,1.01,0
BHIWANDI_TO_CHAKAN,156.03,1.93,1.88,38.71,140.02,0,1.97,0
JNPT_TO_CHAKAN,136.67,1.75,1.37,27.81,145.03,0,1.87,0
JNPT_TO_BHIWANDI,67.55,0.92,1.3,29.4,274.58,0,0.91,0
BHIWANDI_TO_CHAKAN,156.03,1.93,5.81,45.52,17.65,0,2.06,0
CHAKAN_TO_SRIPERUMBUDUR,1094.0,13.23,1.41,53.53,78.39,0,14.99,0
BHIWANDI_TO_CHAKAN,156.03,1.93,1.01,25.67,175.7,0,1.87,0
MUNDRA_TO_BHIWANDI,872.85,11.64,1.94,44.77,176.95,0,11.92,0
BHIWANDI_TO_CHAKAN,156.03,1.93,1.51,42.06,31.91,0,2.31,0
JNPT_TO_CHAKAN,136.67,1.75,1.42,26.14,81.55,0,1.59,0
BHIWANDI_TO_CHAKAN,156.03,1.93,9.31,46.03,67.36,0,2.29,0
JNPT_TO_CHAKAN,136.67,1.75,1.47,54.44,53.01,0,2.0,0
BHIWANDI_TO_CHAKAN,156.03,1.93,1.28,50.64,30.23,0,2.08,0
MUNDRA_TO_BHIWANDI,872.85,11.64,0.36,44.33,12.89,0,11.86,0
MUNDRA_TO_BHIWANDI,872.85,11.64,1.84,13.36,124.23,0,11.98,0
CHAKAN_TO_SRIPERUMBUDUR,1094.0,13.23,1.88,25.89,49.43,0,12.73,0
JNPT_TO_BHIWANDI,67.55,0.92,1.64,19.74,60.32,0,0.99,0
MUNDRA_TO_BHIWANDI,872.85,11.64,0.36,32.83,0.03,0,13.38,0
CHAKAN_TO_SRIPERUMBUDUR,1094.0,13.23,0.59,28.85,61.28,0,15.69,0
CHAKAN_TO_SRIPERUMBUDUR,1094.0,13.23,1.35,51.26,52.01,0,15.53,0
MUNDRA_TO_BHIWANDI,872.85,11.64,1.07,35.27,91.39,0,10.84,0
BHIWANDI_TO_CHAKAN,156.03,1.93,0.72,51.0,44.85,0,2.06,0
MUNDRA_TO_BHIWANDI,872.85,11.64,0.4,41.2,48.52,0,11.46,0
MUNDRA_TO_BHIWANDI,872.85,11.64,0.51,21.9,278.56,0,11.85,0
JNPT_TO_CHAKAN,136.67,1.75,1.63,32.63,10.41,0,1.72,0
JNPT_TO_CHAKAN,136.67,1.75,0.89,40.53,85.54,0,1.82,0
CHAKAN_TO_SRIPERUMBUDUR,1094.0,13.23,0.38,53.79,123.09,0,14.36,0
MUNDRA_TO_BHIWANDI,872.85,11.64,0.32,48.43,62.26,0,10.66,0
BHIWANDI_TO_CHAKAN,156.03,1.93,0.54,49.95,81.13,0,1.8,0
MUNDRA_TO_BHIWANDI,872.85,11.64,1.01,51.08,93.26,0,11.71,0
JNPT_TO_BHIWANDI,67.55,0.92,1.5,54.56,87.5,0,0.85,0
BHIWANDI_TO_CHAKAN,156.03,1.93,5.76,45.34,331.04,0,2.64,1
MUNDRA_TO_BHIWANDI,872.85,11.64,1.83,45.1,229.98,0,12.77,0
BHIWANDI_TO_CHAKAN,156.03,1.93,21.31,39.73,11.27,0,4.22,1
CHAKAN_TO_SRIPERUMBUDUR,1094.0,13.23,1.18,20.66,48.5,0,12.28,0
JNPT_TO_CHAKAN,136.67,1.75,0.81,32.69,70.94,0,1.66,0
JNPT_TO_CHAKAN,136.67,1.75,1.23,10.15,32.48,0,1.62,0
JNPT_TO_CHAKAN,136.67,1.75,0.95,54.73,83.36,0,1.91,0
JNPT_TO_BHIWANDI,67.55,0.92,8.69,16.93,141.88,0,0.94,0
CHAKAN_TO_SRIPERUMBUDUR,1094.0,13.23,1.31,10.09,33.84,0,15.18,0
JNPT_TO_BHIWANDI,67.55,0.92,0.62,42.4,13.46,0,0.88,0
MUNDRA_TO_BHIWANDI,872.85,11.64,1.03,12.83,33.02,0,11.9,0
JNPT_TO_BHIWANDI,67.55,0.92,38.26,13.18,105.02,0,4.83,1
MUNDRA_TO_BHIWANDI,872.85,11.64,1.45,50.56,103.55,0,11.86,0
MUNDRA_TO_BHIWANDI,872.85,11.64,1.51,59.83,60.08,0,12.46,0
JNPT_TO_CHAKAN,136.67,1.75,0.2,12.73,166.72,0,1.61,0
MUNDRA_TO_BHIWANDI,872.85,11.64,1.08,16.3,66.36,0,13.27,0
MUNDRA_TO_BHIWANDI,872.85,11.64,1.25,14.01,185.74,0,13.85,0
JNPT_TO_BHIWANDI,67.55,0.92,0.16,33.88,44.09,0,0.89,0
JNPT_TO_BHIWANDI,67.55,0.92,0.12,25.58,114.25,0,1.05,0
CHAKAN_TO_SRIPERUMBUDUR,1094.0,13.23,0.61,30.67,45.71,0,14.62,0
CHAKAN_TO_SRIPERUMBUDUR,1094.0,13.23,1.28,44.69,79.69,0,12.97,0
JNPT_TO_BHIWANDI,67.55,0.92,1.48,25.29,171.6,0,0.98,0
CHAKAN_TO_SRIPERUMBUDUR,1094.0,13.23,1.81,34.77,65.71,0,13.91,0
MUNDRA_TO_BHIWANDI,872.85,11.64,0.43,35.94,113.77,0,13.12,0
BHIWANDI_TO_CHAKAN,156.03,1.93,1.28,53.83,58.36,0,2.19,0
BHIWANDI_TO_CHAKAN,156.03,1.93,0.44,26.22,51.05,0,1.99,0
CHAKAN_TO_SRIPERUMBUDUR,1094.0,13.23,0.08,26.6,92.65,0,14.16,0
JNPT_TO_BHIWANDI,67.55,0.92,0.69,11.28,17.72,0,0.98,0
CHAKAN_TO_SRIPERUMBUDUR,1094.0,13.23,0.89,49.28,4.28,0,15.67,0
JNPT_TO_BHIWANDI,67.55,0.92,1.08,18.16,88.75,0,1.01,0
CHAKAN_TO_SRIPERUMBUDUR,1094.0,13.23,0.73,10.12,58.54,0,14.33,0
BHIWANDI_TO_CHAKAN,156.03,1.93,1.69,32.33,83.63,0,2.07,0
JNPT_TO_CHAKAN,136.67,1.75,1.45,16.85,26.81,0,1.89,0
BHIWANDI_TO_CHAKAN,156.03,1.93,0.23,12.61,74.73,0,2.29,0
BHIWANDI_TO_CHAKAN,156.03,1.93,1.7,55.69,26.48,0,2.04,0
BHIWANDI_TO_CHAKAN,156.03,1.93,1.92,28.99,32.9,0,1.75,0
CHAKAN_TO_SRIPERUMBUDUR,1094.0,13.23,1.53,26.45,23.67,0,15.19,0
CHAKAN_TO_SRIPERUMBUDUR,1094.0,13.23,1.28,36.34,627.93,0,12.9,0
CHAKAN_TO_SRIPERUMBUDUR,1094.0,13.23,0.99,49.82,32.9,0,14.95,0
CHAKAN_TO_SRIPERUMBUDUR,1094.0,13.23,2.37,56.92,60.06,0,14.08,0
CHAKAN_TO_SRIPERUMBUDUR,1094.0,13.23,0.92,34.32,81.17,0,12.2,0
BHIWANDI_TO_CHAKAN,156.03,1.93,0.74,53.36,102.63,0,1.86,0
JNPT_TO_BHIWANDI,67.55,0.92,1.14,54.09,17.25,0,1.07,0
MUNDRA_TO_BHIWANDI,872.85,11.64,0.09,36.87,107.35,0,12.49,0
JNPT_TO_CHAKAN,136.67,1.75,1.76,56.56,59.32,0,1.82,0
JNPT_TO_BHIWANDI,67.55,0.92,1.0,58.74,51.35,0,0.84,0
BHIWANDI_TO_CHAKAN,156.03,1.93,27.12,56.56,73.37,0,4.6,1
BHIWANDI_TO_CHAKAN,156.03,1.93,0.65,23.94,127.09,0,2.22,0
MUNDRA_TO_BHIWANDI,872.85,11.64,5.97,54.54,174.72,0,12.43,0
JNPT_TO_CHAKAN,136.67,1.75,0.93,38.3,72.82,0,1.88,0
JNPT_TO_CHAKAN,136.67,1.75,1.74,33.81,151.02,0,1.88,0
JNPT_TO_CHAKAN,136.67,1.75,1.35,21.68,42.9,0,1.71,0
MUNDRA_TO_BHIWANDI,872.85,11.64,1.28,26.62,308.54,0,12.06,0
MUNDRA_TO_BHIWANDI,872.85,11.64,13.42,42.68,148.97,0,10.49,0
JNPT_TO_BHIWANDI,67.55,0.92,0.13,15.4,141.01,0,1.0,0
JNPT_TO_BHIWANDI,67.55,0.92,1.58,21.83,9.53,0,0.99,0
MUNDRA_TO_BHIWANDI,872.85,11.64,1.19,17.26,199.0,0,10.5,0
JNPT_TO_CHAKAN,136.67,1.75,1.51,51.24,61.09,0,1.88,0
JNPT_TO_BHIWANDI,67.55,0.92,0.32,51.08,38.38,0,1.03,0
JNPT_TO_BHIWANDI,67.55,0.92,3.28,11.51,12.84,0,0.86,0
MUNDRA_TO_BHIWANDI,872.85,11.64,0.84,13.82,187.83,0,12.22,0
BHIWANDI_TO_CHAKAN,156.03,1.93,0.24,14.06,255.78,0,1.77,0
JNPT_TO_CHAKAN,136.67,1.75,1.01,32.45,35.54,0,1.9,0
MUNDRA_TO_BHIWANDI,872.85,11.64,1.42,18.71,81.1,0,10.64,0
CHAKAN_TO_SRIPERUMBUDUR,1094.0,13.23,1.37,29.11,100.09,0,12.99,0
JNPT_TO_BHIWANDI,67.55,0.92,0.79,34.6,63.98,0,0.9,0
MUNDRA_TO_BHIWANDI,872.85,11.64,6.07,52.78,16.35,0,11.74,0
BHIWANDI_TO_CHAKAN,156.03,1.93,1.73,14.7,9.09,0,1.74,0
JNPT_TO_CHAKAN,136.67,1.75,0.44,11.87,12.83,0,1.73,0
JNPT_TO_CHAKAN,136.67,1.75,1.39,39.25,187.5,0,1.93,0
JNPT_TO_BHIWANDI,67.55,0.92,0.87,54.94,0.65,0,0.96,0
BHIWANDI_TO_CHAKAN,156.03,1.93,5.46,49.38,158.43,0,2.05,0
MUNDRA_TO_BHIWANDI,872.85,11.64,1.22,23.0,7.05,0,11.95,0
JNPT_TO_BHIWANDI,67.55,0.92,0.66,17.81,14.59,0,0.93,0
JNPT_TO_BHIWANDI,67.55,0.92,2.0,18.51,393.43,0,1.3,1
MUNDRA_TO_BHIWANDI,872.85,11.64,0.6,48.31,2.17,0,11.26,0
BHIWANDI_TO_CHAKAN,156.03,1.93,1.19,37.17,262.31,0,2.03,0
JNPT_TO_CHAKAN,136.67,1.75,6.5,44.54,139.44,0,1.89,0
MUNDRA_TO_BHIWANDI,872.85,11.64,1.49,33.41,138.14,0,13.9,0
MUNDRA_TO_BHIWANDI,872.85,11.64,1.32,42.24,351.07,0,10.98,0
MUNDRA_TO_BHIWANDI,872.85,11.64,1.86,14.78,21.02,0,12.44,0
BHIWANDI_TO_CHAKAN,156.03,1.93,1.57,31.94,262.68,0,1.93,0
JNPT_TO_CHAKAN,136.67,1.75,0.68,56.35,94.68,0,1.96,0
JNPT_TO_BHIWANDI,67.55,0.92,1.33,28.65,215.7,0,1.02,0
JNPT_TO_BHIWANDI,67.55,0.92,0.14,14.29,73.46,0,1.07,0
CHAKAN_TO_SRIPERUMBUDUR,1094.0,13.23,0.46,41.56,28.3,0,15.25,0
BHIWANDI_TO_CHAKAN,156.03,1.93,1.17,34.32,16.82,0,2.26,0
JNPT_TO_BHIWANDI,67.55,0.92,0.75,38.24,99.98,0,1.05,0
JNPT_TO_BHIWANDI,67.55,0.92,0.6,56.41,102.43,0,1.08,0
BHIWANDI_TO_CHAKAN,156.03,1.93,10.84,40.77,164.41,0,2.06,0
BHIWANDI_TO_CHAKAN,156.03,1.93,7.49,12.02,91.56,0,2.11,0
BHIWANDI_TO_CHAKAN,156.03,1.93,11.73,18.38,13.53,0,2.18,0
CHAKAN_TO_SRIPERUMBUDUR,1094.0,13.23,1.31,33.18,1.6,0,15.42,0
JNPT_TO_CHAKAN,136.67,1.75,0.73,36.78,145.8,0,2.01,0
BHIWANDI_TO_CHAKAN,156.03,1.93,1.04,10.63,27.1,0,2.11,0
BHIWANDI_TO_CHAKAN,156.03,1.93,1.85,27.87,236.16,0,2.1,0
BHIWANDI_TO_CHAKAN,156.03,1.93,15.7,23.1,134.9,0,3.5,1
CHAKAN_TO_SRIPERUMBUDUR,1094.0,13.23,1.76,11.89,178.81,0,12.93,0
MUNDRA_TO_BHIWANDI,872.85,11.64,1.88,56.84,3.96,0,12.2,0
JNPT_TO_BHIWANDI,67.55,0.92,1.72,48.92,14.02,0,1.05,0
CHAKAN_TO_SRIPERUMBUDUR,1094.0,13.23,1.71,48.72,92.8,1,22.53,1
CHAKAN_TO_SRIPERUMBUDUR,1094.0,13.23,1.23,49.48,61.1,0,15.27,0
BHIWANDI_TO_CHAKAN,156.03,1.93,1.05,15.71,30.53,0,1.94,0
JNPT_TO_CHAKAN,136.67,1.75,1.23,22.59,37.45,0,1.89,0
MUNDRA_TO_BHIWANDI,872.85,11.64,1.77,50.44,278.39,0,11.07,0
MUNDRA_TO_BHIWANDI,872.85,11.64,0.18,11.85,28.71,0,11.08,0
JNPT_TO_BHIWANDI,67.55,0.92,1.56,43.4,9.1,0,0.87,0
BHIWANDI_TO_CHAKAN,156.03,1.93,0.84,50.44,170.38,0,2.27,0
JNPT_TO_BHIWANDI,67.55,0.92,1.26,41.15,16.4,0,0.9,0
CHAKAN_TO_SRIPERUMBUDUR,1094.0,13.23,1.98,26.33,28.73,0,12.78,0
JNPT_TO_BHIWANDI,67.55,0.92,9.49,50.46,13.84,0,0.97,0
JNPT_TO_BHIWANDI,67.55,0.92,0.56,46.1,48.31,0,0.95,0
JNPT_TO_BHIWANDI,67.55,0.92,1.06,36.19,29.72,0,1.03,0
JNPT_TO_CHAKAN,136.67,1.75,0.35,45.17,153.33,0,1.82,0
JNPT_TO_CHAKAN,136.67,1.75,1.29,39.61,213.28,0,1.94,0
BHIWANDI_TO_CHAKAN,156.03,1.93,1.68,27.32,12.1,0,1.9,0
JNPT_TO_CHAKAN,136.67,1.75,0.28,56.54,107.14,0,1.86,0
JNPT_TO_BHIWANDI,67.55,0.92,4.18,16.61,14.84,0,0.95,0
JNPT_TO_CHAKAN,136.67,1.75,0.16,54.53,61.76,0,2.0,0
MUNDRA_TO_BHIWANDI,872.85,11.64,0.72,39.43,95.22,0,10.97,0
BHIWANDI_TO_CHAKAN,156.03,1.93,0.84,31.86,47.72,1,7.99,1
JNPT_TO_BHIWANDI,67.55,0.92,0.02,13.0,62.99,0,1.05,0
CHAKAN_TO_SRIPERUMBUDUR,1094.0,13.23,0.39,47.26,91.71,0,12.26,0
JNPT_TO_BHIWANDI,67.55,0.92,1.0,37.65,229.55,0,0.9,0
JNPT_TO_BHIWANDI,67.55,0.92,0.23,51.82,18.08,0,1.03,0
CHAKAN_TO_SRIPERUMBUDUR,1094.0,13.23,0.61,52.51,5.5,0,12.95,0
CHAKAN_TO_SRIPERUMBUDUR,1094.0,13.23,0.89,44.05,66.18,0,15.63,0
MUNDRA_TO_BHIWANDI,872.85,11.64,0.39,56.79,87.01,0,12.9,0
BHIWANDI_TO_CHAKAN,156.03,1.93,0.03,32.79,12.26,0,2.13,0
CHAKAN_TO_SRIPERUMBUDUR,1094.0,13.23,0.94,35.65,4.72,0,15.85,0
JNPT_TO_CHAKAN,136.67,1.75,1.41,57.84,196.08,0,1.89,0
JNPT_TO_BHIWANDI,67.55,0.92,1.62,50.24,72.59,0,0.99,0
MUNDRA_TO_BHIWANDI,872.85,11.64,0.98,30.66,16.92,0,13.82,0
JNPT_TO_CHAKAN,136.67,1.75,0.03,15.69,26.15,0,1.86,0
CHAKAN_TO_SRIPERUMBUDUR,1094.0,13.23,0.95,15.2,20.66,0,15.2,0
JNPT_TO_CHAKAN,136.67,1.75,1.06,47.19,7.3,0,2.02,0
CHAKAN_TO_SRIPERUMBUDUR,1094.0,13.23,4.57,29.38,49.52,0,13.22,0
BHIWANDI_TO_CHAKAN,156.03,1.93,6.25,51.43,142.71,0,2.26,0
MUNDRA_TO_BHIWANDI,872.85,11.64,1.8,12.49,4.67,0,13.04,0
JNPT_TO_BHIWANDI,67.55,0.92,0.37,18.36,221.79,0,1.04,0
JNPT_TO_BHIWANDI,67.55,0.92,5.62,33.25,37.1,0,0.84,0
MUNDRA_TO_BHIWANDI,872.85,11.64,1.16,50.58,104.25,0,13.56,0
JNPT_TO_BHIWANDI,67.55,0.92,1.82,56.93,3.39,0,0.98,0
BHIWANDI_TO_CHAKAN,156.03,1.93,1.09,59.15,47.58,0,1.88,0
CHAKAN_TO_SRIPERUMBUDUR,1094.0,13.23,1.49,46.08,47.27,0,14.46,0
CHAKAN_TO_SRIPERUMBUDUR,1094.0,13.23,1.32,19.12,15.38,0,12.72,0
JNPT_TO_CHAKAN,136.67,1.75,1.15,49.29,26.46,0,1.7,0
MUNDRA_TO_BHIWANDI,872.85,11.64,1.43,49.97,307.24,1,21.55,1
BHIWANDI_TO_CHAKAN,156.03,1.93,0.9,28.83,68.32,0,1.83,0
MUNDRA_TO_BHIWANDI,872.85,11.64,0.29,52.48,158.4,0,10.88,0
BHIWANDI_TO_CHAKAN,156.03,1.93,1.69,55.31,182.46,0,2.28,0
BHIWANDI_TO_CHAKAN,156.03,1.93,0.72,17.79,19.25,0,2.29,0
BHIWANDI_TO_CHAKAN,156.03,1.93,1.31,56.8,256.22,0,2.05,0
CHAKAN_TO_SRIPERUMBUDUR,1094.0,13.23,1.35,24.64,61.24,0,13.95,0
CHAKAN_TO_SRIPERUMBUDUR,1094.0,13.23,6.19,36.92,84.47,0,12.88,0
CHAKAN_TO_SRIPERUMBUDUR,1094.0,13.23,0.69,44.74,9.08,0,12.72,0
JNPT_TO_CHAKAN,136.67,1.75,0.09,21.49,22.76,0,1.73,0
MUNDRA_TO_BHIWANDI,872.85,11.64,0.1,18.1,19.79,0,11.88,0
JNPT_TO_CHAKAN,136.67,1.75,3.31,13.67,24.35,0,1.74,0
JNPT_TO_BHIWANDI,67.55,0.92,3.02,13.07,248.55,0,0.94,0
JNPT_TO_CHAKAN,136.67,1.75,0.42,46.48,244.73,0,2.08,0
JNPT_TO_BHIWANDI,67.55,0.92,0.75,47.64,67.78,0,0.94,0
MUNDRA_TO_BHIWANDI,872.85,11.64,1.78,42.19,121.4,0,12.63,0
JNPT_TO_BHIWANDI,67.55,0.92,0.6,55.12,90.07,0,0.95,0
CHAKAN_TO_SRIPERUMBUDUR,1094.0,13.23,1.4,53.78,106.87,0,13.69,0
MUNDRA_TO_BHIWANDI,872.85,11.64,1.44,33.25,150.63,0,13.81,0
CHAKAN_TO_SRIPERUMBUDUR,1094.0,13.23,0.26,48.86,0.34,0,11.99,0
BHIWANDI_TO_CHAKAN,156.03,1.93,0.68,38.62,83.55,0,1.84,0
CHAKAN_TO_SRIPERUMBUDUR,1094.0,13.23,1.88,53.64,53.98,0,14.7,0
JNPT_TO_BHIWANDI,67.55,0.92,8.71,49.07,21.76,0,0.92,0
JNPT_TO_BHIWANDI,67.55,0.92,0.23,43.35,4.06,0,0.96,0
MUNDRA_TO_BHIWANDI,872.85,11.64,0.84,41.97,18.16,0,13.91,0
BHIWANDI_TO_CHAKAN,156.03,1.93,1.43,51.95,33.67,0,2.11,0
JNPT_TO_CHAKAN,136.67,1.75,1.24,35.29,76.38,0,1.95,0
MUNDRA_TO_BHIWANDI,872.85,11.64,1.75,16.82,36.72,0,12.03,0
JNPT_TO_CHAKAN,136.67,1.75,4.95,19.36,188.13,0,2.0,0
CHAKAN_TO_SRIPERUMBUDUR,1094.0,13.23,0.02,49.73,97.89,0,12.38,0
CHAKAN_TO_SRIPERUMBUDUR,1094.0,13.23,0.36,20.31,68.85,0,13.02,0
JNPT_TO_CHAKAN,136.67,1.75,1.25,28.49,99.62,0,2.03,0
BHIWANDI_TO_CHAKAN,156.03,1.93,0.05,23.21,225.13,0,2.18,0
JNPT_TO_CHAKAN,136.67,1.75,1.59,45.04,243.73,0,1.6,0
JNPT_TO_CHAKAN,136.67,1.75,2.04,26.9,315.31,0,2.37,1
CHAKAN_TO_SRIPERUMBUDUR,1094.0,13.23,0.11,51.75,48.31,0,14.08,0
JNPT_TO_CHAKAN,136.67,1.75,0.58,17.2,152.44,0,1.96,0
CHAKAN_TO_SRIPERUMBUDUR,1094.0,13.23,6.11,41.12,84.53,0,12.51,0
JNPT_TO_BHIWANDI,67.55,0.92,1.29,29.92,162.71,0,0.84,0
JNPT_TO_CHAKAN,136.67,1.75,0.65,49.56,41.2,0,1.72,0
JNPT_TO_BHIWANDI,67.55,0.92,1.16,29.36,64.56,0,1.03,0
JNPT_TO_CHAKAN,136.67,1.75,1.03,41.84,14.6,0,2.04,0
BHIWANDI_TO_CHAKAN,156.03,1.93,1.25,49.46,240.47,0,1.88,0
JNPT_TO_BHIWANDI,67.55,0.92,1.12,15.14,142.17,0,1.03,0
JNPT_TO_BHIWANDI,67.55,0.92,1.43,35.29,30.86,0,0.92,0
MUNDRA_TO_BHIWANDI,872.85,11.64,6.0,27.24,88.43,0,13.41,0
MUNDRA_TO_BHIWANDI,872.85,11.64,1.84,17.33,200.35,0,11.75,0
JNPT_TO_CHAKAN,136.67,1.75,1.57,15.19,69.08,0,1.92,0
JNPT_TO_BHIWANDI,67.55,0.92,0.39,37.7,21.64,0,0.95,0
JNPT_TO_CHAKAN,136.67,1.75,1.21,27.99,83.46,0,2.09,0
JNPT_TO_BHIWANDI,67.55,0.92,1.41,57.4,156.63,0,0.97,0
JNPT_TO_CHAKAN,136.67,1.75,1.69,43.14,68.17,0,1.59,0
MUNDRA_TO_BHIWANDI,872.85,11.64,3.62,56.29,275.51,0,11.07,0
JNPT_TO_CHAKAN,136.67,1.75,1.63,24.9,12.81,0,2.08,0
CHAKAN_TO_SRIPERUMBUDUR,1094.0,13.23,0.53,19.74,137.89,0,15.38,0
JNPT_TO_BHIWANDI,67.55,0.92,0.14,32.39,86.17,0,1.0,0
JNPT_TO_CHAKAN,136.67,1.75,0.43,37.05,89.22,0,1.81,0
JNPT_TO_CHAKAN,136.67,1.75,0.02,43.31,35.76,0,1.83,0
CHAKAN_TO_SRIPERUMBUDUR,1094.0,13.23,1.65,28.45,16.11,0,12.87,0
JNPT_TO_BHIWANDI,67.55,0.92,1.55,31.83,202.81,0,0.84,0
MUNDRA_TO_BHIWANDI,872.85,11.64,0.11,28.3,14.89,0,13.66,0
BHIWANDI_TO_CHAKAN,156.03,1.93,0.36,50.5,39.95,0,1.92,0
JNPT_TO_BHIWANDI,67.55,0.92,12.16,44.07,65.56,0,1.03,0
CHAKAN_TO_SRIPERUMBUDUR,1094.0,13.23,5.27,56.95,17.1,0,12.66,0
JNPT_TO_BHIWANDI,67.55,0.92,1.37,57.98,160.1,0,1.03,0
MUNDRA_TO_BHIWANDI,872.85,11.64,1.91,58.35,106.44,0,11.05,0
MUNDRA_TO_BHIWANDI,872.85,11.64,0.41,56.86,173.93,0,11.63,0
JNPT_TO_CHAKAN,136.67,1.75,0.4,45.94,29.84,0,1.74,0
BHIWANDI_TO_CHAKAN,156.03,1.93,1.58,33.28,119.27,0,1.75,0
JNPT_TO_BHIWANDI,67.55,0.92,1.29,41.33,41.62,0,0.94,0
MUNDRA_TO_BHIWANDI,872.85,11.64,1.58,28.87,298.6,0,11.51,0
JNPT_TO_BHIWANDI,67.55,0.92,0.48,32.89,25.3,0,1.1,0
CHAKAN_TO_SRIPERUMBUDUR,1094.0,13.23,0.09,34.32,109.46,0,13.56,0
CHAKAN_TO_SRIPERUMBUDUR,1094.0,13.23,1.12,41.04,1.61,0,12.49,0
MUNDRA_TO_BHIWANDI,872.85,11.64,1.11,36.36,207.44,0,11.31,0
CHAKAN_TO_SRIPERUMBUDUR,1094.0,13.23,1.2,23.91,32.31,0,15.6,0
BHIWANDI_TO_CHAKAN,156.03,1.93,0.71,45.04,389.79,0,2.39,0
MUNDRA_TO_BHIWANDI,872.85,11.64,1.45,27.16,162.46,0,12.05,0
CHAKAN_TO_SRIPERUMBUDUR,1094.0,13.23,1.1,32.87,222.13,0,12.16,0
JNPT_TO_BHIWANDI,67.55,0.92,0.09,15.16,40.71,0,0.87,0
BHIWANDI_TO_CHAKAN,156.03,1.93,1.26,51.43,216.22,0,2.04,0
JNPT_TO_CHAKAN,136.67,1.75,1.05,26.5,86.77,0,1.97,0
JNPT_TO_CHAKAN,136.67,1.75,1.27,10.65,276.43,0,1.96,0
MUNDRA_TO_BHIWANDI,872.85,11.64,6.31,29.86,84.14,0,11.19,0
MUNDRA_TO_BHIWANDI,872.85,11.64,1.66,45.6,190.79,0,11.13,0
JNPT_TO_CHAKAN,136.67,1.75,0.9,37.53,121.74,0,1.74,0
JNPT_TO_CHAKAN,136.67,1.75,1.22,55.59,18.05,0,1.86,0
JNPT_TO_CHAKAN,136.67,1.75,0.23,22.65,26.2,0,1.73,0
BHIWANDI_TO_CHAKAN,156.03,1.93,1.2,34.34,42.53,0,1.78,0
JNPT_TO_BHIWANDI,67.55,0.92,0.82,10.99,40.74,0,0.95,0
JNPT_TO_CHAKAN,136.67,1.75,0.63,37.53,18.48,0,1.91,0
CHAKAN_TO_SRIPERUMBUDUR,1094.0,13.23,0.67,52.36,309.56,0,15.58,0
BHIWANDI_TO_CHAKAN,156.03,1.93,1.76,19.05,403.33,0,2.68,1
BHIWANDI_TO_CHAKAN,156.03,1.93,0.46,55.96,233.31,0,1.76,0
JNPT_TO_CHAKAN,136.67,1.75,0.87,16.62,52.47,0,1.77,0
JNPT_TO_BHIWANDI,67.55,0.92,0.62,42.12,29.71,0,0.99,0
BHIWANDI_TO_CHAKAN,156.03,1.93,1.23,33.9,71.31,0,2.03,0
JNPT_TO_CHAKAN,136.67,1.75,0.07,11.49,177.96,0,1.97,0
JNPT_TO_BHIWANDI,67.55,0.92,1.19,52.36,131.66,0,1.07,0
JNPT_TO_BHIWANDI,67.55,0.92,0.87,12.58,417.07,0,1.25,1
JNPT_TO_BHIWANDI,67.55,0.92,1.38,54.39,160.97,0,1.02,0
MUNDRA_TO_BHIWANDI,872.85,11.64,1.23,26.35,80.74,0,12.54,0
BHIWANDI_TO_CHAKAN,156.03,1.93,1.05,59.53,131.53,0,1.81,0
MUNDRA_TO_BHIWANDI,872.85,11.64,0.58,26.11,35.32,0,12.36,0
CHAKAN_TO_SRIPERUMBUDUR,1094.0,13.23,0.9,10.99,151.38,0,15.32,0
MUNDRA_TO_BHIWANDI,872.85,11.64,0.87,12.51,244.15,0,11.88,0
MUNDRA_TO_BHIWANDI,872.85,11.64,1.18,39.77,99.59,0,11.87,0
BHIWANDI_TO_CHAKAN,156.03,1.93,1.0,53.75,32.14,0,1.77,0
MUNDRA_TO_BHIWANDI,872.85,11.64,0.54,25.65,120.91,0,12.72,0
JNPT_TO_CHAKAN,136.67,1.75,0.95,10.31,91.16,0,2.08,0
JNPT_TO_CHAKAN,136.67,1.75,3.31,45.43,24.35,0,1.91,0
MUNDRA_TO_BHIWANDI,872.85,11.64,1.65,19.37,116.54,0,13.27,0
MUNDRA_TO_BHIWANDI,872.85,11.64,1.66,54.2,0.57,0,13.55,0
JNPT_TO_BHIWANDI,67.55,0.92,1.14,43.24,144.61,0,0.89,0
BHIWANDI_TO_CHAKAN,156.03,1.93,0.0,27.85,114.01,0,1.87,0
JNPT_TO_BHIWANDI,67.55,0.92,1.72,10.45,35.96,0,0.98,0
CHAKAN_TO_SRIPERUMBUDUR,1094.0,13.23,0.07,12.53,281.05,0,13.43,0
MUNDRA_TO_BHIWANDI,872.85,11.64,0.08,15.33,192.87,0,13.48,0
JNPT_TO_BHIWANDI,67.55,0.92,0.08,44.01,107.25,0,1.04,0
JNPT_TO_CHAKAN,136.67,1.75,1.87,50.91,41.68,0,1.94,0
CHAKAN_TO_SRIPERUMBUDUR,1094.0,13.23,1.21,16.76,24.64,0,12.68,0
JNPT_TO_CHAKAN,136.67,1.75,0.7,38.46,219.05,0,1.61,0
CHAKAN_TO_SRIPERUMBUDUR,1094.0,13.23,1.37,51.75,316.19,0,14.79,0
JNPT_TO_BHIWANDI,67.55,0.92,0.23,21.68,99.23,0,0.86,0
JNPT_TO_BHIWANDI,67.55,0.92,4.76,45.93,67.43,0,0.95,0
JNPT_TO_CHAKAN,136.67,1.75,0.25,55.69,272.15,0,1.58,0
MUNDRA_TO_BHIWANDI,872.85,11.64,0.25,25.28,47.56,0,10.99,0
BHIWANDI_TO_CHAKAN,156.03,1.93,1.86,30.8,89.75,0,1.81,0
MUNDRA_TO_BHIWANDI,872.85,11.64,1.95,46.87,99.8,0,12.37,0
BHIWANDI_TO_CHAKAN,156.03,1.93,1.63,15.7,145.62,0,1.79,0
CHAKAN_TO_SRIPERUMBUDUR,1094.0,13.23,1.71,52.5,191.49,0,15.08,0
BHIWANDI_TO_CHAKAN,156.03,1.93,1.66,29.71,9.47,0,1.93,0
JNPT_TO_BHIWANDI,67.55,0.92,0.9,20.17,115.6,0,1.09,0
CHAKAN_TO_SRIPERUMBUDUR,1094.0,13.23,0.44,12.54,36.81,0,15.04,0
BHIWANDI_TO_CHAKAN,156.03,1.93,1.58,40.05,26.34,0,2.3,0
JNPT_TO_BHIWANDI,67.55,0.92,1.98,53.19,52.27,0,0.99,0
MUNDRA_TO_BHIWANDI,872.85,11.64,0.58,40.75,11.86,0,12.74,0
JNPT_TO_CHAKAN,136.67,1.75,0.91,43.9,134.05,0,1.81,0
BHIWANDI_TO_CHAKAN,156.03,1.93,2.55,12.66,220.36,0,1.86,0
JNPT_TO_CHAKAN,136.67,1.75,0.96,24.87,268.36,0,1.94,0
MUNDRA_TO_BHIWANDI,872.85,11.64,1.22,30.71,86.1,0,11.91,0
CHAKAN_TO_SRIPERUMBUDUR,1094.0,13.23,15.88,52.96,16.87,0,13.69,0
JNPT_TO_CHAKAN,136.67,1.75,1.66,18.55,51.03,0,1.59,0
CHAKAN_TO_SRIPERUMBUDUR,1094.0,13.23,1.77,18.06,6.3,0,15.5,0
MUNDRA_TO_BHIWANDI,872.85,11.64,1.59,43.67,166.3,0,11.7,0
JNPT_TO_BHIWANDI,67.55,0.92,0.14,46.65,41.44,0,0.93,0
CHAKAN_TO_SRIPERUMBUDUR,1094.0,13.23,1.96,20.02,136.53,0,12.55,0
JNPT_TO_CHAKAN,136.67,1.75,1.55,14.55,80.75,0,2.0,0
JNPT_TO_CHAKAN,136.67,1.75,1.81,22.13,92.55,0,2.08,0
JNPT_TO_CHAKAN,136.67,1.75,1.01,59.72,48.88,0,1.78,0
MUNDRA_TO_BHIWANDI,872.85,11.64,1.44,56.78,3.31,0,13.26,0
CHAKAN_TO_SRIPERUMBUDUR,1094.0,13.23,1.93,26.98,68.62,0,12.95,0
JNPT_TO_BHIWANDI,67.55,0.92,1.02,29.84,23.45,0,1.0,0
BHIWANDI_TO_CHAKAN,156.03,1.93,3.32,44.24,21.5,0,1.82,0
CHAKAN_TO_SRIPERUMBUDUR,1094.0,13.23,4.9,45.98,81.39,0,15.09,0
JNPT_TO_BHIWANDI,67.55,0.92,2.01,29.97,40.23,0,0.91,0
CHAKAN_TO_SRIPERUMBUDUR,1094.0,13.23,1.42,13.37,12.72,0,14.43,0
MUNDRA_TO_BHIWANDI,872.85,11.64,1.29,53.0,129.77,0,10.91,0
JNPT_TO_BHIWANDI,67.55,0.92,10.92,14.57,10.3,0,0.97,0
BHIWANDI_TO_CHAKAN,156.03,1.93,0.42,34.62,3.13,0,1.91,0
JNPT_TO_CHAKAN,136.67,1.75,1.43,52.91,75.7,0,2.09,0
JNPT_TO_CHAKAN,136.67,1.75,2.83,15.71,34.74,0,1.69,0
JNPT_TO_BHIWANDI,67.55,0.92,1.23,23.44,203.52,0,0.98,0
CHAKAN_TO_SRIPERUMBUDUR,1094.0,13.23,0.82,55.86,125.35,0,15.5,0
JNPT_TO_BHIWANDI,67.55,0.92,0.15,57.69,76.05,0,1.06,0
BHIWANDI_TO_CHAKAN,156.03,1.93,0.17,13.91,30.7,0,2.28,0
JNPT_TO_CHAKAN,136.67,1.75,1.5,55.81,36.95,0,1.6,0
CHAKAN_TO_SRIPERUMBUDUR,1094.0,13.23,8.8,12.97,44.74,0,12.21,0
CHAKAN_TO_SRIPERUMBUDUR,1094.0,13.23,3.73,14.69,236.55,0,14.78,0
MUNDRA_TO_BHIWANDI,872.85,11.64,9.18,31.64,469.93,0,14.33,0
CHAKAN_TO_SRIPERUMBUDUR,1094.0,13.23,1.62,54.84,26.91,0,15.25,0
JNPT_TO_CHAKAN,136.67,1.75,1.98,39.46,80.24,0,1.87,0
MUNDRA_TO_BHIWANDI,872.85,11.64,0.76,30.94,66.58,0,13.28,0
MUNDRA_TO_BHIWANDI,872.85,11.64,1.66,12.07,227.02,0,13.84,0
CHAKAN_TO_SRIPERUMBUDUR,1094.0,13.23,0.75,16.89,23.14,0,12.36,0
CHAKAN_TO_SRIPERUMBUDUR,1094.0,13.23,5.8,10.33,138.72,0,15.0,0
MUNDRA_TO_BHIWANDI,872.85,11.64,4.72,10.23,12.49,0,12.99,0
BHIWANDI_TO_CHAKAN,156.03,1.93,1.84,21.49,113.28,0,2.11,0
CHAKAN_TO_SRIPERUMBUDUR,1094.0,13.23,0.33,10.57,219.94,0,12.34,0
CHAKAN_TO_SRIPERUMBUDUR,1094.0,13.23,1.25,24.82,42.25,0,14.31,0
CHAKAN_TO_SRIPERUMBUDUR,1094.0,13.23,1.16,15.62,4.26,0,15.27,0
CHAKAN_TO_SRIPERUMBUDUR,1094.0,13.23,1.18,49.64,35.79,1,17.36,1
BHIWANDI_TO_CHAKAN,156.03,1.93,0.18,40.94,52.4,0,2.31,0
CHAKAN_TO_SRIPERUMBUDUR,1094.0,13.23,1.75,47.01,47.43,0,12.39,0
JNPT_TO_BHIWANDI,67.55,0.92,0.93,18.67,274.97,0,1.09,0
CHAKAN_TO_SRIPERUMBUDUR,1094.0,13.23,0.53,36.12,5.18,0,15.23,0
JNPT_TO_CHAKAN,136.67,1.75,0.47,20.66,8.47,0,1.91,0
MUNDRA_TO_BHIWANDI,872.85,11.64,1.5,17.57,74.1,0,12.6,0
CHAKAN_TO_SRIPERUMBUDUR,1094.0,13.23,0.21,18.61,47.19,0,15.59,0
JNPT_TO_CHAKAN,136.67,1.75,1.27,35.55,16.56,0,1.87,0
MUNDRA_TO_BHIWANDI,872.85,11.64,1.4,37.59,87.58,0,13.29,0
CHAKAN_TO_SRIPERUMBUDUR,1094.0,13.23,1.41,55.66,58.47,0,13.15,0
MUNDRA_TO_BHIWANDI,872.85,11.64,1.4,33.92,155.31,0,12.01,0
CHAKAN_TO_SRIPERUMBUDUR,1094.0,13.23,0.64,45.54,85.45,0,14.08,0
BHIWANDI_TO_CHAKAN,156.03,1.93,1.5,14.08,58.54,0,2.08,0
MUNDRA_TO_BHIWANDI,872.85,11.64,8.13,42.82,16.23,0,11.15,0
MUNDRA_TO_BHIWANDI,872.85,11.64,0.82,26.06,51.12,1,15.51,1
BHIWANDI_TO_CHAKAN,156.03,1.93,9.4,16.39,63.57,0,2.31,0
JNPT_TO_CHAKAN,136.67,1.75,0.43,12.18,247.56,0,1.95,0
BHIWANDI_TO_CHAKAN,156.03,1.93,0.0,58.94,201.28,0,2.09,0
BHIWANDI_TO_CHAKAN,156.03,1.93,1.03,13.86,47.73,0,1.81,0
JNPT_TO_CHAKAN,136.67,1.75,2.52,16.15,90.46,0,1.78,0
JNPT_TO_BHIWANDI,67.55,0.92,1.24,54.05,77.29,0,0.97,0
BHIWANDI_TO_CHAKAN,156.03,1.93,0.42,17.77,162.54,1,6.06,1
MUNDRA_TO_BHIWANDI,872.85,11.64,1.56,46.51,47.17,0,11.35,0
CHAKAN_TO_SRIPERUMBUDUR,1094.0,13.23,0.57,52.22,92.71,0,12.58,0
JNPT_TO_CHAKAN,136.67,1.75,1.99,12.48,194.43,0,1.98,0
MUNDRA_TO_BHIWANDI,872.85,11.64,1.56,36.99,131.58,0,11.08,0
MUNDRA_TO_BHIWANDI,872.85,11.64,0.95,52.49,376.13,0,13.11,0
JNPT_TO_BHIWANDI,67.55,0.92,1.77,51.87,193.12,0,0.89,0
CHAKAN_TO_SRIPERUMBUDUR,1094.0,13.23,37.22,45.07,60.23,0,18.74,1
JNPT_TO_CHAKAN,136.67,1.75,0.13,29.08,17.77,0,2.05,0
JNPT_TO_CHAKAN,136.67,1.75,1.93,18.41,14.22,0,1.73,0
JNPT_TO_CHAKAN,136.67,1.75,1.49,35.93,120.3,0,1.58,0
JNPT_TO_CHAKAN,136.67,1.75,0.72,55.47,150.76,0,2.1,0
MUNDRA_TO_BHIWANDI,872.85,11.64,1.19,20.65,113.25,0,13.79,0
CHAKAN_TO_SRIPERUMBUDUR,1094.0,13.23,0.74,22.34,3.65,0,13.09,0
CHAKAN_TO_SRIPERUMBUDUR,1094.0,13.23,3.85,35.84,70.37,0,14.5,0
MUNDRA_TO_BHIWANDI,872.85,11.64,4.36,37.25,6.32,0,12.57,0
JNPT_TO_CHAKAN,136.67,1.75,1.59,16.33,132.98,0,1.78,0
JNPT_TO_BHIWANDI,67.55,0.92,1.23,18.75,67.62,0,1.1,0
BHIWANDI_TO_CHAKAN,156.03,1.93,0.58,59.92,61.08,0,1.85,0
MUNDRA_TO_BHIWANDI,872.85,11.64,4.92,44.74,10.09,0,10.83,0
JNPT_TO_BHIWANDI,67.55,0.92,1.66,19.92,161.8,0,0.9,0
JNPT_TO_CHAKAN,136.67,1.75,0.86,37.23,250.08,0,1.59,0
BHIWANDI_TO_CHAKAN,156.03,1.93,0.74,46.4,138.74,0,2.16,0
MUNDRA_TO_BHIWANDI,872.85,11.64,0.52,16.57,133.6,0,11.91,0
JNPT_TO_CHAKAN,136.67,1.75,12.63,53.72,300.97,0,2.23,1
BHIWANDI_TO_CHAKAN,156.03,1.93,2.89,13.75,25.45,0,1.85,0
CHAKAN_TO_SRIPERUMBUDUR,1094.0,13.23,5.94,27.38,16.28,0,15.06,0
MUNDRA_TO_BHIWANDI,872.85,11.64,1.3,14.42,114.49,0,12.08,0
JNPT_TO_CHAKAN,136.67,1.75,0.75,55.01,89.83,0,1.72,0
MUNDRA_TO_BHIWANDI,872.85,11.64,2.09,38.71,30.5,0,13.4,0
MUNDRA_TO_BHIWANDI,872.85,11.64,0.78,25.1,142.57,0,13.63,0
MUNDRA_TO_BHIWANDI,872.85,11.64,0.77,58.63,122.55,0,12.23,0
JNPT_TO_BHIWANDI,67.55,0.92,1.18,17.15,100.84,0,1.08,0
JNPT_TO_CHAKAN,136.67,1.75,0.05,44.52,99.41,0,2.04,0
JNPT_TO_BHIWANDI,67.55,0.92,0.05,42.98,29.57,0,0.91,0
JNPT_TO_BHIWANDI,67.55,0.92,0.81,59.52,49.8,0,1.02,0
MUNDRA_TO_BHIWANDI,872.85,11.64,1.84,21.34,59.03,0,10.99,0
JNPT_TO_BHIWANDI,67.55,0.92,2.0,24.81,48.63,0,0.92,0
MUNDRA_TO_BHIWANDI,872.85,11.64,1.56,30.1,41.36,0,12.82,0
CHAKAN_TO_SRIPERUMBUDUR,1094.0,13.23,0.99,10.8,11.51,0,15.3,0
CHAKAN_TO_SRIPERUMBUDUR,1094.0,13.23,0.57,49.19,24.66,0,15.79,0
JNPT_TO_CHAKAN,136.67,1.75,2.29,28.97,45.73,0,1.79,0
MUNDRA_TO_BHIWANDI,872.85,11.64,1.18,54.29,128.57,0,13.0,0
BHIWANDI_TO_CHAKAN,156.03,1.93,1.15,14.54,4.23,0,1.8,0
BHIWANDI_TO_CHAKAN,156.03,1.93,1.55,41.3,0.08,0,2.2,0
CHAKAN_TO_SRIPERUMBUDUR,1094.0,13.23,0.3,11.89,127.22,0,12.21,0
MUNDRA_TO_BHIWANDI,872.85,11.64,0.83,24.46,56.85,0,10.86,0
CHAKAN_TO_SRIPERUMBUDUR,1094.0,13.23,1.72,31.68,8.77,0,13.8,0
JNPT_TO_CHAKAN,136.67,1.75,2.63,14.71,29.72,0,1.66,0
CHAKAN_TO_SRIPERUMBUDUR,1094.0,13.23,1.88,39.08,413.59,0,12.78,0
MUNDRA_TO_BHIWANDI,872.85,11.64,1.26,31.87,124.05,0,13.24,0
CHAKAN_TO_SRIPERUMBUDUR,1094.0,13.23,1.25,28.98,27.07,0,14.58,0
JNPT_TO_CHAKAN,136.67,1.75,0.81,48.54,71.49,0,1.77,0
BHIWANDI_TO_CHAKAN,156.03,1.93,1.91,19.44,115.55,0,1.79,0
BHIWANDI_TO_CHAKAN,156.03,1.93,1.17,13.25,204.36,0,1.99,0
MUNDRA_TO_BHIWANDI,872.85,11.64,1.86,52.56,26.64,0,11.35,0
JNPT_TO_CHAKAN,136.67,1.75,3.03,55.83,33.71,0,1.64,0
MUNDRA_TO_BHIWANDI,872.85,11.64,1.68,31.28,308.22,0,11.27,0
MUNDRA_TO_BHIWANDI,872.85,11.64,0.48,34.4,513.45,0,13.36,0
CHAKAN_TO_SRIPERUMBUDUR,1094.0,13.23,0.38,36.99,41.14,0,12.23,0
JNPT_TO_BHIWANDI,67.55,0.92,0.59,31.31,11.02,0,1.02,0
MUNDRA_TO_BHIWANDI,872.85,11.64,0.06,15.07,155.23,0,12.41,0
CHAKAN_TO_SRIPERUMBUDUR,1094.0,13.23,1.85,14.6,208.49,0,14.54,0
MUNDRA_TO_BHIWANDI,872.85,11.64,1.12,37.27,151.56,0,10.5,0
JNPT_TO_CHAKAN,136.67,1.75,0.61,41.43,37.49,0,2.04,0
JNPT_TO_CHAKAN,136.67,1.75,1.5,20.72,536.64,0,2.44,1
JNPT_TO_CHAKAN,136.67,1.75,1.74,55.68,18.83,0,1.76,0
CHAKAN_TO_SRIPERUMBUDUR,1094.0,13.23,0.98,15.41,69.37,0,13.64,0
BHIWANDI_TO_CHAKAN,156.03,1.93,9.53,29.98,197.84,0,1.87,0
JNPT_TO_CHAKAN,136.67,1.75,1.18,15.4,432.14,0,2.17,0
BHIWANDI_TO_CHAKAN,156.03,1.93,1.03,54.42,76.58,0,2.11,0
CHAKAN_TO_SRIPERUMBUDUR,1094.0,13.23,1.24,19.43,5.52,0,15.42,0
BHIWANDI_TO_CHAKAN,156.03,1.93,1.74,29.16,520.16,0,2.44,1
CHAKAN_TO_SRIPERUMBUDUR,1094.0,13.23,1.42,11.88,92.92,0,12.02,0
MUNDRA_TO_BHIWANDI,872.85,11.64,1.65,51.44,78.07,0,11.68,0
CHAKAN_TO_SRIPERUMBUDUR,1094.0,13.23,0.22,14.6,79.51,0,12.33,0
MUNDRA_TO_BHIWANDI,872.85,11.64,4.57,21.21,237.31,0,10.63,0
JNPT_TO_CHAKAN,136.67,1.75,0.78,49.32,54.7,0,1.61,0
CHAKAN_TO_SRIPERUMBUDUR,1094.0,13.23,0.06,39.74,34.17,0,13.01,0
MUNDRA_TO_BHIWANDI,872.85,11.64,0.9,20.06,31.05,0,13.15,0
MUNDRA_TO_BHIWANDI,872.85,11.64,1.63,48.22,159.15,0,13.39,0
BHIWANDI_TO_CHAKAN,156.03,1.93,1.05,28.62,227.5,0,1.85,0
CHAKAN_TO_SRIPERUMBUDUR,1094.0,13.23,1.01,23.27,328.41,0,15.33,0
MUNDRA_TO_BHIWANDI,872.85,11.64,0.6,35.82,166.94,0,12.74,0
JNPT_TO_BHIWANDI,67.55,0.92,0.37,14.62,53.91,0,0.9,0
JNPT_TO_BHIWANDI,67.55,0.92,0.85,51.59,14.57,0,1.08,0
BHIWANDI_TO_CHAKAN,156.03,1.93,1.44,37.12,77.14,0,1.78,0
JNPT_TO_BHIWANDI,67.55,0.92,1.04,54.36,11.26,0,1.07,0
CHAKAN_TO_SRIPERUMBUDUR,1094.0,13.23,1.82,27.2,0.75,0,15.69,0
JNPT_TO_BHIWANDI,67.55,0.92,1.59,10.85,177.41,0,0.93,0
BHIWANDI_TO_CHAKAN,156.03,1.93,1.71,28.99,9.34,0,2.22,0
BHIWANDI_TO_CHAKAN,156.03,1.93,1.2,58.49,158.1,0,1.85,0
MUNDRA_TO_BHIWANDI,872.85,11.64,1.67,48.63,82.52,0,12.4,0
BHIWANDI_TO_CHAKAN,156.03,1.93,2.85,22.16,144.37,0,1.84,0
JNPT_TO_CHAKAN,136.67,1.75,1.61,39.21,248.35,0,1.59,0
JNPT_TO_CHAKAN,136.67,1.75,2.3,56.59,123.54,0,1.68,0
MUNDRA_TO_BHIWANDI,872.85,11.64,1.76,35.66,120.43,0,12.83,0
BHIWANDI_TO_CHAKAN,156.03,1.93,0.84,34.67,91.67,0,2.18,0
CHAKAN_TO_SRIPERUMBUDUR,1094.0,13.23,0.73,50.27,28.74,0,14.81,0
MUNDRA_TO_BHIWANDI,872.85,11.64,1.68,22.18,31.3,0,12.94,0
MUNDRA_TO_BHIWANDI,872.85,11.64,1.66,37.84,619.98,0,12.37,0
JNPT_TO_CHAKAN,136.67,1.75,0.35,16.11,43.03,0,1.66,0
BHIWANDI_TO_CHAKAN,156.03,1.93,1.47,19.01,28.07,0,2.1,0
JNPT_TO_CHAKAN,136.67,1.75,1.45,38.94,191.72,0,1.94,0
CHAKAN_TO_SRIPERUMBUDUR,1094.0,13.23,1.26,50.0,148.8,0,13.75,0
BHIWANDI_TO_CHAKAN,156.03,1.93,1.54,24.03,46.37,0,2.25,0
MUNDRA_TO_BHIWANDI,872.85,11.64,0.51,28.09,171.53,0,12.33,0
JNPT_TO_BHIWANDI,67.55,0.92,0.97,25.1,64.95,0,0.88,0
MUNDRA_TO_BHIWANDI,872.85,11.64,0.47,46.98,57.89,0,12.81,0
MUNDRA_TO_BHIWANDI,872.85,11.64,7.59,10.76,21.9,0,12.12,0
MUNDRA_TO_BHIWANDI,872.85,11.64,1.39,37.66,144.16,0,11.36,0
JNPT_TO_CHAKAN,136.67,1.75,2.5,39.34,39.04,0,1.63,0
JNPT_TO_BHIWANDI,67.55,0.92,1.6,26.31,19.78,0,0.85,0
CHAKAN_TO_SRIPERUMBUDUR,1094.0,13.23,0.4,30.86,93.33,0,15.22,0
CHAKAN_TO_SRIPERUMBUDUR,1094.0,13.23,0.62,44.2,215.93,0,13.38,0
JNPT_TO_BHIWANDI,67.55,0.92,11.17,25.27,95.05,0,0.88,0
JNPT_TO_BHIWANDI,67.55,0.92,0.2,47.96,108.66,0,0.93,0
BHIWANDI_TO_CHAKAN,156.03,1.93,0.35,26.92,11.93,0,2.0,0
MUNDRA_TO_BHIWANDI,872.85,11.64,0.0,21.11,6.75,0,13.24,0
MUNDRA_TO_BHIWANDI,872.85,11.64,0.49,37.24,22.36,0,10.69,0
BHIWANDI_TO_CHAKAN,156.03,1.93,0.42,16.72,180.2,0,2.26,0
MUNDRA_TO_BHIWANDI,872.85,11.64,0.48,48.89,110.33,0,12.77,0
MUNDRA_TO_BHIWANDI,872.85,11.64,0.28,33.43,9.94,0,11.6,0
BHIWANDI_TO_CHAKAN,156.03,1.93,1.05,35.85,45.37,0,2.12,0
JNPT_TO_BHIWANDI,67.55,0.92,0.49,46.55,85.46,0,0.93,0
JNPT_TO_BHIWANDI,67.55,0.92,0.47,13.88,263.81,0,0.95,0
CHAKAN_TO_SRIPERUMBUDUR,1094.0,13.23,0.86,37.92,18.96,0,12.68,0
JNPT_TO_CHAKAN,136.67,1.75,5.26,21.69,56.58,0,1.63,0
JNPT_TO_CHAKAN,136.67,1.75,1.03,34.05,67.35,0,1.75,0
CHAKAN_TO_SRIPERUMBUDUR,1094.0,13.23,0.48,33.27,54.82,0,15.38,0
JNPT_TO_BHIWANDI,67.55,0.92,0.51,12.81,143.32,0,0.89,0
JNPT_TO_CHAKAN,136.67,1.75,2.97,21.87,83.07,0,1.97,0
MUNDRA_TO_BHIWANDI,872.85,11.64,0.33,35.83,5.6,0,13.09,0
JNPT_TO_BHIWANDI,67.55,0.92,1.31,47.27,208.38,0,1.1,0
MUNDRA_TO_BHIWANDI,872.85,11.64,0.51,21.28,80.99,0,10.62,0
BHIWANDI_TO_CHAKAN,156.03,1.93,0.33,48.31,91.49,0,2.06,0
MUNDRA_TO_BHIWANDI,872.85,11.64,2.71,51.52,112.28,0,12.44,0
BHIWANDI_TO_CHAKAN,156.03,1.93,8.05,19.2,69.85,0,1.83,0
MUNDRA_TO_BHIWANDI,872.85,11.64,1.41,57.34,6.19,0,12.91,0
BHIWANDI_TO_CHAKAN,156.03,1.93,1.21,43.59,53.38,0,2.31,0
BHIWANDI_TO_CHAKAN,156.03,1.93,1.87,49.67,195.89,0,2.01,0
JNPT_TO_CHAKAN,136.67,1.75,0.21,38.33,130.37,0,2.07,0
MUNDRA_TO_BHIWANDI,872.85,11.64,0.7,26.63,159.32,0,11.93,0
JNPT_TO_BHIWANDI,67.55,0.92,7.25,23.89,81.1,0,0.94,0
CHAKAN_TO_SRIPERUMBUDUR,1094.0,13.23,0.03,58.74,18.4,0,12.0,0
BHIWANDI_TO_CHAKAN,156.03,1.93,1.14,52.13,145.27,1,5.34,1
BHIWANDI_TO_CHAKAN,156.03,1.93,0.03,59.6,103.61,0,1.76,0
JNPT_TO_BHIWANDI,67.55,0.92,4.26,13.62,8.16,0,1.08,0
BHIWANDI_TO_CHAKAN,156.03,1.93,0.76,24.05,124.68,0,1.84,0
BHIWANDI_TO_CHAKAN,156.03,1.93,1.16,41.9,88.34,0,1.96,0
CHAKAN_TO_SRIPERUMBUDUR,1094.0,13.23,1.21,32.81,21.83,0,15.07,0
MUNDRA_TO_BHIWANDI,872.85,11.64,0.1,48.9,24.57,0,12.62,0
JNPT_TO_BHIWANDI,67.55,0.92,1.84,58.69,94.38,0,0.88,0
JNPT_TO_CHAKAN,136.67,1.75,0.03,16.09,139.53,0,1.77,0
BHIWANDI_TO_CHAKAN,156.03,1.93,0.84,28.16,132.55,0,2.25,0
BHIWANDI_TO_CHAKAN,156.03,1.93,2.28,17.93,62.54,0,2.16,0
MUNDRA_TO_BHIWANDI,872.85,11.64,1.71,27.79,24.48,0,11.02,0
BHIWANDI_TO_CHAKAN,156.03,1.93,0.12,54.85,87.65,0,1.9,0
MUNDRA_TO_BHIWANDI,872.85,11.64,0.81,40.79,58.75,0,10.66,0
BHIWANDI_TO_CHAKAN,156.03,1.93,10.6,44.02,37.42,0,1.75,0
BHIWANDI_TO_CHAKAN,156.03,1.93,0.32,42.48,233.94,0,2.07,0
CHAKAN_TO_SRIPERUMBUDUR,1094.0,13.23,13.36,36.63,119.29,0,15.19,0
BHIWANDI_TO_CHAKAN,156.03,1.93,1.32,43.2,110.75,0,1.76,0
JNPT_TO_CHAKAN,136.67,1.75,1.71,10.38,192.74,0,1.63,0
CHAKAN_TO_SRIPERUMBUDUR,1094.0,13.23,1.07,19.18,16.19,0,15.74,0
MUNDRA_TO_BHIWANDI,872.85,11.64,3.08,53.83,242.91,0,13.17,0
JNPT_TO_CHAKAN,136.67,1.75,1.85,45.28,123.74,0,1.83,0
JNPT_TO_BHIWANDI,67.55,0.92,7.3,29.53,144.47,0,1.03,0
MUNDRA_TO_BHIWANDI,872.85,11.64,1.43,44.82,23.87,0,13.72,0
JNPT_TO_BHIWANDI,67.55,0.92,1.51,19.68,22.36,0,1.04,0
BHIWANDI_TO_CHAKAN,156.03,1.93,0.85,20.12,15.01,0,2.28,0
BHIWANDI_TO_CHAKAN,156.03,1.93,0.05,31.61,9.9,0,2.3,0
JNPT_TO_BHIWANDI,67.55,0.92,1.73,28.93,117.04,0,1.05,0
BHIWANDI_TO_CHAKAN,156.03,1.93,0.44,55.02,408.35,0,2.15,0
JNPT_TO_BHIWANDI,67.55,0.92,0.37,54.49,63.29,0,0.84,0
JNPT_TO_BHIWANDI,67.55,0.92,1.73,27.84,26.9,0,1.04,0
MUNDRA_TO_BHIWANDI,872.85,11.64,4.77,30.41,21.79,0,11.37,0
BHIWANDI_TO_CHAKAN,156.03,1.93,0.27,57.37,97.62,0,2.29,0
BHIWANDI_TO_CHAKAN,156.03,1.93,0.7,57.24,62.6,0,1.92,0
JNPT_TO_BHIWANDI,67.55,0.92,1.62,50.73,5.32,0,1.09,0
MUNDRA_TO_BHIWANDI,872.85,11.64,0.42,55.32,46.66,0,13.75,0
JNPT_TO_BHIWANDI,67.55,0.92,1.26,13.72,14.33,0,0.89,0
BHIWANDI_TO_CHAKAN,156.03,1.93,0.26,56.57,3.37,0,1.94,0
CHAKAN_TO_SRIPERUMBUDUR,1094.0,13.23,1.05,53.71,12.99,0,12.76,0
CHAKAN_TO_SRIPERUMBUDUR,1094.0,13.23,2.14,27.41,101.7,0,13.63,0
JNPT_TO_CHAKAN,136.67,1.75,0.7,24.68,357.56,1,5.62,1
CHAKAN_TO_SRIPERUMBUDUR,1094.0,13.23,0.65,12.88,23.27,0,15.27,0
MUNDRA_TO_BHIWANDI,872.85,11.64,1.42,50.12,263.38,0,10.8,0
JNPT_TO_BHIWANDI,67.55,0.92,4.83,37.68,389.9,0,1.46,1
JNPT_TO_BHIWANDI,67.55,0.92,1.29,12.87,22.58,0,0.93,0
BHIWANDI_TO_CHAKAN,156.03,1.93,1.66,21.28,129.46,0,1.96,0
JNPT_TO_CHAKAN,136.67,1.75,0.44,34.9,36.69,0,1.76,0
JNPT_TO_BHIWANDI,67.55,0.92,1.18,46.12,304.85,0,1.41,1
JNPT_TO_CHAKAN,136.67,1.75,0.6,53.83,77.37,0,2.06,0
JNPT_TO_BHIWANDI,67.55,0.92,1.15,20.91,13.61,0,1.0,0
JNPT_TO_CHAKAN,136.67,1.75,3.9,52.68,41.09,0,1.77,0
JNPT_TO_BHIWANDI,67.55,0.92,1.42,30.39,22.79,0,0.96,0
JNPT_TO_BHIWANDI,67.55,0.92,0.29,57.46,81.17,0,1.07,0
JNPT_TO_BHIWANDI,67.55,0.92,1.31,37.0,162.06,0,0.93,0
CHAKAN_TO_SRIPERUMBUDUR,1094.0,13.23,1.39,37.05,2.95,0,13.2,0
JNPT_TO_CHAKAN,136.67,1.75,12.01,55.77,207.16,0,1.89,0
BHIWANDI_TO_CHAKAN,156.03,1.93,1.69,56.78,23.45,0,1.94,0
JNPT_TO_CHAKAN,136.67,1.75,1.9,25.47,85.47,0,2.03,0
CHAKAN_TO_SRIPERUMBUDUR,1094.0,13.23,1.6,57.14,126.64,0,12.98,0
JNPT_TO_CHAKAN,136.67,1.75,1.7,46.01,7.75,0,1.7,0
MUNDRA_TO_BHIWANDI,872.85,11.64,0.38,50.3,20.23,0,11.89,0
BHIWANDI_TO_CHAKAN,156.03,1.93,4.53,32.47,35.61,0,2.24,0
JNPT_TO_CHAKAN,136.67,1.75,1.38,41.84,182.21,0,1.69,0
CHAKAN_TO_SRIPERUMBUDUR,1094.0,13.23,0.7,41.65,506.42,0,14.54,0
JNPT_TO_CHAKAN,136.67,1.75,1.31,42.15,36.9,0,1.72,0
BHIWANDI_TO_CHAKAN,156.03,1.93,0.38,54.19,113.78,0,1.78,0
JNPT_TO_BHIWANDI,67.55,0.92,1.38,23.44,58.23,0,0.9,0
BHIWANDI_TO_CHAKAN,156.03,1.93,0.33,55.05,4.42,1,6.53,1
JNPT_TO_CHAKAN,136.67,1.75,1.4,31.18,150.3,0,2.03,0
BHIWANDI_TO_CHAKAN,156.03,1.93,1.55,48.99,47.94,0,1.88,0
BHIWANDI_TO_CHAKAN,156.03,1.93,1.19,20.09,14.35,0,2.01,0
CHAKAN_TO_SRIPERUMBUDUR,1094.0,13.23,0.19,46.04,40.37,0,14.69,0
BHIWANDI_TO_CHAKAN,156.03,1.93,1.38,11.61,0.48,0,2.18,0
JNPT_TO_BHIWANDI,67.55,0.92,0.45,54.59,28.54,0,0.94,0
MUNDRA_TO_BHIWANDI,872.85,11.64,1.5,42.21,221.05,0,13.39,0
CHAKAN_TO_SRIPERUMBUDUR,1094.0,13.23,0.85,33.22,62.76,0,15.52,0
JNPT_TO_CHAKAN,136.67,1.75,0.29,37.91,62.38,0,1.98,0
JNPT_TO_BHIWANDI,67.55,0.92,1.04,17.23,55.83,0,1.02,0
CHAKAN_TO_SRIPERUMBUDUR,1094.0,13.23,0.3,20.0,36.39,0,13.98,0
MUNDRA_TO_BHIWANDI,872.85,11.64,1.81,28.62,304.37,0,13.72,0
JNPT_TO_CHAKAN,136.67,1.75,2.57,24.5,28.78,0,1.92,0
CHAKAN_TO_SRIPERUMBUDUR,1094.0,13.23,0.17,15.22,26.37,0,15.34,0
MUNDRA_TO_BHIWANDI,872.85,11.64,1.64,58.71,293.73,0,11.96,0
JNPT_TO_BHIWANDI,67.55,0.92,1.55,50.38,30.56,0,1.01,0
MUNDRA_TO_BHIWANDI,872.85,11.64,0.19,32.9,27.33,0,10.55,0
CHAKAN_TO_SRIPERUMBUDUR,1094.0,13.23,1.41,50.46,186.32,0,12.68,0
CHAKAN_TO_SRIPERUMBUDUR,1094.0,13.23,1.55,52.39,95.7,0,15.66,0
JNPT_TO_BHIWANDI,67.55,0.92,0.27,38.86,24.69,0,1.06,0
MUNDRA_TO_BHIWANDI,872.85,11.64,1.58,18.08,144.27,0,13.89,0
CHAKAN_TO_SRIPERUMBUDUR,1094.0,13.23,4.11,33.7,31.39,0,13.09,0
MUNDRA_TO_BHIWANDI,872.85,11.64,0.24,38.0,12.67,0,13.52,0
MUNDRA_TO_BHIWANDI,872.85,11.64,2.61,48.8,175.07,0,11.51,0
CHAKAN_TO_SRIPERUMBUDUR,1094.0,13.23,1.06,54.72,155.0,0,12.53,0
BHIWANDI_TO_CHAKAN,156.03,1.93,3.82,53.25,2.46,0,2.31,0
MUNDRA_TO_BHIWANDI,872.85,11.64,0.69,37.39,97.48,0,10.94,0
MUNDRA_TO_BHIWANDI,872.85,11.64,1.15,29.9,57.75,0,12.21,0
JNPT_TO_BHIWANDI,67.55,0.92,1.92,19.65,307.25,0,1.36,1
MUNDRA_TO_BHIWANDI,872.85,11.64,1.52,27.16,7.86,0,12.41,0
BHIWANDI_TO_CHAKAN,156.03,1.93,1.66,37.38,24.86,0,1.87,0
JNPT_TO_BHIWANDI,67.55,0.92,1.38,15.87,146.47,0,1.02,0
JNPT_TO_BHIWANDI,67.55,0.92,0.38,51.35,73.82,0,0.96,0
MUNDRA_TO_BHIWANDI,872.85,11.64,0.52,27.27,99.21,0,11.66,0
MUNDRA_TO_BHIWANDI,872.85,11.64,0.56,34.98,3.98,0,10.72,0
BHIWANDI_TO_CHAKAN,156.03,1.93,1.95,55.73,88.82,0,1.81,0
JNPT_TO_BHIWANDI,67.55,0.92,0.83,26.77,316.99,0,1.24,1
JNPT_TO_CHAKAN,136.67,1.75,1.26,53.4,59.3,0,1.95,0
BHIWANDI_TO_CHAKAN,156.03,1.93,0.61,14.9,221.36,0,1.97,0
MUNDRA_TO_BHIWANDI,872.85,11.64,1.33,21.52,144.87,0,13.48,0
JNPT_TO_CHAKAN,136.67,1.75,0.59,31.89,138.42,0,2.01,0
JNPT_TO_CHAKAN,136.67,1.75,0.44,48.61,33.81,0,1.8,0
JNPT_TO_BHIWANDI,67.55,0.92,1.12,17.96,111.59,0,0.83,0
CHAKAN_TO_SRIPERUMBUDUR,1094.0,13.23,0.55,32.67,35.07,0,13.46,0
JNPT_TO_BHIWANDI,67.55,0.92,1.35,50.2,33.0,0,0.99,0
BHIWANDI_TO_CHAKAN,156.03,1.93,1.74,27.44,30.2,0,2.14,0
BHIWANDI_TO_CHAKAN,156.03,1.93,0.17,48.92,82.41,0,2.19,0
JNPT_TO_BHIWANDI,67.55,0.92,1.25,32.99,11.45,0,0.96,0
JNPT_TO_CHAKAN,136.67,1.75,1.78,11.85,163.34,0,1.63,0
CHAKAN_TO_SRIPERUMBUDUR,1094.0,13.23,0.1,35.07,0.49,0,14.34,0
JNPT_TO_CHAKAN,136.67,1.75,0.23,12.82,190.61,0,1.66,0
JNPT_TO_BHIWANDI,67.55,0.92,6.41,44.68,252.64,0,0.98,0
JNPT_TO_BHIWANDI,67.55,0.92,1.76,38.74,20.73,0,0.83,0
BHIWANDI_TO_CHAKAN,156.03,1.93,1.63,49.47,34.49,0,1.9,0
BHIWANDI_TO_CHAKAN,156.03,1.93,0.43,22.14,27.06,0,2.24,0
BHIWANDI_TO_CHAKAN,156.03,1.93,1.08,38.96,127.8,0,2.11,0
BHIWANDI_TO_CHAKAN,156.03,1.93,0.67,14.81,50.43,0,1.89,0
CHAKAN_TO_SRIPERUMBUDUR,1094.0,13.23,1.51,18.82,5.81,0,12.03,0
BHIWANDI_TO_CHAKAN,156.03,1.93,0.15,55.19,53.83,0,2.31,0
BHIWANDI_TO_CHAKAN,156.03,1.93,1.52,53.33,358.76,0,2.67,1
BHIWANDI_TO_CHAKAN,156.03,1.93,0.7,55.15,4.39,0,2.2,0
BHIWANDI_TO_CHAKAN,156.03,1.93,1.55,42.54,164.15,0,1.85,0
JNPT_TO_CHAKAN,136.67,1.75,0.57,10.95,96.5,0,1.91,0
CHAKAN_TO_SRIPERUMBUDUR,1094.0,13.23,1.58,45.37,50.84,0,12.25,0
MUNDRA_TO_BHIWANDI,872.85,11.64,1.43,41.41,111.63,0,11.21,0
MUNDRA_TO_BHIWANDI,872.85,11.64,0.96,43.78,21.66,0,13.55,0
CHAKAN_TO_SRIPERUMBUDUR,1094.0,13.23,2.0,39.22,5.14,0,11.96,0
MUNDRA_TO_BHIWANDI,872.85,11.64,0.55,53.39,28.29,0,13.94,0
MUNDRA_TO_BHIWANDI,872.85,11.64,0.37,31.47,18.63,0,13.82,0
JNPT_TO_BHIWANDI,67.55,0.92,1.41,45.03,99.14,0,1.1,0
BHIWANDI_TO_CHAKAN,156.03,1.93,0.51,33.62,28.97,0,2.02,0
JNPT_TO_BHIWANDI,67.55,0.92,1.11,32.6,178.51,0,0.96,0
JNPT_TO_BHIWANDI,67.55,0.92,0.47,10.45,4.56,0,1.02,0
CHAKAN_TO_SRIPERUMBUDUR,1094.0,13.23,0.37,52.83,111.17,0,14.92,0
MUNDRA_TO_BHIWANDI,872.85,11.64,1.78,34.01,790.17,0,14.14,0
JNPT_TO_CHAKAN,136.67,1.75,18.24,20.6,23.02,0,3.69,1
CHAKAN_TO_SRIPERUMBUDUR,1094.0,13.23,0.96,10.41,48.23,0,15.83,0
CHAKAN_TO_SRIPERUMBUDUR,1094.0,13.23,1.87,45.4,317.36,0,15.23,0
BHIWANDI_TO_CHAKAN,156.03,1.93,0.29,47.81,57.91,0,1.96,0
BHIWANDI_TO_CHAKAN,156.03,1.93,0.45,42.37,38.15,0,2.24,0
MUNDRA_TO_BHIWANDI,872.85,11.64,1.57,12.91,82.86,0,11.7,0
MUNDRA_TO_BHIWANDI,872.85,11.64,0.89,15.83,52.15,0,13.43,0
CHAKAN_TO_SRIPERUMBUDUR,1094.0,13.23,1.41,59.24,177.56,0,13.49,0
BHIWANDI_TO_CHAKAN,156.03,1.93,1.46,32.76,352.0,0,2.17,0
MUNDRA_TO_BHIWANDI,872.85,11.64,1.68,32.62,104.08,0,11.76,0
CHAKAN_TO_SRIPERUMBUDUR,1094.0,13.23,1.02,35.31,217.8,0,12.14,0
JNPT_TO_CHAKAN,136.67,1.75,1.48,25.21,25.51,0,1.93,0
CHAKAN_TO_SRIPERUMBUDUR,1094.0,13.23,1.54,52.79,317.21,0,15.67,0
JNPT_TO_CHAKAN,136.67,1.75,0.07,22.99,29.61,0,1.58,0
MUNDRA_TO_BHIWANDI,872.85,11.64,5.14,15.84,131.03,0,12.53,0
JNPT_TO_BHIWANDI,67.55,0.92,0.75,22.87,79.94,0,0.96,0
MUNDRA_TO_BHIWANDI,872.85,11.64,0.93,46.22,159.54,0,13.73,0
CHAKAN_TO_SRIPERUMBUDUR,1094.0,13.23,1.11,52.14,36.49,0,12.3,0
BHIWANDI_TO_CHAKAN,156.03,1.93,1.18,26.37,67.68,0,2.28,0
BHIWANDI_TO_CHAKAN,156.03,1.93,1.52,48.21,20.83,0,1.9,0
BHIWANDI_TO_CHAKAN,156.03,1.93,0.27,46.61,37.2,0,2.29,0
CHAKAN_TO_SRIPERUMBUDUR,1094.0,13.23,1.41,51.09,324.01,0,12.74,0
BHIWANDI_TO_CHAKAN,156.03,1.93,1.67,38.59,131.57,0,2.1,0
BHIWANDI_TO_CHAKAN,156.03,1.93,0.26,20.27,25.4,0,1.87,0
BHIWANDI_TO_CHAKAN,156.03,1.93,1.1,52.08,169.04,0,2.25,0
BHIWANDI_TO_CHAKAN,156.03,1.93,1.87,24.94,7.05,0,2.16,0
MUNDRA_TO_BHIWANDI,872.85,11.64,0.29,54.46,350.49,0,10.99,0
JNPT_TO_BHIWANDI,67.55,0.92,1.75,46.83,21.82,0,1.06,0
CHAKAN_TO_SRIPERUMBUDUR,1094.0,13.23,3.37,16.02,205.69,0,12.55,0
MUNDRA_TO_BHIWANDI,872.85,11.64,13.91,55.16,104.5,0,11.7,0
MUNDRA_TO_BHIWANDI,872.85,11.64,4.39,27.08,5.84,0,10.82,0
BHIWANDI_TO_CHAKAN,156.03,1.93,1.0,28.12,77.08,0,2.24,0
MUNDRA_TO_BHIWANDI,872.85,11.64,0.63,13.33,353.44,0,12.58,0
JNPT_TO_CHAKAN,136.67,1.75,1.52,52.25,51.13,0,1.58,0
CHAKAN_TO_SRIPERUMBUDUR,1094.0,13.23,0.67,33.54,104.78,0,14.84,0
JNPT_TO_CHAKAN,136.67,1.75,1.47,27.02,4.64,0,2.03,0
BHIWANDI_TO_CHAKAN,156.03,1.93,0.96,29.23,175.12,0,2.08,0
CHAKAN_TO_SRIPERUMBUDUR,1094.0,13.23,0.46,56.54,37.67,0,14.03,0
CHAKAN_TO_SRIPERUMBUDUR,1094.0,13.23,1.56,53.25,155.11,0,12.21,0
JNPT_TO_BHIWANDI,67.55,0.92,1.38,10.41,38.22,0,1.03,0
BHIWANDI_TO_CHAKAN,156.03,1.93,4.28,55.34,156.01,0,2.27,0
BHIWANDI_TO_CHAKAN,156.03,1.93,1.04,45.72,83.22,0,1.86,0
CHAKAN_TO_SRIPERUMBUDUR,1094.0,13.23,2.32,36.38,97.15,0,14.61,0
BHIWANDI_TO_CHAKAN,156.03,1.93,1.87,49.44,92.3,0,2.11,0
JNPT_TO_CHAKAN,136.67,1.75,0.16,10.11,138.47,0,1.59,0
CHAKAN_TO_SRIPERUMBUDUR,1094.0,13.23,0.03,44.19,117.98,0,13.27,0
CHAKAN_TO_SRIPERUMBUDUR,1094.0,13.23,0.44,14.65,74.33,0,14.85,0
BHIWANDI_TO_CHAKAN,156.03,1.93,1.95,42.54,91.97,0,1.98,0
BHIWANDI_TO_CHAKAN,156.03,1.93,1.49,21.34,107.8,0,2.23,0
JNPT_TO_BHIWANDI,67.55,0.92,1.21,18.76,16.37,0,1.08,0
BHIWANDI_TO_CHAKAN,156.03,1.93,1.85,13.77,14.64,1,6.48,1
JNPT_TO_CHAKAN,136.67,1.75,1.78,11.9,21.95,1,7.43,1
JNPT_TO_CHAKAN,136.67,1.75,1.22,50.7,36.77,0,1.9,0
JNPT_TO_CHAKAN,136.67,1.75,1.32,58.84,31.36,0,1.59,0
MUNDRA_TO_BHIWANDI,872.85,11.64,1.43,17.61,60.84,0,11.28,0
JNPT_TO_BHIWANDI,67.55,0.92,0.74,54.55,186.44,0,1.0,0
CHAKAN_TO_SRIPERUMBUDUR,1094.0,13.23,1.58,19.54,28.11,0,13.65,0
JNPT_TO_CHAKAN,136.67,1.75,4.2,59.16,89.43,0,2.07,0
BHIWANDI_TO_CHAKAN,156.03,1.93,1.73,32.35,208.09,0,2.08,0
MUNDRA_TO_BHIWANDI,872.85,11.64,0.02,50.62,107.67,0,11.94,0
JNPT_TO_BHIWANDI,67.55,0.92,1.8,41.78,41.26,0,0.96,0
CHAKAN_TO_SRIPERUMBUDUR,1094.0,13.23,1.5,31.37,10.94,0,14.26,0
MUNDRA_TO_BHIWANDI,872.85,11.64,1.44,38.26,20.63,0,12.86,0
BHIWANDI_TO_CHAKAN,156.03,1.93,12.39,11.82,63.41,0,1.96,0
BHIWANDI_TO_CHAKAN,156.03,1.93,1.28,19.9,317.51,0,2.5,1
BHIWANDI_TO_CHAKAN,156.03,1.93,1.27,37.54,239.7,0,1.8,0
MUNDRA_TO_BHIWANDI,872.85,11.64,1.98,29.43,85.64,1,14.3,0
BHIWANDI_TO_CHAKAN,156.03,1.93,1.46,56.16,3.25,0,2.22,0
BHIWANDI_TO_CHAKAN,156.03,1.93,0.93,14.43,146.77,0,1.81,0
JNPT_TO_BHIWANDI,67.55,0.92,1.0,35.46,168.72,0,0.94,0
MUNDRA_TO_BHIWANDI,872.85,11.64,0.2,49.35,89.38,0,12.78,0
JNPT_TO_CHAKAN,136.67,1.75,0.93,20.63,61.43,0,1.92,0
BHIWANDI_TO_CHAKAN,156.03,1.93,3.67,55.36,50.95,0,2.21,0
BHIWANDI_TO_CHAKAN,156.03,1.93,0.22,43.17,3.47,0,2.24,0
CHAKAN_TO_SRIPERUMBUDUR,1094.0,13.23,2.2,12.7,10.93,0,12.3,0
MUNDRA_TO_BHIWANDI,872.85,11.64,0.01,51.23,94.82,0,12.65,0
MUNDRA_TO_BHIWANDI,872.85,11.64,1.83,18.92,49.33,0,12.46,0
CHAKAN_TO_SRIPERUMBUDUR,1094.0,13.23,1.19,43.61,16.96,0,13.6,0
JNPT_TO_CHAKAN,136.67,1.75,0.2,22.28,17.75,0,1.77,0
BHIWANDI_TO_CHAKAN,156.03,1.93,1.77,54.03,104.16,0,1.87,0
MUNDRA_TO_BHIWANDI,872.85,11.64,1.33,22.97,26.35,0,11.93,0
JNPT_TO_BHIWANDI,67.55,0.92,1.96,53.95,76.01,0,0.83,0
CHAKAN_TO_SRIPERUMBUDUR,1094.0,13.23,2.92,19.76,8.22,0,14.93,0
JNPT_TO_CHAKAN,136.67,1.75,1.54,22.19,141.99,0,1.89,0
JNPT_TO_BHIWANDI,67.55,0.92,0.53,39.56,44.92,0,0.9,0
CHAKAN_TO_SRIPERUMBUDUR,1094.0,13.23,1.93,28.12,110.85,0,12.04,0
JNPT_TO_BHIWANDI,67.55,0.92,1.15,41.97,21.2,0,1.03,0
MUNDRA_TO_BHIWANDI,872.85,11.64,0.62,29.23,109.28,0,11.01,0
CHAKAN_TO_SRIPERUMBUDUR,1094.0,13.23,1.46,53.93,15.55,1,21.99,1
JNPT_TO_BHIWANDI,67.55,0.92,1.29,51.88,11.18,0,1.02,0
BHIWANDI_TO_CHAKAN,156.03,1.93,0.01,13.02,60.01,0,2.09,0
MUNDRA_TO_BHIWANDI,872.85,11.64,3.84,12.17,139.34,0,11.39,0
BHIWANDI_TO_CHAKAN,156.03,1.93,0.42,42.96,30.83,0,1.95,0
CHAKAN_TO_SRIPERUMBUDUR,1094.0,13.23,1.71,32.14,189.17,0,15.61,0
JNPT_TO_CHAKAN,136.67,1.75,1.24,36.65,195.59,0,1.59,0
MUNDRA_TO_BHIWANDI,872.85,11.64,11.42,17.77,5.17,0,11.79,0
JNPT_TO_BHIWANDI,67.55,0.92,14.1,58.13,534.42,0,1.49,1
MUNDRA_TO_BHIWANDI,872.85,11.64,3.56,43.14,13.23,0,10.48,0
MUNDRA_TO_BHIWANDI,872.85,11.64,0.28,35.88,83.78,0,13.55,0
JNPT_TO_CHAKAN,136.67,1.75,1.39,17.85,162.97,0,1.96,0
BHIWANDI_TO_CHAKAN,156.03,1.93,0.18,24.6,178.84,0,1.92,0
CHAKAN_TO_SRIPERUMBUDUR,1094.0,13.23,0.4,56.49,23.9,0,12.18,0
BHIWANDI_TO_CHAKAN,156.03,1.93,0.4,38.33,31.89,0,1.89,0
JNPT_TO_BHIWANDI,67.55,0.92,0.8,16.3,138.44,0,1.0,0
CHAKAN_TO_SRIPERUMBUDUR,1094.0,13.23,4.82,44.85,29.32,0,15.5,0
BHIWANDI_TO_CHAKAN,156.03,1.93,0.68,43.54,40.13,0,2.26,0
MUNDRA_TO_BHIWANDI,872.85,11.64,0.74,59.45,119.69,0,13.18,0
BHIWANDI_TO_CHAKAN,156.03,1.93,1.98,37.98,29.23,0,1.95,0
JNPT_TO_CHAKAN,136.67,1.75,0.41,16.41,94.94,0,2.02,0
CHAKAN_TO_SRIPERUMBUDUR,1094.0,13.23,0.64,43.85,114.28,0,13.12,0
CHAKAN_TO_SRIPERUMBUDUR,1094.0,13.23,1.14,40.77,22.71,1,17.88,1
JNPT_TO_CHAKAN,136.67,1.75,0.27,44.89,295.01,0,1.58,0
CHAKAN_TO_SRIPERUMBUDUR,1094.0,13.23,1.19,27.37,121.0,0,15.16,0
JNPT_TO_CHAKAN,136.67,1.75,1.01,38.67,88.19,0,1.72,0
CHAKAN_TO_SRIPERUMBUDUR,1094.0,13.23,1.67,24.62,117.31,0,13.34,0
MUNDRA_TO_BHIWANDI,872.85,11.64,0.83,49.13,189.76,0,13.29,0
JNPT_TO_CHAKAN,136.67,1.75,1.41,19.37,51.29,0,1.64,0
JNPT_TO_BHIWANDI,67.55,0.92,1.73,20.03,24.45,1,6.47,1
CHAKAN_TO_SRIPERUMBUDUR,1094.0,13.23,2.6,21.3,352.34,0,15.46,0
JNPT_TO_BHIWANDI,67.55,0.92,0.61,44.41,6.16,0,1.02,0
BHIWANDI_TO_CHAKAN,156.03,1.93,0.77,52.66,27.62,0,2.12,0
CHAKAN_TO_SRIPERUMBUDUR,1094.0,13.23,0.56,46.51,22.7,0,13.13,0
BHIWANDI_TO_CHAKAN,156.03,1.93,1.66,17.31,250.16,0,2.07,0
BHIWANDI_TO_CHAKAN,156.03,1.93,0.53,40.02,158.31,0,1.86,0
MUNDRA_TO_BHIWANDI,872.85,11.64,10.15,51.26,249.04,0,12.0,0
JNPT_TO_BHIWANDI,67.55,0.92,1.57,34.93,111.96,0,0.99,0
CHAKAN_TO_SRIPERUMBUDUR,1094.0,13.23,0.86,14.44,53.86,0,14.32,0
MUNDRA_TO_BHIWANDI,872.85,11.64,1.6,33.45,101.06,0,12.51,0
JNPT_TO_BHIWANDI,67.55,0.92,1.88,30.6,151.88,0,0.98,0
JNPT_TO_BHIWANDI,67.55,0.92,0.36,20.31,26.74,0,0.88,0
JNPT_TO_BHIWANDI,67.55,0.92,1.94,40.33,24.29,0,0.84,0
JNPT_TO_BHIWANDI,67.55,0.92,1.41,40.18,3.09,0,0.93,0
BHIWANDI_TO_CHAKAN,156.03,1.93,0.37,18.11,406.88,0,2.33,0
JNPT_TO_CHAKAN,136.67,1.75,0.53,53.26,131.37,0,1.86,0
JNPT_TO_BHIWANDI,67.55,0.92,1.38,51.43,22.65,0,0.86,0
CHAKAN_TO_SRIPERUMBUDUR,1094.0,13.23,1.04,23.87,272.19,0,14.2,0
CHAKAN_TO_SRIPERUMBUDUR,1094.0,13.23,0.2,53.76,120.35,1,20.0,1
BHIWANDI_TO_CHAKAN,156.03,1.93,0.25,31.44,75.6,0,2.26,0
JNPT_TO_CHAKAN,136.67,1.75,0.45,14.33,7.16,0,1.71,0
JNPT_TO_BHIWANDI,67.55,0.92,1.96,39.14,23.73,0,1.08,0
JNPT_TO_BHIWANDI,67.55,0.92,1.55,47.28,245.42,0,0.95,0
JNPT_TO_BHIWANDI,67.55,0.92,2.0,39.68,145.86,0,0.89,0
JNPT_TO_BHIWANDI,67.55,0.92,1.79,25.71,39.2,0,0.87,0
BHIWANDI_TO_CHAKAN,156.03,1.93,2.89,55.7,21.29,0,1.87,0
JNPT_TO_CHAKAN,136.67,1.75,0.75,34.2,30.3,0,1.68,0
JNPT_TO_BHIWANDI,67.55,0.92,1.16,12.67,63.68,0,0.98,0
MUNDRA_TO_BHIWANDI,872.85,11.64,1.99,54.16,26.48,0,13.01,0
CHAKAN_TO_SRIPERUMBUDUR,1094.0,13.23,0.69,31.13,111.71,0,15.29,0
JNPT_TO_BHIWANDI,67.55,0.92,0.72,18.13,12.0,0,0.97,0
JNPT_TO_CHAKAN,136.67,1.75,1.79,24.56,150.41,0,1.63,0
JNPT_TO_CHAKAN,136.67,1.75,1.12,23.25,62.38,0,2.04,0
CHAKAN_TO_SRIPERUMBUDUR,1094.0,13.23,0.55,29.85,245.21,0,13.49,0
MUNDRA_TO_BHIWANDI,872.85,11.64,10.53,20.35,52.85,0,12.84,0
JNPT_TO_CHAKAN,136.67,1.75,1.7,51.61,117.93,0,1.72,0
BHIWANDI_TO_CHAKAN,156.03,1.93,1.72,53.73,81.03,0,2.24,0
JNPT_TO_CHAKAN,136.67,1.75,1.41,23.12,16.61,0,1.99,0
CHAKAN_TO_SRIPERUMBUDUR,1094.0,13.23,1.84,30.48,156.17,0,12.85,0
JNPT_TO_CHAKAN,136.67,1.75,0.56,34.35,267.52,0,1.92,0
JNPT_TO_CHAKAN,136.67,1.75,0.95,33.77,25.06,0,1.86,0
CHAKAN_TO_SRIPERUMBUDUR,1094.0,13.23,0.17,33.82,28.52,0,15.8,0
CHAKAN_TO_SRIPERUMBUDUR,1094.0,13.23,1.82,47.71,277.25,0,13.78,0
JNPT_TO_CHAKAN,136.67,1.75,1.51,21.01,62.46,0,1.75,0
JNPT_TO_CHAKAN,136.67,1.75,0.55,22.72,135.52,0,2.08,0
CHAKAN_TO_SRIPERUMBUDUR,1094.0,13.23,1.24,15.87,10.74,0,15.74,0
MUNDRA_TO_BHIWANDI,872.85,11.64,0.5,12.7,21.67,0,12.35,0
CHAKAN_TO_SRIPERUMBUDUR,1094.0,13.23,1.79,21.84,2.8,0,14.69,0
JNPT_TO_BHIWANDI,67.55,0.92,4.06,17.71,29.29,0,1.1,0
BHIWANDI_TO_CHAKAN,156.03,1.93,0.09,53.8,172.8,0,1.9,0
CHAKAN_TO_SRIPERUMBUDUR,1094.0,13.23,0.54,33.21,72.99,0,15.7,0
CHAKAN_TO_SRIPERUMBUDUR,1094.0,13.23,1.59,52.43,329.54,0,14.81,0
JNPT_TO_BHIWANDI,67.55,0.92,3.35,54.82,8.21,0,0.88,0
CHAKAN_TO_SRIPERUMBUDUR,1094.0,13.23,0.55,47.43,10.37,0,11.93,0
JNPT_TO_BHIWANDI,67.55,0.92,0.31,19.88,301.27,0,1.31,1
JNPT_TO_CHAKAN,136.67,1.75,1.51,25.77,17.96,0,2.04,0
JNPT_TO_BHIWANDI,67.55,0.92,1.42,39.25,230.08,0,0.93,0
CHAKAN_TO_SRIPERUMBUDUR,1094.0,13.23,1.18,10.96,190.96,0,14.28,0
BHIWANDI_TO_CHAKAN,156.03,1.93,0.04,18.78,124.78,0,2.0,0
MUNDRA_TO_BHIWANDI,872.85,11.64,0.86,33.35,83.71,0,11.13,0
BHIWANDI_TO_CHAKAN,156.03,1.93,1.59,36.48,234.88,0,1.87,0
BHIWANDI_TO_CHAKAN,156.03,1.93,1.93,54.33,174.35,0,1.91,0
JNPT_TO_CHAKAN,136.67,1.75,1.08,51.29,225.54,0,1.61,0
MUNDRA_TO_BHIWANDI,872.85,11.64,0.87,12.2,217.55,0,12.18,0
JNPT_TO_CHAKAN,136.67,1.75,1.3,51.95,92.85,0,1.85,0
BHIWANDI_TO_CHAKAN,156.03,1.93,0.9,49.8,32.18,0,1.76,0
JNPT_TO_BHIWANDI,67.55,0.92,0.37,10.04,10.7,0,0.85,0
JNPT_TO_CHAKAN,136.67,1.75,4.91,38.43,10.23,1,5.11,1
CHAKAN_TO_SRIPERUMBUDUR,1094.0,13.23,2.08,46.35,114.1,0,15.25,0
CHAKAN_TO_SRIPERUMBUDUR,1094.0,13.23,1.14,51.29,54.19,0,15.67,0
MUNDRA_TO_BHIWANDI,872.85,11.64,1.02,28.01,145.09,0,13.76,0
BHIWANDI_TO_CHAKAN,156.03,1.93,1.46,12.36,396.11,0,2.33,0
JNPT_TO_BHIWANDI,67.55,0.92,1.91,21.4,91.01,0,1.04,0
MUNDRA_TO_BHIWANDI,872.85,11.64,0.97,11.85,32.34,0,12.78,0
BHIWANDI_TO_CHAKAN,156.03,1.93,1.6,22.86,125.08,1,6.42,1
CHAKAN_TO_SRIPERUMBUDUR,1094.0,13.23,1.39,43.6,106.34,0,14.18,0
JNPT_TO_BHIWANDI,67.55,0.92,0.29,52.24,25.0,0,1.02,0
JNPT_TO_CHAKAN,136.67,1.75,1.23,36.03,10.06,0,2.08,0
JNPT_TO_BHIWANDI,67.55,0.92,7.82,38.74,130.31,0,0.98,0
BHIWANDI_TO_CHAKAN,156.03,1.93,1.35,55.83,13.23,0,1.74,0
CHAKAN_TO_SRIPERUMBUDUR,1094.0,13.23,0.51,15.24,212.45,0,15.01,0
JNPT_TO_CHAKAN,136.67,1.75,0.2,41.77,111.49,0,1.83,0
MUNDRA_TO_BHIWANDI,872.85,11.64,1.71,27.37,167.95,0,10.53,0
BHIWANDI_TO_CHAKAN,156.03,1.93,0.77,10.51,61.85,0,2.3,0
MUNDRA_TO_BHIWANDI,872.85,11.64,14.69,12.09,160.18,0,10.68,0
JNPT_TO_BHIWANDI,67.55,0.92,16.88,42.15,71.21,0,2.75,1
JNPT_TO_CHAKAN,136.67,1.75,0.7,45.63,168.06,0,1.94,0
BHIWANDI_TO_CHAKAN,156.03,1.93,0.48,43.16,205.73,0,1.86,0
JNPT_TO_CHAKAN,136.67,1.75,0.96,50.51,0.14,0,1.83,0
JNPT_TO_BHIWANDI,67.55,0.92,0.77,34.81,205.07,0,0.93,0
JNPT_TO_CHAKAN,136.67,1.75,3.99,19.83,9.08,0,1.71,0
JNPT_TO_BHIWANDI,67.55,0.92,1.01,55.14,459.76,0,1.29,1
CHAKAN_TO_SRIPERUMBUDUR,1094.0,13.23,3.96,19.51,91.4,0,12.44,0
CHAKAN_TO_SRIPERUMBUDUR,1094.0,13.23,5.86,48.14,13.78,0,11.94,0
MUNDRA_TO_BHIWANDI,872.85,11.64,1.8,36.98,122.85,0,10.62,0
CHAKAN_TO_SRIPERUMBUDUR,1094.0,13.23,0.11,12.93,3.69,0,15.79,0
JNPT_TO_CHAKAN,136.67,1.75,1.38,38.6,138.58,0,1.8,0
JNPT_TO_CHAKAN,136.67,1.75,1.24,17.27,35.1,0,1.88,0
JNPT_TO_CHAKAN,136.67,1.75,0.84,34.24,33.87,0,1.9,0
JNPT_TO_CHAKAN,136.67,1.75,1.34,11.82,42.31,0,1.86,0
BHIWANDI_TO_CHAKAN,156.03,1.93,0.38,17.99,25.64,0,1.79,0
BHIWANDI_TO_CHAKAN,156.03,1.93,7.01,22.43,118.93,0,2.06,0
JNPT_TO_CHAKAN,136.67,1.75,0.78,31.72,129.95,0,2.01,0
JNPT_TO_BHIWANDI,67.55,0.92,0.15,33.24,1.75,0,0.97,0
MUNDRA_TO_BHIWANDI,872.85,11.64,1.54,43.75,81.77,0,10.97,0
CHAKAN_TO_SRIPERUMBUDUR,1094.0,13.23,1.78,35.75,35.06,0,11.95,0
JNPT_TO_BHIWANDI,67.55,0.92,0.11,28.49,81.68,0,0.99,0
JNPT_TO_BHIWANDI,67.55,0.92,11.84,44.73,130.49,0,0.96,0
CHAKAN_TO_SRIPERUMBUDUR,1094.0,13.23,1.37,22.6,383.5,0,16.16,0
JNPT_TO_BHIWANDI,67.55,0.92,0.37,20.14,246.25,0,1.0,0
JNPT_TO_BHIWANDI,67.55,0.92,0.06,34.53,308.09,0,1.17,1
JNPT_TO_BHIWANDI,67.55,0.92,1.24,42.43,282.58,0,1.08,0
MUNDRA_TO_BHIWANDI,872.85,11.64,10.67,56.88,108.84,0,12.87,0
JNPT_TO_CHAKAN,136.67,1.75,0.64,20.06,55.91,0,2.04,0
JNPT_TO_BHIWANDI,67.55,0.92,0.62,17.39,6.49,0,0.86,0
JNPT_TO_CHAKAN,136.67,1.75,4.7,22.61,77.7,0,1.67,0
CHAKAN_TO_SRIPERUMBUDUR,1094.0,13.23,0.28,49.72,100.54,0,13.59,0
CHAKAN_TO_SRIPERUMBUDUR,1094.0,13.23,0.97,49.43,1.24,0,12.45,0
JNPT_TO_CHAKAN,136.67,1.75,1.88,59.33,16.89,0,1.81,0
JNPT_TO_BHIWANDI,67.55,0.92,0.86,47.74,1.66,0,1.02,0
MUNDRA_TO_BHIWANDI,872.85,11.64,1.37,53.99,44.23,0,11.12,0
JNPT_TO_CHAKAN,136.67,1.75,1.67,47.03,275.24,0,1.73,0
JNPT_TO_BHIWANDI,67.55,0.92,1.85,10.72,11.23,0,1.03,0
CHAKAN_TO_SRIPERUMBUDUR,1094.0,13.23,0.74,49.91,358.26,0,14.48,0
JNPT_TO_BHIWANDI,67.55,0.92,1.46,32.39,21.16,0,0.87,0
JNPT_TO_BHIWANDI,67.55,0.92,1.76,57.1,53.93,0,1.02,0
JNPT_TO_CHAKAN,136.67,1.75,0.34,20.32,18.98,0,1.69,0
JNPT_TO_BHIWANDI,67.55,0.92,8.07,18.64,291.45,0,0.89,0
CHAKAN_TO_SRIPERUMBUDUR,1094.0,13.23,0.85,53.58,205.22,0,15.53,0
MUNDRA_TO_BHIWANDI,872.85,11.64,1.97,10.73,135.75,0,12.93,0
JNPT_TO_BHIWANDI,67.55,0.92,1.67,57.43,6.51,0,0.95,0
BHIWANDI_TO_CHAKAN,156.03,1.93,1.32,56.0,18.87,0,2.3,0
JNPT_TO_BHIWANDI,67.55,0.92,1.36,40.84,39.53,0,0.86,0
CHAKAN_TO_SRIPERUMBUDUR,1094.0,13.23,0.27,11.75,77.21,0,13.57,0
MUNDRA_TO_BHIWANDI,872.85,11.64,1.02,46.32,102.6,0,10.48,0
BHIWANDI_TO_CHAKAN,156.03,1.93,0.67,51.73,111.59,0,2.06,0
MUNDRA_TO_BHIWANDI,872.85,11.64,0.34,37.59,389.05,0,14.15,0
JNPT_TO_BHIWANDI,67.55,0.92,2.56,41.0,146.55,0,0.84,0
JNPT_TO_CHAKAN,136.67,1.75,0.09,20.3,30.92,0,1.92,0
JNPT_TO_CHAKAN,136.67,1.75,8.03,51.89,379.09,0,2.09,0
CHAKAN_TO_SRIPERUMBUDUR,1094.0,13.23,1.77,59.8,214.52,0,12.39,0
MUNDRA_TO_BHIWANDI,872.85,11.64,0.21,20.7,54.0,0,10.82,0
MUNDRA_TO_BHIWANDI,872.85,11.64,2.5,46.65,136.35,0,10.98,0
BHIWANDI_TO_CHAKAN,156.03,1.93,1.79,47.42,121.68,0,1.84,0
BHIWANDI_TO_CHAKAN,156.03,1.93,1.55,15.3,182.62,0,2.17,0
BHIWANDI_TO_CHAKAN,156.03,1.93,0.52,10.41,29.31,0,2.25,0
MUNDRA_TO_BHIWANDI,872.85,11.64,0.23,12.42,8.32,0,10.52,0
BHIWANDI_TO_CHAKAN,156.03,1.93,1.88,33.21,85.42,0,2.13,0
MUNDRA_TO_BHIWANDI,872.85,11.64,1.76,33.33,70.65,0,12.54,0
JNPT_TO_BHIWANDI,67.55,0.92,0.75,43.07,47.91,0,0.97,0
MUNDRA_TO_BHIWANDI,872.85,11.64,1.66,38.83,167.99,0,13.94,0
CHAKAN_TO_SRIPERUMBUDUR,1094.0,13.23,0.11,16.53,247.02,0,12.65,0
BHIWANDI_TO_CHAKAN,156.03,1.93,1.93,31.81,4.97,0,2.01,0
JNPT_TO_CHAKAN,136.67,1.75,1.79,22.66,181.15,0,1.78,0
CHAKAN_TO_SRIPERUMBUDUR,1094.0,13.23,1.2,16.42,210.32,1,20.37,1
MUNDRA_TO_BHIWANDI,872.85,11.64,1.96,25.44,76.51,0,12.58,0
CHAKAN_TO_SRIPERUMBUDUR,1094.0,13.23,1.82,30.24,73.57,0,14.84,0
JNPT_TO_CHAKAN,136.67,1.75,0.53,53.57,127.11,0,1.92,0
JNPT_TO_BHIWANDI,67.55,0.92,0.23,44.47,23.18,0,0.85,0
BHIWANDI_TO_CHAKAN,156.03,1.93,0.47,29.53,173.7,0,1.94,0
BHIWANDI_TO_CHAKAN,156.03,1.93,2.0,45.26,47.76,0,2.03,0
JNPT_TO_BHIWANDI,67.55,0.92,1.24,27.09,99.6,0,1.04,0
JNPT_TO_CHAKAN,136.67,1.75,0.43,17.48,6.02,0,2.0,0
JNPT_TO_BHIWANDI,67.55,0.92,0.35,11.55,81.86,0,1.06,0
BHIWANDI_TO_CHAKAN,156.03,1.93,0.2,36.61,121.97,0,1.91,0
JNPT_TO_BHIWANDI,67.55,0.92,0.37,17.76,5.69,0,0.86,0
JNPT_TO_BHIWANDI,67.55,0.92,1.83,49.63,17.46,0,1.0,0
CHAKAN_TO_SRIPERUMBUDUR,1094.0,13.23,1.97,28.21,210.49,0,15.28,0
CHAKAN_TO_SRIPERUMBUDUR,1094.0,13.23,0.6,57.52,385.25,0,15.36,0
CHAKAN_TO_SRIPERUMBUDUR,1094.0,13.23,1.78,58.64,178.16,0,12.1,0
BHIWANDI_TO_CHAKAN,156.03,1.93,1.17,19.76,46.75,0,1.81,0
CHAKAN_TO_SRIPERUMBUDUR,1094.0,13.23,0.14,25.9,73.38,0,12.34,0
JNPT_TO_BHIWANDI,67.55,0.92,1.84,12.38,54.27,0,0.97,0
MUNDRA_TO_BHIWANDI,872.85,11.64,1.45,54.08,214.32,0,12.59,0
BHIWANDI_TO_CHAKAN,156.03,1.93,0.34,40.65,208.27,0,2.12,0
MUNDRA_TO_BHIWANDI,872.85,11.64,1.65,21.87,257.86,0,13.52,0
MUNDRA_TO_BHIWANDI,872.85,11.64,1.63,47.22,65.68,0,13.15,0
JNPT_TO_CHAKAN,136.67,1.75,1.26,36.45,110.94,0,2.03,0
MUNDRA_TO_BHIWANDI,872.85,11.64,0.64,23.08,37.6,0,12.27,0
CHAKAN_TO_SRIPERUMBUDUR,1094.0,13.23,0.83,42.1,112.68,0,12.6,0
MUNDRA_TO_BHIWANDI,872.85,11.64,1.33,43.0,4.08,0,13.09,0
JNPT_TO_BHIWANDI,67.55,0.92,0.28,34.58,17.77,0,1.08,0
MUNDRA_TO_BHIWANDI,872.85,11.64,0.06,23.78,335.06,0,13.22,0
BHIWANDI_TO_CHAKAN,156.03,1.93,0.2,49.59,24.13,0,2.24,0
CHAKAN_TO_SRIPERUMBUDUR,1094.0,13.23,0.81,15.24,176.5,0,13.41,0
JNPT_TO_BHIWANDI,67.55,0.92,1.14,46.33,131.05,0,1.03,0
JNPT_TO_BHIWANDI,67.55,0.92,0.03,23.45,203.18,0,1.06,0
CHAKAN_TO_SRIPERUMBUDUR,1094.0,13.23,1.24,39.29,82.31,0,13.6,0
BHIWANDI_TO_CHAKAN,156.03,1.93,0.65,37.34,309.36,0,2.62,1
JNPT_TO_BHIWANDI,67.55,0.92,8.52,43.46,61.23,0,0.9,0
MUNDRA_TO_BHIWANDI,872.85,11.64,0.93,47.39,500.7,0,13.85,0
BHIWANDI_TO_CHAKAN,156.03,1.93,0.47,43.42,421.39,0,2.72,1
JNPT_TO_CHAKAN,136.67,1.75,10.46,35.2,188.08,0,1.61,0
JNPT_TO_CHAKAN,136.67,1.75,4.23,58.68,357.74,0,1.98,0
JNPT_TO_BHIWANDI,67.55,0.92,1.19,48.66,137.07,0,0.95,0
CHAKAN_TO_SRIPERUMBUDUR,1094.0,13.23,0.83,31.15,60.09,0,13.75,0
MUNDRA_TO_BHIWANDI,872.85,11.64,1.77,40.13,72.36,0,11.33,0
BHIWANDI_TO_CHAKAN,156.03,1.93,1.73,52.06,19.66,0,1.89,0
JNPT_TO_BHIWANDI,67.55,0.92,1.71,58.32,141.89,0,1.05,0
MUNDRA_TO_BHIWANDI,872.85,11.64,12.55,38.16,11.18,0,11.37,0
JNPT_TO_BHIWANDI,67.55,0.92,1.1,58.8,56.55,0,1.06,0
MUNDRA_TO_BHIWANDI,872.85,11.64,2.25,22.53,79.06,0,11.53,0
BHIWANDI_TO_CHAKAN,156.03,1.93,0.56,13.57,89.68,0,2.07,0
JNPT_TO_CHAKAN,136.67,1.75,0.61,19.81,16.01,0,1.89,0
MUNDRA_TO_BHIWANDI,872.85,11.64,14.75,42.65,10.37,0,11.34,0
CHAKAN_TO_SRIPERUMBUDUR,1094.0,13.23,0.93,56.78,82.6,0,13.11,0
MUNDRA_TO_BHIWANDI,872.85,11.64,1.42,12.32,68.89,0,13.7,0
BHIWANDI_TO_CHAKAN,156.03,1.93,8.21,13.3,3.42,0,2.13,0
CHAKAN_TO_SRIPERUMBUDUR,1094.0,13.23,1.05,59.49,117.09,0,13.77,0
JNPT_TO_CHAKAN,136.67,1.75,0.3,46.59,6.39,0,2.02,0
JNPT_TO_BHIWANDI,67.55,0.92,0.65,18.89,13.1,0,1.0,0
JNPT_TO_BHIWANDI,67.55,0.92,1.63,23.17,106.27,0,1.06,0
CHAKAN_TO_SRIPERUMBUDUR,1094.0,13.23,0.53,55.06,5.02,0,14.42,0
MUNDRA_TO_BHIWANDI,872.85,11.64,1.43,32.06,17.75,0,13.43,0
JNPT_TO_BHIWANDI,67.55,0.92,0.13,14.14,13.25,0,0.91,0
BHIWANDI_TO_CHAKAN,156.03,1.93,1.93,14.98,26.02,0,1.95,0
JNPT_TO_BHIWANDI,67.55,0.92,1.53,30.86,4.37,0,0.91,0
MUNDRA_TO_BHIWANDI,872.85,11.64,1.23,31.73,53.59,0,11.71,0
BHIWANDI_TO_CHAKAN,156.03,1.93,0.33,18.81,21.3,0,2.17,0
CHAKAN_TO_SRIPERUMBUDUR,1094.0,13.23,1.82,33.8,133.2,0,12.02,0
CHAKAN_TO_SRIPERUMBUDUR,1094.0,13.23,1.35,48.63,103.92,0,15.41,0
JNPT_TO_CHAKAN,136.67,1.75,4.81,34.41,2.03,0,1.72,0
BHIWANDI_TO_CHAKAN,156.03,1.93,0.27,39.02,217.98,0,1.98,0
JNPT_TO_BHIWANDI,67.55,0.92,1.74,52.08,208.93,0,1.08,0
CHAKAN_TO_SRIPERUMBUDUR,1094.0,13.23,1.1,40.93,82.19,0,12.15,0
JNPT_TO_BHIWANDI,67.55,0.92,0.06,37.7,23.34,0,1.07,0
JNPT_TO_CHAKAN,136.67,1.75,0.21,28.4,242.95,0,1.99,0
CHAKAN_TO_SRIPERUMBUDUR,1094.0,13.23,1.53,27.76,84.5,0,13.27,0
MUNDRA_TO_BHIWANDI,872.85,11.64,1.22,27.4,58.09,0,13.91,0
JNPT_TO_CHAKAN,136.67,1.75,1.18,12.21,1.3,0,1.71,0
MUNDRA_TO_BHIWANDI,872.85,11.64,5.39,34.12,60.74,0,10.62,0
JNPT_TO_CHAKAN,136.67,1.75,1.74,39.89,197.8,0,1.64,0
MUNDRA_TO_BHIWANDI,872.85,11.64,3.56,27.53,197.74,0,12.99,0
JNPT_TO_CHAKAN,136.67,1.75,0.53,25.65,17.63,0,2.0,0
BHIWANDI_TO_CHAKAN,156.03,1.93,6.46,43.41,69.77,0,1.91,0
CHAKAN_TO_SRIPERUMBUDUR,1094.0,13.23,8.64,33.1,37.22,0,15.69,0
CHAKAN_TO_SRIPERUMBUDUR,1094.0,13.23,1.39,52.54,172.95,0,12.76,0
BHIWANDI_TO_CHAKAN,156.03,1.93,1.98,33.25,182.61,0,1.89,0
BHIWANDI_TO_CHAKAN,156.03,1.93,0.63,12.53,16.05,0,2.29,0
BHIWANDI_TO_CHAKAN,156.03,1.93,0.82,24.48,0.22,0,2.07,0
JNPT_TO_CHAKAN,136.67,1.75,0.66,29.93,223.8,0,1.74,0
JNPT_TO_CHAKAN,136.67,1.75,1.01,40.06,138.35,1,7.72,1
CHAKAN_TO_SRIPERUMBUDUR,1094.0,13.23,0.34,56.79,27.94,0,12.59,0
JNPT_TO_BHIWANDI,67.55,0.92,3.11,54.31,82.79,0,1.05,0
BHIWANDI_TO_CHAKAN,156.03,1.93,0.87,19.37,303.36,0,2.17,0
BHIWANDI_TO_CHAKAN,156.03,1.93,1.54,31.42,32.26,0,2.15,0
CHAKAN_TO_SRIPERUMBUDUR,1094.0,13.23,1.1,15.64,96.25,0,13.39,0
JNPT_TO_CHAKAN,136.67,1.75,1.21,41.53,45.49,0,1.84,0
CHAKAN_TO_SRIPERUMBUDUR,1094.0,13.23,2.75,53.25,47.4,0,14.81,0
CHAKAN_TO_SRIPERUMBUDUR,1094.0,13.23,0.18,16.51,28.45,0,12.8,0
CHAKAN_TO_SRIPERUMBUDUR,1094.0,13.23,1.63,56.33,89.36,0,12.27,0
MUNDRA_TO_BHIWANDI,872.85,11.64,0.45,56.88,39.61,0,12.39,0
JNPT_TO_BHIWANDI,67.55,0.92,0.57,53.89,112.43,0,0.85,0
JNPT_TO_BHIWANDI,67.55,0.92,0.25,54.79,26.32,0,1.1,0
JNPT_TO_CHAKAN,136.67,1.75,0.35,30.19,141.31,0,1.63,0
CHAKAN_TO_SRIPERUMBUDUR,1094.0,13.23,0.68,23.75,40.95,0,15.83,0
JNPT_TO_BHIWANDI,67.55,0.92,1.6,59.03,1.63,0,0.85,0
JNPT_TO_CHAKAN,136.67,1.75,6.45,14.16,4.3,0,1.78,0
CHAKAN_TO_SRIPERUMBUDUR,1094.0,13.23,0.12,35.99,89.64,0,15.5,0
JNPT_TO_BHIWANDI,67.55,0.92,1.1,51.19,80.2,0,1.09,0
BHIWANDI_TO_CHAKAN,156.03,1.93,1.09,55.37,106.77,0,1.85,0
MUNDRA_TO_BHIWANDI,872.85,11.64,1.08,12.23,124.03,0,13.64,0
JNPT_TO_CHAKAN,136.67,1.75,0.65,56.59,12.8,0,1.58,0
BHIWANDI_TO_CHAKAN,156.03,1.93,1.07,34.71,68.17,0,1.88,0
JNPT_TO_BHIWANDI,67.55,0.92,0.15,23.64,92.35,0,0.91,0
JNPT_TO_CHAKAN,136.67,1.75,0.76,11.17,135.93,0,1.78,0
MUNDRA_TO_BHIWANDI,872.85,11.64,0.52,50.54,48.21,0,11.08,0
BHIWANDI_TO_CHAKAN,156.03,1.93,0.4,20.11,114.27,0,1.92,0
JNPT_TO_CHAKAN,136.67,1.75,1.92,22.87,83.15,0,1.7,0
BHIWANDI_TO_CHAKAN,156.03,1.93,0.02,54.73,94.13,0,1.94,0
JNPT_TO_CHAKAN,136.67,1.75,1.96,37.81,115.71,0,1.67,0
JNPT_TO_CHAKAN,136.67,1.75,0.15,10.15,12.46,0,1.6,0
JNPT_TO_BHIWANDI,67.55,0.92,0.92,13.48,224.85,0,0.88,0
JNPT_TO_CHAKAN,136.67,1.75,17.3,32.84,60.39,0,3.66,1
JNPT_TO_BHIWANDI,67.55,0.92,0.26,12.81,220.14,0,0.9,0
JNPT_TO_BHIWANDI,67.55,0.92,0.57,26.03,5.11,0,0.95,0
MUNDRA_TO_BHIWANDI,872.85,11.64,1.41,31.23,374.2,0,12.19,0
JNPT_TO_BHIWANDI,67.55,0.92,0.13,59.22,43.22,0,1.02,0
MUNDRA_TO_BHIWANDI,872.85,11.64,0.12,43.84,35.64,0,11.75,0
MUNDRA_TO_BHIWANDI,872.85,11.64,0.78,11.8,266.49,0,11.44,0
BHIWANDI_TO_CHAKAN,156.03,1.93,0.24,31.6,27.5,0,2.17,0
BHIWANDI_TO_CHAKAN,156.03,1.93,1.55,35.03,108.95,1,5.73,1
JNPT_TO_BHIWANDI,67.55,0.92,1.95,23.01,24.87,0,0.85,0
BHIWANDI_TO_CHAKAN,156.03,1.93,1.83,57.5,208.63,0,2.21,0
MUNDRA_TO_BHIWANDI,872.85,11.64,0.34,55.06,23.99,0,10.51,0
CHAKAN_TO_SRIPERUMBUDUR,1094.0,13.23,0.43,40.15,63.46,0,12.36,0
MUNDRA_TO_BHIWANDI,872.85,11.64,1.91,16.2,165.8,0,13.08,0
CHAKAN_TO_SRIPERUMBUDUR,1094.0,13.23,0.55,27.8,90.76,0,12.78,0
BHIWANDI_TO_CHAKAN,156.03,1.93,0.1,57.59,200.78,0,1.74,0
BHIWANDI_TO_CHAKAN,156.03,1.93,4.26,15.04,39.29,0,1.97,0
MUNDRA_TO_BHIWANDI,872.85,11.64,1.0,47.01,23.72,0,13.46,0
JNPT_TO_BHIWANDI,67.55,0.92,1.3,26.12,490.69,0,1.33,1
MUNDRA_TO_BHIWANDI,872.85,11.64,2.79,37.23,37.74,0,10.48,0
CHAKAN_TO_SRIPERUMBUDUR,1094.0,13.23,0.83,12.91,4.21,0,14.21,0
BHIWANDI_TO_CHAKAN,156.03,1.93,1.77,15.26,31.61,0,1.9,0
JNPT_TO_CHAKAN,136.67,1.75,1.27,36.27,170.32,0,1.98,0
JNPT_TO_BHIWANDI,67.55,0.92,0.36,15.25,333.06,0,1.42,1
JNPT_TO_CHAKAN,136.67,1.75,1.98,33.59,49.32,0,1.95,0
CHAKAN_TO_SRIPERUMBUDUR,1094.0,13.23,0.85,41.68,59.11,0,15.85,0
MUNDRA_TO_BHIWANDI,872.85,11.64,1.7,19.83,18.8,0,12.42,0
CHAKAN_TO_SRIPERUMBUDUR,1094.0,13.23,15.29,34.13,59.52,0,15.81,0
BHIWANDI_TO_CHAKAN,156.03,1.93,1.35,39.95,12.72,0,1.88,0
JNPT_TO_BHIWANDI,67.55,0.92,0.75,43.33,191.7,0,0.92,0
BHIWANDI_TO_CHAKAN,156.03,1.93,0.15,52.71,208.88,0,1.97,0
MUNDRA_TO_BHIWANDI,872.85,11.64,1.84,15.24,241.88,0,12.24,0
BHIWANDI_TO_CHAKAN,156.03,1.93,0.74,19.77,5.15,0,1.88,0
CHAKAN_TO_SRIPERUMBUDUR,1094.0,13.23,1.51,31.92,337.94,0,13.79,0
CHAKAN_TO_SRIPERUMBUDUR,1094.0,13.23,0.02,57.58,582.54,0,14.72,0
JNPT_TO_BHIWANDI,67.55,0.92,2.06,10.66,45.96,0,1.06,0
CHAKAN_TO_SRIPERUMBUDUR,1094.0,13.23,1.01,28.16,28.81,0,15.08,0
MUNDRA_TO_BHIWANDI,872.85,11.64,0.11,22.71,50.9,0,12.25,0
JNPT_TO_CHAKAN,136.67,1.75,1.72,40.31,71.07,0,1.81,0
JNPT_TO_BHIWANDI,67.55,0.92,0.39,56.88,51.73,0,0.86,0
BHIWANDI_TO_CHAKAN,156.03,1.93,2.09,55.4,142.32,0,1.78,0
JNPT_TO_CHAKAN,136.67,1.75,1.41,50.5,310.39,0,2.31,1
CHAKAN_TO_SRIPERUMBUDUR,1094.0,13.23,0.18,44.39,113.73,0,13.13,0
JNPT_TO_BHIWANDI,67.55,0.92,0.8,14.81,32.02,1,7.39,1
JNPT_TO_CHAKAN,136.67,1.75,1.98,45.25,39.45,0,1.96,0
MUNDRA_TO_BHIWANDI,872.85,11.64,2.67,40.8,183.77,0,12.42,0
CHAKAN_TO_SRIPERUMBUDUR,1094.0,13.23,0.39,34.85,38.5,0,15.23,0
MUNDRA_TO_BHIWANDI,872.85,11.64,1.26,34.34,7.31,0,11.98,0
MUNDRA_TO_BHIWANDI,872.85,11.64,0.56,10.31,144.0,0,11.53,0
BHIWANDI_TO_CHAKAN,156.03,1.93,0.11,49.39,134.91,0,1.76,0
MUNDRA_TO_BHIWANDI,872.85,11.64,1.35,43.75,124.13,0,13.06,0
CHAKAN_TO_SRIPERUMBUDUR,1094.0,13.23,12.84,37.49,171.77,0,15.68,0
CHAKAN_TO_SRIPERUMBUDUR,1094.0,13.23,0.65,24.76,204.64,0,14.0,0
BHIWANDI_TO_CHAKAN,156.03,1.93,3.94,33.25,22.82,0,1.93,0
MUNDRA_TO_BHIWANDI,872.85,11.64,0.38,39.58,116.15,0,13.48,0
JNPT_TO_BHIWANDI,67.55,0.92,0.75,20.26,121.95,0,0.85,0
JNPT_TO_BHIWANDI,67.55,0.92,0.19,17.21,143.69,0,0.83,0
MUNDRA_TO_BHIWANDI,872.85,11.64,2.04,35.02,106.35,0,12.32,0
MUNDRA_TO_BHIWANDI,872.85,11.64,0.76,57.82,29.77,0,12.44,0
CHAKAN_TO_SRIPERUMBUDUR,1094.0,13.23,1.7,45.76,82.38,0,12.85,0
MUNDRA_TO_BHIWANDI,872.85,11.64,0.56,11.38,9.43,0,13.58,0
JNPT_TO_CHAKAN,136.67,1.75,1.16,10.07,474.27,0,2.1,0
JNPT_TO_CHAKAN,136.67,1.75,0.86,50.06,59.64,0,1.63,0
MUNDRA_TO_BHIWANDI,872.85,11.64,0.62,53.34,12.43,0,11.11,0
JNPT_TO_BHIWANDI,67.55,0.92,0.92,10.49,78.27,0,0.93,0
BHIWANDI_TO_CHAKAN,156.03,1.93,1.49,13.59,50.29,0,2.28,0
CHAKAN_TO_SRIPERUMBUDUR,1094.0,13.23,0.15,47.76,13.21,0,14.9,0
JNPT_TO_CHAKAN,136.67,1.75,0.15,16.31,4.71,0,1.84,0
JNPT_TO_CHAKAN,136.67,1.75,1.79,29.82,331.67,0,2.04,0
MUNDRA_TO_BHIWANDI,872.85,11.64,0.48,37.42,21.01,0,11.61,0
JNPT_TO_BHIWANDI,67.55,0.92,1.29,15.93,44.19,0,0.88,0
MUNDRA_TO_BHIWANDI,872.85,11.64,1.76,19.57,25.82,0,13.33,0
BHIWANDI_TO_CHAKAN,156.03,1.93,1.78,53.03,44.5,0,2.19,0
CHAKAN_TO_SRIPERUMBUDUR,1094.0,13.23,4.55,34.2,189.39,0,14.87,0
JNPT_TO_CHAKAN,136.67,1.75,1.2,31.96,48.3,0,1.86,0
BHIWANDI_TO_CHAKAN,156.03,1.93,1.06,20.43,298.9,0,1.96,0
CHAKAN_TO_SRIPERUMBUDUR,1094.0,13.23,1.12,45.29,139.4,0,15.33,0
JNPT_TO_BHIWANDI,67.55,0.92,17.36,30.84,13.19,0,2.57,1
MUNDRA_TO_BHIWANDI,872.85,11.64,1.7,55.91,58.42,0,11.67,0
BHIWANDI_TO_CHAKAN,156.03,1.93,1.53,53.83,79.04,0,2.08,0
JNPT_TO_CHAKAN,136.67,1.75,0.26,31.61,71.07,0,1.58,0
CHAKAN_TO_SRIPERUMBUDUR,1094.0,13.23,1.89,58.1,33.99,0,14.42,0
CHAKAN_TO_SRIPERUMBUDUR,1094.0,13.23,0.7,44.69,62.48,0,12.37,0
BHIWANDI_TO_CHAKAN,156.03,1.93,1.58,40.14,86.09,0,2.21,0
BHIWANDI_TO_CHAKAN,156.03,1.93,1.43,37.61,0.4,0,1.88,0
JNPT_TO_CHAKAN,136.67,1.75,1.34,45.13,8.25,0,1.77,0
BHIWANDI_TO_CHAKAN,156.03,1.93,0.22,27.5,26.77,0,2.25,0
MUNDRA_TO_BHIWANDI,872.85,11.64,1.74,30.82,80.85,0,12.03,0
MUNDRA_TO_BHIWANDI,872.85,11.64,1.4,43.05,13.39,0,11.14,0
JNPT_TO_BHIWANDI,67.55,0.92,1.21,21.6,164.66,0,1.01,0
JNPT_TO_BHIWANDI,67.55,0.92,1.65,19.49,131.25,0,1.01,0
MUNDRA_TO_BHIWANDI,872.85,11.64,0.94,43.71,26.18,0,10.9,0
JNPT_TO_CHAKAN,136.67,1.75,1.09,45.81,188.92,0,1.62,0
BHIWANDI_TO_CHAKAN,156.03,1.93,0.75,19.93,37.23,0,2.02,0
JNPT_TO_CHAKAN,136.67,1.75,1.42,41.11,12.12,0,1.62,0
JNPT_TO_CHAKAN,136.67,1.75,0.65,19.9,1.45,0,1.68,0
JNPT_TO_BHIWANDI,67.55,0.92,3.9,14.09,35.64,0,1.08,0
JNPT_TO_CHAKAN,136.67,1.75,3.34,22.25,201.43,0,2.08,0
CHAKAN_TO_SRIPERUMBUDUR,1094.0,13.23,0.63,36.9,423.49,0,13.77,0
JNPT_TO_CHAKAN,136.67,1.75,0.84,51.0,43.76,0,1.68,0
JNPT_TO_CHAKAN,136.67,1.75,0.86,53.59,243.69,0,2.02,0
CHAKAN_TO_SRIPERUMBUDUR,1094.0,13.23,0.55,36.33,73.55,0,14.38,0
MUNDRA_TO_BHIWANDI,872.85,11.64,0.38,28.14,145.97,0,12.1,0
CHAKAN_TO_SRIPERUMBUDUR,1094.0,13.23,1.71,20.62,144.5,0,12.47,0
JNPT_TO_BHIWANDI,67.55,0.92,0.78,43.27,169.01,0,0.93,0
MUNDRA_TO_BHIWANDI,872.85,11.64,1.34,22.96,90.06,0,13.95,0
BHIWANDI_TO_CHAKAN,156.03,1.93,0.53,18.89,71.57,0,1.88,0
CHAKAN_TO_SRIPERUMBUDUR,1094.0,13.23,0.69,35.89,334.95,0,15.15,0
JNPT_TO_CHAKAN,136.67,1.75,0.26,37.57,367.2,0,2.03,0
JNPT_TO_BHIWANDI,67.55,0.92,1.32,42.96,72.37,0,1.08,0
JNPT_TO_BHIWANDI,67.55,0.92,1.56,25.14,1.37,0,0.89,0
JNPT_TO_CHAKAN,136.67,1.75,0.1,12.37,89.08,0,2.02,0
CHAKAN_TO_SRIPERUMBUDUR,1094.0,13.23,1.44,30.54,34.31,0,15.59,0
JNPT_TO_BHIWANDI,67.55,0.92,1.57,26.07,129.38,0,1.03,0
JNPT_TO_BHIWANDI,67.55,0.92,0.98,29.69,69.65,0,0.85,0
JNPT_TO_CHAKAN,136.67,1.75,1.11,44.3,245.08,0,1.76,0
BHIWANDI_TO_CHAKAN,156.03,1.93,1.44,36.61,94.78,0,2.02,0
BHIWANDI_TO_CHAKAN,156.03,1.93,0.31,22.39,53.83,0,2.15,0
MUNDRA_TO_BHIWANDI,872.85,11.64,1.05,14.99,0.85,1,17.06,1
BHIWANDI_TO_CHAKAN,156.03,1.93,1.26,35.78,89.1,0,2.23,0
JNPT_TO_CHAKAN,136.67,1.75,0.43,19.53,109.81,0,1.62,0
MUNDRA_TO_BHIWANDI,872.85,11.64,1.33,53.18,62.21,0,13.78,0
JNPT_TO_CHAKAN,136.67,1.75,0.35,23.14,76.42,0,1.72,0
MUNDRA_TO_BHIWANDI,872.85,11.64,1.13,39.72,36.37,0,12.65,0
MUNDRA_TO_BHIWANDI,872.85,11.64,0.55,29.25,15.22,0,13.5,0
JNPT_TO_BHIWANDI,67.55,0.92,3.39,17.85,73.21,0,0.9,0
MUNDRA_TO_BHIWANDI,872.85,11.64,1.37,38.1,28.6,0,13.9,0
JNPT_TO_CHAKAN,136.67,1.75,5.58,25.02,69.24,0,1.86,0
BHIWANDI_TO_CHAKAN,156.03,1.93,0.1,35.48,83.44,0,1.88,0
MUNDRA_TO_BHIWANDI,872.85,11.64,0.57,45.75,274.76,0,13.37,0
CHAKAN_TO_SRIPERUMBUDUR,1094.0,13.23,1.49,56.29,206.37,0,13.87,0
JNPT_TO_CHAKAN,136.67,1.75,1.64,43.01,64.84,0,1.83,0
CHAKAN_TO_SRIPERUMBUDUR,1094.0,13.23,3.25,26.84,72.43,0,12.93,0
BHIWANDI_TO_CHAKAN,156.03,1.93,1.55,19.26,521.15,0,2.48,1
BHIWANDI_TO_CHAKAN,156.03,1.93,1.4,53.0,66.39,0,1.84,0
CHAKAN_TO_SRIPERUMBUDUR,1094.0,13.23,1.36,30.96,69.93,0,11.97,0
JNPT_TO_BHIWANDI,67.55,0.92,1.07,56.14,76.76,0,0.97,0
JNPT_TO_CHAKAN,136.67,1.75,1.68,49.26,212.62,0,1.94,0
CHAKAN_TO_SRIPERUMBUDUR,1094.0,13.23,8.07,49.24,19.46,0,12.09,0
MUNDRA_TO_BHIWANDI,872.85,11.64,1.99,21.74,193.58,0,11.66,0
CHAKAN_TO_SRIPERUMBUDUR,1094.0,13.23,0.95,56.88,4.2,0,13.61,0
CHAKAN_TO_SRIPERUMBUDUR,1094.0,13.23,4.92,52.43,46.41,0,15.58,0
BHIWANDI_TO_CHAKAN,156.03,1.93,0.34,58.89,100.09,0,1.78,0
CHAKAN_TO_SRIPERUMBUDUR,1094.0,13.23,1.92,58.6,226.26,0,12.4,0
BHIWANDI_TO_CHAKAN,156.03,1.93,1.18,13.62,27.09,0,1.9,0
CHAKAN_TO_SRIPERUMBUDUR,1094.0,13.23,1.85,12.76,4.36,0,12.52,0
MUNDRA_TO_BHIWANDI,872.85,11.64,0.74,21.41,38.51,0,10.82,0
CHAKAN_TO_SRIPERUMBUDUR,1094.0,13.23,1.5,12.87,360.29,0,13.92,0
BHIWANDI_TO_CHAKAN,156.03,1.93,12.08,19.86,335.32,0,2.2,0
JNPT_TO_BHIWANDI,67.55,0.92,3.35,17.67,152.69,0,0.92,0
JNPT_TO_BHIWANDI,67.55,0.92,0.16,14.54,86.03,0,0.98,0
BHIWANDI_TO_CHAKAN,156.03,1.93,1.53,56.29,130.04,0,1.76,0
JNPT_TO_BHIWANDI,67.55,0.92,1.5,30.59,36.65,0,0.95,0
MUNDRA_TO_BHIWANDI,872.85,11.64,0.81,57.1,38.37,0,12.19,0
JNPT_TO_CHAKAN,136.67,1.75,1.83,41.54,10.08,0,1.77,0
JNPT_TO_CHAKAN,136.67,1.75,1.34,35.85,2.95,0,1.67,0
BHIWANDI_TO_CHAKAN,156.03,1.93,0.43,36.0,118.71,0,2.09,0
MUNDRA_TO_BHIWANDI,872.85,11.64,0.09,11.3,27.13,0,12.87,0
BHIWANDI_TO_CHAKAN,156.03,1.93,0.78,37.0,61.59,0,2.23,0
JNPT_TO_CHAKAN,136.67,1.75,0.05,19.03,19.15,0,2.05,0
CHAKAN_TO_SRIPERUMBUDUR,1094.0,13.23,0.8,18.04,8.49,0,15.28,0
BHIWANDI_TO_CHAKAN,156.03,1.93,1.89,16.06,1.25,0,1.95,0
JNPT_TO_BHIWANDI,67.55,0.92,0.02,37.23,106.37,0,0.86,0
JNPT_TO_CHAKAN,136.67,1.75,1.43,55.77,65.55,0,1.92,0
MUNDRA_TO_BHIWANDI,872.85,11.64,1.42,47.86,6.76,0,13.66,0
JNPT_TO_BHIWANDI,67.55,0.92,1.15,51.95,38.61,0,0.99,0
MUNDRA_TO_BHIWANDI,872.85,11.64,0.84,15.65,52.42,0,12.46,0
MUNDRA_TO_BHIWANDI,872.85,11.64,1.1,15.06,3.79,0,12.21,0
BHIWANDI_TO_CHAKAN,156.03,1.93,1.38,26.49,186.37,0,1.82,0
JNPT_TO_CHAKAN,136.67,1.75,1.11,35.49,87.24,0,1.9,0
MUNDRA_TO_BHIWANDI,872.85,11.64,0.11,37.93,3.51,0,12.62,0
JNPT_TO_BHIWANDI,67.55,0.92,1.47,14.33,95.83,0,1.03,0
BHIWANDI_TO_CHAKAN,156.03,1.93,0.5,47.06,11.39,0,2.16,0
JNPT_TO_CHAKAN,136.67,1.75,0.6,18.81,157.51,0,1.61,0
BHIWANDI_TO_CHAKAN,156.03,1.93,10.7,47.04,54.87,0,1.89,0
MUNDRA_TO_BHIWANDI,872.85,11.64,0.62,23.88,127.96,0,12.43,0
JNPT_TO_CHAKAN,136.67,1.75,0.46,30.52,71.65,0,2.04,0
CHAKAN_TO_SRIPERUMBUDUR,1094.0,13.23,1.65,11.32,99.87,0,12.4,0
MUNDRA_TO_BHIWANDI,872.85,11.64,1.11,56.83,75.09,0,12.89,0
BHIWANDI_TO_CHAKAN,156.03,1.93,1.99,22.75,32.42,0,1.94,0
CHAKAN_TO_SRIPERUMBUDUR,1094.0,13.23,0.07,49.39,95.31,0,13.93,0
BHIWANDI_TO_CHAKAN,156.03,1.93,2.15,17.72,121.75,0,1.96,0
BHIWANDI_TO_CHAKAN,156.03,1.93,0.61,15.49,100.82,0,2.13,0
BHIWANDI_TO_CHAKAN,156.03,1.93,0.22,45.87,239.47,0,1.92,0
JNPT_TO_BHIWANDI,67.55,0.92,0.81,44.31,44.27,0,1.03,0
JNPT_TO_CHAKAN,136.67,1.75,1.71,12.05,42.66,0,1.62,0
JNPT_TO_BHIWANDI,67.55,0.92,1.09,41.18,149.0,0,0.87,0
JNPT_TO_BHIWANDI,67.55,0.92,4.69,12.04,206.6,0,0.85,0
CHAKAN_TO_SRIPERUMBUDUR,1094.0,13.23,0.27,20.09,22.42,0,15.69,0
JNPT_TO_BHIWANDI,67.55,0.92,0.33,43.54,154.72,0,0.9,0
MUNDRA_TO_BHIWANDI,872.85,11.64,0.4,40.44,123.29,0,13.45,0
BHIWANDI_TO_CHAKAN,156.03,1.93,1.68,39.6,76.06,0,1.79,0
BHIWANDI_TO_CHAKAN,156.03,1.93,0.09,32.35,4.15,0,2.08,0
JNPT_TO_BHIWANDI,67.55,0.92,1.07,28.65,147.86,0,1.07,0
BHIWANDI_TO_CHAKAN,156.03,1.93,1.21,59.81,135.56,0,1.88,0
JNPT_TO_BHIWANDI,67.55,0.92,0.6,59.26,178.1,0,0.97,0
JNPT_TO_CHAKAN,136.67,1.75,0.81,31.14,27.55,0,1.84,0
JNPT_TO_BHIWANDI,67.55,0.92,1.56,44.89,30.71,0,0.94,0
CHAKAN_TO_SRIPERUMBUDUR,1094.0,13.23,0.85,25.18,123.02,0,13.44,0
JNPT_TO_BHIWANDI,67.55,0.92,7.3,44.09,89.48,0,0.88,0
JNPT_TO_CHAKAN,136.67,1.75,0.01,11.1,147.94,0,1.58,0
CHAKAN_TO_SRIPERUMBUDUR,1094.0,13.23,1.86,34.59,139.37,0,14.15,0
JNPT_TO_CHAKAN,136.67,1.75,1.47,22.93,489.52,0,2.37,1
CHAKAN_TO_SRIPERUMBUDUR,1094.0,13.23,1.05,16.61,130.49,0,12.25,0
CHAKAN_TO_SRIPERUMBUDUR,1094.0,13.23,1.78,20.5,78.1,0,13.91,0
MUNDRA_TO_BHIWANDI,872.85,11.64,0.7,54.97,77.73,0,13.73,0
JNPT_TO_CHAKAN,136.67,1.75,23.68,12.51,66.25,0,4.18,1
JNPT_TO_CHAKAN,136.67,1.75,0.87,53.04,167.99,0,1.84,0
MUNDRA_TO_BHIWANDI,872.85,11.64,9.9,52.43,28.93,0,11.99,0
CHAKAN_TO_SRIPERUMBUDUR,1094.0,13.23,0.93,12.26,178.25,0,15.47,0
JNPT_TO_CHAKAN,136.67,1.75,0.72,20.12,82.9,0,2.02,0
BHIWANDI_TO_CHAKAN,156.03,1.93,1.92,58.36,109.55,0,2.01,0
JNPT_TO_CHAKAN,136.67,1.75,1.45,14.11,8.03,0,1.6,0
CHAKAN_TO_SRIPERUMBUDUR,1094.0,13.23,1.27,28.04,310.31,0,13.39,0
BHIWANDI_TO_CHAKAN,156.03,1.93,0.69,14.31,8.57,0,1.85,0
JNPT_TO_BHIWANDI,67.55,0.92,1.56,11.17,127.32,0,0.91,0
JNPT_TO_CHAKAN,136.67,1.75,0.29,41.64,10.94,0,2.0,0
BHIWANDI_TO_CHAKAN,156.03,1.93,1.65,44.3,31.71,1,8.81,1
JNPT_TO_CHAKAN,136.67,1.75,1.87,18.88,83.94,0,1.97,0
JNPT_TO_BHIWANDI,67.55,0.92,0.74,11.25,42.51,0,0.91,0
JNPT_TO_BHIWANDI,67.55,0.92,1.58,51.35,147.88,0,1.06,0
JNPT_TO_BHIWANDI,67.55,0.92,1.08,13.77,60.27,0,1.03,0
JNPT_TO_BHIWANDI,67.55,0.92,1.53,16.22,110.7,0,0.87,0
BHIWANDI_TO_CHAKAN,156.03,1.93,1.93,53.75,74.79,0,2.29,0
MUNDRA_TO_BHIWANDI,872.85,11.64,0.67,53.52,75.6,0,13.61,0
MUNDRA_TO_BHIWANDI,872.85,11.64,1.72,39.63,1.19,0,13.51,0
BHIWANDI_TO_CHAKAN,156.03,1.93,1.65,25.6,22.8,0,1.78,0
CHAKAN_TO_SRIPERUMBUDUR,1094.0,13.23,1.82,31.87,197.4,0,14.07,0
BHIWANDI_TO_CHAKAN,156.03,1.93,1.34,28.73,21.61,0,1.97,0
MUNDRA_TO_BHIWANDI,872.85,11.64,1.77,19.46,4.57,0,12.53,0
CHAKAN_TO_SRIPERUMBUDUR,1094.0,13.23,0.89,28.08,66.15,0,15.73,0
CHAKAN_TO_SRIPERUMBUDUR,1094.0,13.23,1.83,13.42,126.75,0,12.81,0
MUNDRA_TO_BHIWANDI,872.85,11.64,0.22,55.02,8.74,0,11.41,0
CHAKAN_TO_SRIPERUMBUDUR,1094.0,13.23,1.01,41.14,690.3,0,12.68,0
MUNDRA_TO_BHIWANDI,872.85,11.64,1.02,40.91,17.49,0,13.32,0
MUNDRA_TO_BHIWANDI,872.85,11.64,0.17,46.17,458.76,0,11.41,0
JNPT_TO_CHAKAN,136.67,1.75,3.89,33.11,116.96,0,2.03,0
JNPT_TO_CHAKAN,136.67,1.75,0.33,58.91,1.89,0,1.88,0
MUNDRA_TO_BHIWANDI,872.85,11.64,0.84,33.33,110.33,0,13.22,0
JNPT_TO_CHAKAN,136.67,1.75,0.33,51.79,8.92,0,1.71,0
MUNDRA_TO_BHIWANDI,872.85,11.64,0.54,48.11,7.08,0,11.11,0
BHIWANDI_TO_CHAKAN,156.03,1.93,10.61,55.62,289.55,0,1.86,0
CHAKAN_TO_SRIPERUMBUDUR,1094.0,13.23,18.23,29.19,28.4,0,14.46,0
CHAKAN_TO_SRIPERUMBUDUR,1094.0,13.23,0.2,22.43,72.83,0,12.36,0
JNPT_TO_BHIWANDI,67.55,0.92,0.68,53.95,1.65,0,1.05,0
JNPT_TO_BHIWANDI,67.55,0.92,0.98,10.31,137.58,0,1.03,0
JNPT_TO_BHIWANDI,67.55,0.92,0.8,29.08,1.83,0,0.89,0
JNPT_TO_BHIWANDI,67.55,0.92,1.61,50.44,309.53,0,1.25,1
JNPT_TO_CHAKAN,136.67,1.75,1.2,39.16,203.55,0,1.75,0
JNPT_TO_CHAKAN,136.67,1.75,1.38,24.21,74.57,0,1.68,0
BHIWANDI_TO_CHAKAN,156.03,1.93,1.02,35.96,269.34,0,2.18,0
MUNDRA_TO_BHIWANDI,872.85,11.64,1.13,47.57,11.27,0,10.75,0
BHIWANDI_TO_CHAKAN,156.03,1.93,0.52,15.23,101.01,0,2.25,0
JNPT_TO_CHAKAN,136.67,1.75,1.69,31.29,9.77,0,2.06,0
JNPT_TO_CHAKAN,136.67,1.75,1.19,10.98,3.23,0,2.06,0
JNPT_TO_BHIWANDI,67.55,0.92,0.45,48.65,39.39,0,1.01,0
JNPT_TO_BHIWANDI,67.55,0.92,0.17,55.71,164.06,0,0.9,0
BHIWANDI_TO_CHAKAN,156.03,1.93,0.46,46.51,83.68,0,2.12,0
JNPT_TO_BHIWANDI,67.55,0.92,0.74,23.8,34.98,0,0.88,0
JNPT_TO_BHIWANDI,67.55,0.92,0.51,32.39,5.33,0,0.92,0
JNPT_TO_CHAKAN,136.67,1.75,0.48,52.78,40.56,0,1.69,0
MUNDRA_TO_BHIWANDI,872.85,11.64,0.1,49.95,43.27,0,11.33,0
BHIWANDI_TO_CHAKAN,156.03,1.93,1.35,37.87,31.14,0,2.22,0
MUNDRA_TO_BHIWANDI,872.85,11.64,1.4,36.14,95.04,0,11.29,0
CHAKAN_TO_SRIPERUMBUDUR,1094.0,13.23,0.12,59.59,46.22,0,15.85,0
CHAKAN_TO_SRIPERUMBUDUR,1094.0,13.23,1.16,43.02,25.26,0,15.22,0
CHAKAN_TO_SRIPERUMBUDUR,1094.0,13.23,0.88,40.6,229.75,0,14.62,0
JNPT_TO_BHIWANDI,67.55,0.92,1.84,57.92,8.69,0,0.88,0
MUNDRA_TO_BHIWANDI,872.85,11.64,2.96,28.17,211.84,0,11.98,0
CHAKAN_TO_SRIPERUMBUDUR,1094.0,13.23,1.84,22.7,129.46,0,13.31,0
JNPT_TO_CHAKAN,136.67,1.75,1.5,16.29,375.25,0,2.28,1
JNPT_TO_CHAKAN,136.67,1.75,2.14,53.73,15.01,0,2.08,0
JNPT_TO_CHAKAN,136.67,1.75,0.82,16.09,93.55,0,2.07,0
BHIWANDI_TO_CHAKAN,156.03,1.93,2.14,38.8,171.26,0,2.17,0
BHIWANDI_TO_CHAKAN,156.03,1.93,1.78,32.89,20.46,0,2.23,0
BHIWANDI_TO_CHAKAN,156.03,1.93,0.1,26.71,74.5,0,2.03,0
BHIWANDI_TO_CHAKAN,156.03,1.93,0.12,50.89,24.68,0,2.3,0
JNPT_TO_CHAKAN,136.67,1.75,1.24,45.57,307.9,0,2.41,1
CHAKAN_TO_SRIPERUMBUDUR,1094.0,13.23,0.44,23.39,82.19,0,14.72,0
JNPT_TO_CHAKAN,136.67,1.75,14.64,17.25,153.63,0,1.59,0
CHAKAN_TO_SRIPERUMBUDUR,1094.0,13.23,0.27,53.92,227.36,0,14.78,0
MUNDRA_TO_BHIWANDI,872.85,11.64,0.32,18.66,183.63,0,11.35,0
BHIWANDI_TO_CHAKAN,156.03,1.93,1.34,41.01,8.95,0,1.83,0
MUNDRA_TO_BHIWANDI,872.85,11.64,0.71,44.82,117.8,0,12.05,0
MUNDRA_TO_BHIWANDI,872.85,11.64,0.11,58.58,78.73,0,13.39,0
JNPT_TO_CHAKAN,136.67,1.75,0.49,11.19,49.05,0,1.71,0
MUNDRA_TO_BHIWANDI,872.85,11.64,0.1,17.38,291.65,0,12.79,0
JNPT_TO_CHAKAN,136.67,1.75,7.02,18.57,75.96,0,1.71,0
JNPT_TO_BHIWANDI,67.55,0.92,0.17,22.76,133.78,0,0.92,0
BHIWANDI_TO_CHAKAN,156.03,1.93,0.86,22.4,15.78,0,2.29,0
JNPT_TO_CHAKAN,136.67,1.75,0.4,54.56,127.4,0,1.62,0
MUNDRA_TO_BHIWANDI,872.85,11.64,6.84,36.23,33.71,0,12.11,0
BHIWANDI_TO_CHAKAN,156.03,1.93,1.22,20.9,43.93,0,2.3,0
JNPT_TO_BHIWANDI,67.55,0.92,0.88,15.6,66.05,0,0.83,0
MUNDRA_TO_BHIWANDI,872.85,11.64,0.68,58.44,55.5,0,12.48,0
CHAKAN_TO_SRIPERUMBUDUR,1094.0,13.23,0.27,34.09,41.91,0,13.24,0
BHIWANDI_TO_CHAKAN,156.03,1.93,0.25,55.77,144.88,0,1.92,0
MUNDRA_TO_BHIWANDI,872.85,11.64,0.06,36.04,146.66,0,12.73,0
CHAKAN_TO_SRIPERUMBUDUR,1094.0,13.23,1.35,12.21,161.03,0,12.94,0
BHIWANDI_TO_CHAKAN,156.03,1.93,2.49,26.2,301.69,0,2.31,0
BHIWANDI_TO_CHAKAN,156.03,1.93,0.34,54.02,1.47,0,2.17,0
JNPT_TO_BHIWANDI,67.55,0.92,0.96,59.45,11.79,0,0.92,0
BHIWANDI_TO_CHAKAN,156.03,1.93,1.55,27.1,97.96,0,2.28,0
BHIWANDI_TO_CHAKAN,156.03,1.93,1.55,20.91,26.42,0,2.07,0
BHIWANDI_TO_CHAKAN,156.03,1.93,1.63,53.82,85.17,0,2.1,0
JNPT_TO_BHIWANDI,67.55,0.92,1.37,58.4,48.6,0,1.09,0
JNPT_TO_BHIWANDI,67.55,0.92,0.3,37.2,123.49,0,0.95,0
MUNDRA_TO_BHIWANDI,872.85,11.64,1.43,20.32,182.97,0,10.7,0
MUNDRA_TO_BHIWANDI,872.85,11.64,1.84,41.57,119.84,0,10.68,0
MUNDRA_TO_BHIWANDI,872.85,11.64,0.58,32.84,4.83,0,11.69,0
JNPT_TO_CHAKAN,136.67,1.75,0.35,12.53,8.31,0,1.92,0
MUNDRA_TO_BHIWANDI,872.85,11.64,0.51,13.87,11.23,0,12.46,0
BHIWANDI_TO_CHAKAN,156.03,1.93,1.76,59.4,73.52,1,5.65,1
BHIWANDI_TO_CHAKAN,156.03,1.93,0.16,39.4,147.98,0,2.16,0
CHAKAN_TO_SRIPERUMBUDUR,1094.0,13.23,3.04,12.86,30.28,0,14.23,0
MUNDRA_TO_BHIWANDI,872.85,11.64,0.8,16.93,40.37,0,12.77,0
MUNDRA_TO_BHIWANDI,872.85,11.64,1.15,36.49,0.17,0,12.23,0
JNPT_TO_BHIWANDI,67.55,0.92,1.07,16.91,150.42,0,1.08,0
BHIWANDI_TO_CHAKAN,156.03,1.93,1.11,11.81,612.77,0,2.66,1
BHIWANDI_TO_CHAKAN,156.03,1.93,1.8,26.53,160.16,0,2.26,0
JNPT_TO_BHIWANDI,67.55,0.92,1.51,44.04,25.22,0,0.91,0
CHAKAN_TO_SRIPERUMBUDUR,1094.0,13.23,7.48,42.34,28.58,0,13.79,0
JNPT_TO_CHAKAN,136.67,1.75,0.98,55.41,213.7,0,1.93,0
CHAKAN_TO_SRIPERUMBUDUR,1094.0,13.23,0.02,31.13,282.84,0,15.54,0
BHIWANDI_TO_CHAKAN,156.03,1.93,1.46,52.98,140.13,0,1.95,0
MUNDRA_TO_BHIWANDI,872.85,11.64,1.94,11.54,7.39,0,12.62,0
BHIWANDI_TO_CHAKAN,156.03,1.93,0.79,17.38,84.01,0,1.84,0
BHIWANDI_TO_CHAKAN,156.03,1.93,1.47,27.1,197.39,0,2.05,0
JNPT_TO_BHIWANDI,67.55,0.92,0.1,39.12,208.55,0,1.03,0
JNPT_TO_BHIWANDI,67.55,0.92,0.13,25.94,50.94,0,0.89,0
BHIWANDI_TO_CHAKAN,156.03,1.93,0.06,19.89,302.17,0,2.4,0
CHAKAN_TO_SRIPERUMBUDUR,1094.0,13.23,1.02,14.85,42.42,0,15.83,0
MUNDRA_TO_BHIWANDI,872.85,11.64,0.74,26.55,55.03,0,13.47,0
MUNDRA_TO_BHIWANDI,872.85,11.64,0.31,20.06,41.29,0,13.77,0
JNPT_TO_CHAKAN,136.67,1.75,1.45,36.73,127.78,0,1.64,0
JNPT_TO_CHAKAN,136.67,1.75,1.76,55.1,111.11,0,1.99,0
JNPT_TO_CHAKAN,136.67,1.75,0.05,33.13,68.83,0,1.96,0
CHAKAN_TO_SRIPERUMBUDUR,1094.0,13.23,1.87,57.32,4.32,0,12.31,0
CHAKAN_TO_SRIPERUMBUDUR,1094.0,13.23,1.35,50.86,65.01,0,12.3,0
JNPT_TO_CHAKAN,136.67,1.75,1.63,33.64,35.7,0,2.02,0
MUNDRA_TO_BHIWANDI,872.85,11.64,1.78,52.27,57.75,0,10.87,0
BHIWANDI_TO_CHAKAN,156.03,1.93,0.61,25.11,16.71,0,2.12,0
JNPT_TO_BHIWANDI,67.55,0.92,1.79,48.43,205.27,0,0.98,0
JNPT_TO_BHIWANDI,67.55,0.92,1.01,25.52,162.84,0,1.04,0
JNPT_TO_CHAKAN,136.67,1.75,0.32,55.32,169.53,0,1.91,0
BHIWANDI_TO_CHAKAN,156.03,1.93,1.47,35.96,4.53,0,2.06,0
JNPT_TO_BHIWANDI,67.55,0.92,1.53,58.34,226.81,0,0.95,0
JNPT_TO_BHIWANDI,67.55,0.92,0.65,42.77,11.11,0,0.92,0
MUNDRA_TO_BHIWANDI,872.85,11.64,0.31,39.7,116.44,0,11.39,0
MUNDRA_TO_BHIWANDI,872.85,11.64,1.61,26.43,79.69,0,13.15,0
MUNDRA_TO_BHIWANDI,872.85,11.64,0.12,11.18,16.56,0,13.01,0
BHIWANDI_TO_CHAKAN,156.03,1.93,0.78,24.49,54.71,0,2.12,0
JNPT_TO_CHAKAN,136.67,1.75,1.68,11.8,61.98,0,2.06,0
JNPT_TO_CHAKAN,136.67,1.75,5.92,53.86,9.0,0,2.0,0
MUNDRA_TO_BHIWANDI,872.85,11.64,0.51,13.59,369.75,0,11.51,0
JNPT_TO_CHAKAN,136.67,1.75,0.28,47.7,81.72,0,1.96,0
MUNDRA_TO_BHIWANDI,872.85,11.64,1.52,42.17,282.71,0,11.55,0
MUNDRA_TO_BHIWANDI,872.85,11.64,4.07,56.1,63.06,0,13.61,0
CHAKAN_TO_SRIPERUMBUDUR,1094.0,13.23,1.49,46.07,61.86,0,15.56,0
MUNDRA_TO_BHIWANDI,872.85,11.64,0.25,20.89,183.44,0,13.27,0
MUNDRA_TO_BHIWANDI,872.85,11.64,1.54,14.85,258.57,0,11.96,0
BHIWANDI_TO_CHAKAN,156.03,1.93,1.49,49.06,27.43,0,1.88,0
MUNDRA_TO_BHIWANDI,872.85,11.64,2.0,39.51,152.4,0,12.79,0
MUNDRA_TO_BHIWANDI,872.85,11.64,0.9,42.08,64.3,0,11.9,0
MUNDRA_TO_BHIWANDI,872.85,11.64,0.14,57.6,198.85,0,11.7,0
BHIWANDI_TO_CHAKAN,156.03,1.93,1.2,10.81,102.25,0,1.87,0
BHIWANDI_TO_CHAKAN,156.03,1.93,0.03,17.03,175.51,0,1.8,0
MUNDRA_TO_BHIWANDI,872.85,11.64,4.1,27.38,212.88,0,12.96,0
BHIWANDI_TO_CHAKAN,156.03,1.93,1.44,31.66,201.46,0,1.94,0
BHIWANDI_TO_CHAKAN,156.03,1.93,0.95,42.76,258.17,0,1.88,0
BHIWANDI_TO_CHAKAN,156.03,1.93,17.21,44.57,1085.33,0,4.72,1
MUNDRA_TO_BHIWANDI,872.85,11.64,10.88,26.27,251.75,0,11.85,0
BHIWANDI_TO_CHAKAN,156.03,1.93,1.63,28.08,106.55,0,2.13,0
MUNDRA_TO_BHIWANDI,872.85,11.64,0.5,37.44,140.3,0,10.9,0
JNPT_TO_BHIWANDI,67.55,0.92,1.19,22.12,48.3,0,0.91,0
BHIWANDI_TO_CHAKAN,156.03,1.93,1.1,50.06,60.7,0,1.82,0
BHIWANDI_TO_CHAKAN,156.03,1.93,0.58,20.1,22.9,0,1.86,0
BHIWANDI_TO_CHAKAN,156.03,1.93,0.37,10.16,7.6,0,1.75,0
JNPT_TO_BHIWANDI,67.55,0.92,3.51,42.02,129.57,0,1.06,0
MUNDRA_TO_BHIWANDI,872.85,11.64,4.85,15.68,19.16,0,12.55,0
JNPT_TO_BHIWANDI,67.55,0.92,2.69,33.31,67.14,0,0.86,0
CHAKAN_TO_SRIPERUMBUDUR,1094.0,13.23,5.37,58.92,53.72,0,12.99,0
BHIWANDI_TO_CHAKAN,156.03,1.93,0.52,13.24,107.52,0,2.16,0
JNPT_TO_CHAKAN,136.67,1.75,2.67,40.08,184.76,0,1.71,0
CHAKAN_TO_SRIPERUMBUDUR,1094.0,13.23,1.98,31.45,116.44,0,12.18,0
JNPT_TO_BHIWANDI,67.55,0.92,1.41,57.29,64.29,0,0.84,0
BHIWANDI_TO_CHAKAN,156.03,1.93,1.16,39.38,49.61,0,2.23,0
JNPT_TO_CHAKAN,136.67,1.75,1.63,25.56,159.49,0,1.94,0
JNPT_TO_BHIWANDI,67.55,0.92,0.55,16.55,124.59,0,0.83,0
MUNDRA_TO_BHIWANDI,872.85,11.64,9.53,29.57,97.74,0,13.49,0
BHIWANDI_TO_CHAKAN,156.03,1.93,0.49,13.74,21.27,0,2.24,0
JNPT_TO_BHIWANDI,67.55,0.92,0.86,43.54,5.49,0,0.97,0
BHIWANDI_TO_CHAKAN,156.03,1.93,0.21,28.02,15.74,0,2.1,0
CHAKAN_TO_SRIPERUMBUDUR,1094.0,13.23,0.46,46.93,136.76,0,13.23,0
BHIWANDI_TO_CHAKAN,156.03,1.93,0.87,24.49,128.54,0,2.01,0
JNPT_TO_CHAKAN,136.67,1.75,0.26,33.05,25.94,0,1.92,0
BHIWANDI_TO_CHAKAN,156.03,1.93,0.55,26.16,9.27,0,2.18,0
CHAKAN_TO_SRIPERUMBUDUR,1094.0,13.23,1.94,20.59,68.15,1,19.43,1
MUNDRA_TO_BHIWANDI,872.85,11.64,5.85,40.72,132.74,0,13.31,0
MUNDRA_TO_BHIWANDI,872.85,11.64,1.41,47.55,403.48,0,14.15,0
BHIWANDI_TO_CHAKAN,156.03,1.93,1.36,56.15,20.49,0,2.12,0
CHAKAN_TO_SRIPERUMBUDUR,1094.0,13.23,1.98,37.75,56.33,0,12.41,0
JNPT_TO_BHIWANDI,67.55,0.92,8.38,15.74,95.1,0,1.06,0
JNPT_TO_CHAKAN,136.67,1.75,0.63,42.4,33.75,0,1.91,0
JNPT_TO_BHIWANDI,67.55,0.92,1.86,14.96,25.38,0,0.94,0
CHAKAN_TO_SRIPERUMBUDUR,1094.0,13.23,10.19,25.84,79.41,0,12.79,0
BHIWANDI_TO_CHAKAN,156.03,1.93,0.56,47.03,164.04,0,2.24,0
MUNDRA_TO_BHIWANDI,872.85,11.64,0.49,46.69,265.34,0,11.16,0
BHIWANDI_TO_CHAKAN,156.03,1.93,7.01,48.77,5.58,0,2.19,0
CHAKAN_TO_SRIPERUMBUDUR,1094.0,13.23,0.68,52.99,267.47,0,12.33,0
JNPT_TO_CHAKAN,136.67,1.75,0.1,48.56,49.26,0,1.93,0
JNPT_TO_BHIWANDI,67.55,0.92,0.25,12.36,60.93,0,1.04,0
JNPT_TO_CHAKAN,136.67,1.75,0.08,45.28,250.79,0,1.78,0
JNPT_TO_CHAKAN,136.67,1.75,5.75,17.3,35.54,0,1.98,0
CHAKAN_TO_SRIPERUMBUDUR,1094.0,13.23,1.9,42.92,27.3,0,13.24,0
CHAKAN_TO_SRIPERUMBUDUR,1094.0,13.23,0.17,17.76,187.47,0,13.35,0
CHAKAN_TO_SRIPERUMBUDUR,1094.0,13.23,0.32,38.25,101.15,0,14.49,0
JNPT_TO_CHAKAN,136.67,1.75,6.42,27.19,61.3,0,1.82,0
MUNDRA_TO_BHIWANDI,872.85,11.64,0.2,44.83,29.22,0,12.57,0
JNPT_TO_BHIWANDI,67.55,0.92,1.59,15.59,10.53,0,0.85,0
BHIWANDI_TO_CHAKAN,156.03,1.93,1.92,39.11,163.09,0,1.83,0
JNPT_TO_BHIWANDI,67.55,0.92,1.97,50.62,306.6,0,1.14,0
JNPT_TO_CHAKAN,136.67,1.75,0.22,25.74,1.52,0,1.69,0
BHIWANDI_TO_CHAKAN,156.03,1.93,0.26,25.17,4.64,0,2.23,0
CHAKAN_TO_SRIPERUMBUDUR,1094.0,13.23,0.62,58.68,34.87,0,12.79,0
CHAKAN_TO_SRIPERUMBUDUR,1094.0,13.23,1.86,21.52,11.44,0,14.72,0
CHAKAN_TO_SRIPERUMBUDUR,1094.0,13.23,0.53,15.71,21.6,0,15.38,0
JNPT_TO_CHAKAN,136.67,1.75,0.14,44.3,195.96,0,1.9,0
MUNDRA_TO_BHIWANDI,872.85,11.64,0.39,24.92,137.57,0,11.47,0
MUNDRA_TO_BHIWANDI,872.85,11.64,0.91,37.88,174.56,0,11.96,0
CHAKAN_TO_SRIPERUMBUDUR,1094.0,13.23,1.09,54.85,74.11,0,14.5,0
BHIWANDI_TO_CHAKAN,156.03,1.93,0.3,21.81,40.77,0,1.88,0
BHIWANDI_TO_CHAKAN,156.03,1.93,0.97,50.37,160.23,0,1.85,0
JNPT_TO_CHAKAN,136.67,1.75,1.04,15.48,216.94,0,1.76,0
JNPT_TO_BHIWANDI,67.55,0.92,0.65,37.47,192.56,0,1.04,0
CHAKAN_TO_SRIPERUMBUDUR,1094.0,13.23,1.77,57.01,55.96,0,14.91,0
MUNDRA_TO_BHIWANDI,872.85,11.64,1.48,29.8,107.92,0,11.85,0
JNPT_TO_CHAKAN,136.67,1.75,1.97,22.19,100.28,0,2.05,0
CHAKAN_TO_SRIPERUMBUDUR,1094.0,13.23,0.19,46.29,225.61,0,14.15,0
BHIWANDI_TO_CHAKAN,156.03,1.93,0.74,50.99,34.31,1,7.09,1
JNPT_TO_CHAKAN,136.67,1.75,2.37,58.82,24.68,0,2.08,0
CHAKAN_TO_SRIPERUMBUDUR,1094.0,13.23,0.06,52.36,70.22,0,13.47,0
CHAKAN_TO_SRIPERUMBUDUR,1094.0,13.23,0.82,56.95,21.38,0,15.82,0
JNPT_TO_CHAKAN,136.67,1.75,1.93,44.67,89.34,0,1.6,0
MUNDRA_TO_BHIWANDI,872.85,11.64,0.79,53.36,34.66,0,13.89,0
JNPT_TO_CHAKAN,136.67,1.75,0.21,34.38,38.29,0,1.91,0
MUNDRA_TO_BHIWANDI,872.85,11.64,0.5,19.64,85.9,0,13.53,0
CHAKAN_TO_SRIPERUMBUDUR,1094.0,13.23,1.12,59.74,53.24,0,15.44,0
CHAKAN_TO_SRIPERUMBUDUR,1094.0,13.23,0.52,51.12,38.82,0,15.6,0
JNPT_TO_CHAKAN,136.67,1.75,0.13,32.29,29.84,0,1.67,0
BHIWANDI_TO_CHAKAN,156.03,1.93,1.92,16.84,68.54,0,2.3,0
MUNDRA_TO_BHIWANDI,872.85,11.64,0.68,21.97,172.04,0,11.36,0
CHAKAN_TO_SRIPERUMBUDUR,1094.0,13.23,16.16,50.86,51.46,0,15.67,0
JNPT_TO_BHIWANDI,67.55,0.92,0.05,32.43,182.64,0,1.05,0
MUNDRA_TO_BHIWANDI,872.85,11.64,1.59,52.49,39.94,0,11.4,0
JNPT_TO_BHIWANDI,67.55,0.92,10.96,12.94,8.22,0,0.96,0
CHAKAN_TO_SRIPERUMBUDUR,1094.0,13.23,1.85,23.43,165.06,0,15.2,0
MUNDRA_TO_BHIWANDI,872.85,11.64,0.29,46.1,2.85,0,11.79,0
MUNDRA_TO_BHIWANDI,872.85,11.64,4.09,23.38,99.09,0,13.82,0
JNPT_TO_BHIWANDI,67.55,0.92,1.33,33.56,12.17,0,1.05,0
BHIWANDI_TO_CHAKAN,156.03,1.93,0.06,55.17,12.59,0,1.74,0
JNPT_TO_BHIWANDI,67.55,0.92,1.16,18.9,172.43,0,0.87,0
JNPT_TO_BHIWANDI,67.55,0.92,0.71,58.88,47.54,0,0.95,0
BHIWANDI_TO_CHAKAN,156.03,1.93,0.23,37.4,158.13,0,2.02,0
CHAKAN_TO_SRIPERUMBUDUR,1094.0,13.23,1.15,20.7,126.64,0,15.06,0
JNPT_TO_CHAKAN,136.67,1.75,0.33,55.82,23.82,0,1.6,0
CHAKAN_TO_SRIPERUMBUDUR,1094.0,13.23,1.9,42.35,8.16,0,14.11,0
JNPT_TO_CHAKAN,136.67,1.75,0.44,25.06,69.05,0,2.06,0
JNPT_TO_CHAKAN,136.67,1.75,1.85,45.56,217.0,0,1.91,0
JNPT_TO_CHAKAN,136.67,1.75,1.88,30.69,78.47,0,1.59,0
MUNDRA_TO_BHIWANDI,872.85,11.64,2.0,37.3,9.38,0,10.76,0
JNPT_TO_CHAKAN,136.67,1.75,6.09,38.89,46.96,0,2.08,0
JNPT_TO_CHAKAN,136.67,1.75,1.47,19.13,51.14,0,2.0,0
BHIWANDI_TO_CHAKAN,156.03,1.93,0.18,42.82,106.77,0,1.89,0
JNPT_TO_BHIWANDI,67.55,0.92,1.24,49.39,58.25,0,0.96,0
JNPT_TO_CHAKAN,136.67,1.75,1.46,51.12,172.31,0,1.81,0
MUNDRA_TO_BHIWANDI,872.85,11.64,1.12,10.15,16.31,0,13.81,0
CHAKAN_TO_SRIPERUMBUDUR,1094.0,13.23,1.39,53.19,170.43,0,12.52,0
JNPT_TO_CHAKAN,136.67,1.75,0.79,31.75,91.25,0,2.03,0
JNPT_TO_BHIWANDI,67.55,0.92,0.8,27.42,13.89,0,1.02,0
MUNDRA_TO_BHIWANDI,872.85,11.64,0.05,50.97,13.18,0,10.59,0
CHAKAN_TO_SRIPERUMBUDUR,1094.0,13.23,1.76,57.66,188.87,0,13.08,0
JNPT_TO_CHAKAN,136.67,1.75,5.64,46.43,73.19,0,1.6,0
MUNDRA_TO_BHIWANDI,872.85,11.64,1.65,57.89,210.18,0,12.3,0
JNPT_TO_CHAKAN,136.67,1.75,0.99,22.69,3.54,0,1.68,0
JNPT_TO_CHAKAN,136.67,1.75,0.26,27.38,3.85,0,1.63,0
CHAKAN_TO_SRIPERUMBUDUR,1094.0,13.23,0.06,30.93,465.47,0,15.65,0
CHAKAN_TO_SRIPERUMBUDUR,1094.0,13.23,0.55,28.75,37.39,0,13.98,0
CHAKAN_TO_SRIPERUMBUDUR,1094.0,13.23,5.31,43.81,21.04,0,15.69,0
MUNDRA_TO_BHIWANDI,872.85,11.64,0.81,51.43,128.51,0,13.01,0
JNPT_TO_CHAKAN,136.67,1.75,0.86,39.65,72.02,0,1.6,0
JNPT_TO_BHIWANDI,67.55,0.92,0.48,36.5,100.96,0,0.97,0
MUNDRA_TO_BHIWANDI,872.85,11.64,0.08,37.3,52.0,0,12.14,0
JNPT_TO_CHAKAN,136.67,1.75,1.4,18.3,29.47,1,5.62,1
CHAKAN_TO_SRIPERUMBUDUR,1094.0,13.23,1.46,20.67,47.85,0,12.33,0
JNPT_TO_CHAKAN,136.67,1.75,0.36,51.35,50.59,0,1.61,0
JNPT_TO_BHIWANDI,67.55,0.92,3.05,17.4,150.66,0,1.05,0
BHIWANDI_TO_CHAKAN,156.03,1.93,1.75,25.87,94.22,0,2.14,0
JNPT_TO_BHIWANDI,67.55,0.92,0.71,16.87,66.5,0,1.01,0
CHAKAN_TO_SRIPERUMBUDUR,1094.0,13.23,1.78,11.4,92.01,0,15.68,0
JNPT_TO_CHAKAN,136.67,1.75,5.72,44.08,18.79,0,1.79,0
JNPT_TO_BHIWANDI,67.55,0.92,1.85,39.78,34.01,0,0.83,0
JNPT_TO_BHIWANDI,67.55,0.92,11.12,45.2,62.53,0,1.07,0
JNPT_TO_CHAKAN,136.67,1.75,1.83,44.22,121.91,0,1.93,0
CHAKAN_TO_SRIPERUMBUDUR,1094.0,13.23,0.49,50.56,11.37,0,12.53,0
JNPT_TO_CHAKAN,136.67,1.75,0.58,23.88,115.24,0,1.86,0
CHAKAN_TO_SRIPERUMBUDUR,1094.0,13.23,0.59,20.0,251.04,0,15.02,0
MUNDRA_TO_BHIWANDI,872.85,11.64,2.18,30.6,33.21,0,12.42,0
JNPT_TO_CHAKAN,136.67,1.75,0.91,27.63,20.57,0,1.79,0
MUNDRA_TO_BHIWANDI,872.85,11.64,15.5,35.63,6.86,0,15.24,1
JNPT_TO_CHAKAN,136.67,1.75,0.26,57.13,4.47,0,1.68,0
BHIWANDI_TO_CHAKAN,156.03,1.93,0.45,27.02,16.09,1,9.1,1
MUNDRA_TO_BHIWANDI,872.85,11.64,0.5,42.83,95.57,0,11.13,0
BHIWANDI_TO_CHAKAN,156.03,1.93,0.3,32.99,9.19,0,1.98,0
MUNDRA_TO_BHIWANDI,872.85,11.64,1.48,51.78,132.05,0,11.44,0
CHAKAN_TO_SRIPERUMBUDUR,1094.0,13.23,1.64,28.77,174.92,0,15.02,0
JNPT_TO_BHIWANDI,67.55,0.92,1.35,18.6,66.18,0,0.96,0
JNPT_TO_BHIWANDI,67.55,0.92,1.31,31.67,52.11,0,0.84,0
MUNDRA_TO_BHIWANDI,872.85,11.64,1.34,34.06,129.63,0,13.8,0
BHIWANDI_TO_CHAKAN,156.03,1.93,0.76,52.91,47.61,0,2.0,0
BHIWANDI_TO_CHAKAN,156.03,1.93,0.75,51.85,89.97,0,2.27,0
JNPT_TO_BHIWANDI,67.55,0.92,1.37,28.25,131.46,0,0.83,0
BHIWANDI_TO_CHAKAN,156.03,1.93,0.85,45.37,31.08,0,2.2,0
JNPT_TO_BHIWANDI,67.55,0.92,0.39,27.65,4.68,0,0.96,0
CHAKAN_TO_SRIPERUMBUDUR,1094.0,13.23,1.38,25.2,131.04,0,15.82,0
JNPT_TO_BHIWANDI,67.55,0.92,1.72,22.71,116.38,0,0.84,0
MUNDRA_TO_BHIWANDI,872.85,11.64,1.3,54.56,69.99,0,11.25,0
JNPT_TO_CHAKAN,136.67,1.75,1.01,21.57,168.16,0,1.73,0
JNPT_TO_BHIWANDI,67.55,0.92,1.84,19.04,7.98,0,0.91,0
BHIWANDI_TO_CHAKAN,156.03,1.93,1.03,12.73,34.87,0,2.03,0
CHAKAN_TO_SRIPERUMBUDUR,1094.0,13.23,1.3,10.64,34.24,0,15.62,0
JNPT_TO_CHAKAN,136.67,1.75,0.8,48.71,23.06,0,2.02,0
MUNDRA_TO_BHIWANDI,872.85,11.64,1.87,24.83,20.99,0,12.59,0
JNPT_TO_BHIWANDI,67.55,0.92,0.0,54.18,16.4,0,0.9,0
CHAKAN_TO_SRIPERUMBUDUR,1094.0,13.23,0.63,46.28,13.83,1,18.43,1
CHAKAN_TO_SRIPERUMBUDUR,1094.0,13.23,6.42,31.31,6.43,0,12.35,0
MUNDRA_TO_BHIWANDI,872.85,11.64,0.83,26.16,143.46,0,13.11,0
JNPT_TO_BHIWANDI,67.55,0.92,1.74,27.9,63.81,0,1.1,0
BHIWANDI_TO_CHAKAN,156.03,1.93,0.94,28.81,79.63,0,2.3,0
JNPT_TO_BHIWANDI,67.55,0.92,1.12,52.85,144.5,0,0.99,0
MUNDRA_TO_BHIWANDI,872.85,11.64,1.29,52.64,50.5,0,12.53,0
MUNDRA_TO_BHIWANDI,872.85,11.64,0.85,30.08,27.52,0,11.05,0
BHIWANDI_TO_CHAKAN,156.03,1.93,0.95,43.61,20.59,0,1.97,0
CHAKAN_TO_SRIPERUMBUDUR,1094.0,13.23,11.98,11.44,170.77,0,15.19,0
JNPT_TO_CHAKAN,136.67,1.75,1.78,19.13,32.46,0,1.8,0
CHAKAN_TO_SRIPERUMBUDUR,1094.0,13.23,1.37,56.04,0.59,0,14.86,0
JNPT_TO_CHAKAN,136.67,1.75,0.94,44.04,76.7,0,2.04,0
JNPT_TO_BHIWANDI,67.55,0.92,0.06,11.37,116.72,0,1.06,0
JNPT_TO_BHIWANDI,67.55,0.92,1.37,40.91,85.08,0,1.05,0
JNPT_TO_CHAKAN,136.67,1.75,0.83,46.57,43.35,0,1.73,0
JNPT_TO_BHIWANDI,67.55,0.92,5.84,25.18,83.22,0,1.07,0
MUNDRA_TO_BHIWANDI,872.85,11.64,1.47,30.78,89.65,0,11.32,0
BHIWANDI_TO_CHAKAN,156.03,1.93,1.25,13.69,155.48,0,2.17,0
CHAKAN_TO_SRIPERUMBUDUR,1094.0,13.23,0.17,48.26,163.81,0,15.77,0
JNPT_TO_BHIWANDI,67.55,0.92,0.74,25.79,31.7,0,1.09,0
CHAKAN_TO_SRIPERUMBUDUR,1094.0,13.23,0.29,40.5,31.6,0,13.13,0
JNPT_TO_CHAKAN,136.67,1.75,1.54,38.56,30.32,0,1.72,0
BHIWANDI_TO_CHAKAN,156.03,1.93,1.8,49.14,13.04,0,1.91,0
MUNDRA_TO_BHIWANDI,872.85,11.64,0.25,20.26,0.81,0,13.82,0
MUNDRA_TO_BHIWANDI,872.85,11.64,1.74,36.3,5.39,0,10.87,0
BHIWANDI_TO_CHAKAN,156.03,1.93,0.33,50.08,61.85,0,1.84,0
CHAKAN_TO_SRIPERUMBUDUR,1094.0,13.23,1.58,25.98,52.48,0,15.19,0
JNPT_TO_BHIWANDI,67.55,0.92,0.42,15.07,95.47,0,0.86,0
BHIWANDI_TO_CHAKAN,156.03,1.93,0.88,39.9,28.65,0,1.91,0
JNPT_TO_CHAKAN,136.67,1.75,0.7,31.02,1.84,0,2.1,0
MUNDRA_TO_BHIWANDI,872.85,11.64,1.88,45.87,57.69,0,10.55,0
BHIWANDI_TO_CHAKAN,156.03,1.93,1.07,16.23,245.0,0,1.9,0
CHAKAN_TO_SRIPERUMBUDUR,1094.0,13.23,1.48,31.67,42.83,0,12.51,0
JNPT_TO_CHAKAN,136.67,1.75,1.69,46.83,30.99,0,1.63,0
BHIWANDI_TO_CHAKAN,156.03,1.93,1.3,35.52,158.97,0,1.74,0
JNPT_TO_BHIWANDI,67.55,0.92,1.34,25.32,149.38,0,0.9,0
JNPT_TO_CHAKAN,136.67,1.75,1.86,18.23,18.82,0,1.76,0
BHIWANDI_TO_CHAKAN,156.03,1.93,1.57,43.95,50.15,0,2.15,0
BHIWANDI_TO_CHAKAN,156.03,1.93,1.94,50.79,27.69,0,1.77,0
BHIWANDI_TO_CHAKAN,156.03,1.93,1.15,52.92,94.48,0,1.75,0
MUNDRA_TO_BHIWANDI,872.85,11.64,1.03,46.18,54.94,0,13.26,0
JNPT_TO_BHIWANDI,67.55,0.92,0.67,23.2,0.64,0,1.1,0
JNPT_TO_CHAKAN,136.67,1.75,1.58,44.55,76.44,0,1.58,0
CHAKAN_TO_SRIPERUMBUDUR,1094.0,13.23,0.44,31.29,130.34,0,13.16,0
JNPT_TO_BHIWANDI,67.55,0.92,0.63,41.28,27.74,0,1.01,0
CHAKAN_TO_SRIPERUMBUDUR,1094.0,13.23,0.01,47.98,12.58,0,13.82,0
JNPT_TO_CHAKAN,136.67,1.75,0.97,46.31,50.35,0,1.72,0
CHAKAN_TO_SRIPERUMBUDUR,1094.0,13.23,0.16,39.23,87.01,0,14.66,0
CHAKAN_TO_SRIPERUMBUDUR,1094.0,13.23,12.86,56.96,28.1,0,14.0,0
BHIWANDI_TO_CHAKAN,156.03,1.93,0.9,27.89,39.83,0,2.11,0
JNPT_TO_CHAKAN,136.67,1.75,0.55,22.41,17.5,0,2.03,0
CHAKAN_TO_SRIPERUMBUDUR,1094.0,13.23,0.52,10.57,140.13,0,15.58,0
MUNDRA_TO_BHIWANDI,872.85,11.64,1.26,19.25,11.62,0,12.62,0
JNPT_TO_CHAKAN,136.67,1.75,1.93,55.78,253.69,0,1.7,0
BHIWANDI_TO_CHAKAN,156.03,1.93,1.43,36.05,135.98,0,1.89,0
BHIWANDI_TO_CHAKAN,156.03,1.93,0.65,51.79,88.85,0,1.92,0
CHAKAN_TO_SRIPERUMBUDUR,1094.0,13.23,0.67,57.85,13.92,0,13.97,0
JNPT_TO_BHIWANDI,67.55,0.92,1.86,59.21,71.93,0,0.98,0
CHAKAN_TO_SRIPERUMBUDUR,1094.0,13.23,13.66,41.07,151.12,0,12.49,0
CHAKAN_TO_SRIPERUMBUDUR,1094.0,13.23,1.73,46.87,142.5,0,14.48,0
CHAKAN_TO_SRIPERUMBUDUR,1094.0,13.23,1.44,57.64,18.18,0,12.34,0
JNPT_TO_CHAKAN,136.67,1.75,5.46,16.6,91.97,0,2.09,0
CHAKAN_TO_SRIPERUMBUDUR,1094.0,13.23,1.99,34.82,11.95,0,12.54,0
JNPT_TO_CHAKAN,136.67,1.75,1.46,28.8,33.48,0,1.75,0
JNPT_TO_CHAKAN,136.67,1.75,1.31,13.34,56.53,0,1.69,0
JNPT_TO_CHAKAN,136.67,1.75,0.16,50.02,53.18,0,1.76,0
JNPT_TO_BHIWANDI,67.55,0.92,0.21,40.41,16.78,0,0.95,0
JNPT_TO_CHAKAN,136.67,1.75,1.27,36.12,369.82,0,2.34,1
BHIWANDI_TO_CHAKAN,156.03,1.93,1.38,22.02,19.7,0,2.05,0
BHIWANDI_TO_CHAKAN,156.03,1.93,0.07,59.42,106.65,0,1.91,0
JNPT_TO_CHAKAN,136.67,1.75,3.55,11.37,20.16,0,1.7,0
BHIWANDI_TO_CHAKAN,156.03,1.93,1.97,32.95,65.83,0,2.26,0
MUNDRA_TO_BHIWANDI,872.85,11.64,0.33,49.24,3.87,0,13.25,0
MUNDRA_TO_BHIWANDI,872.85,11.64,0.61,58.92,42.53,0,12.56,0
MUNDRA_TO_BHIWANDI,872.85,11.64,0.22,34.51,67.33,0,11.34,0
JNPT_TO_CHAKAN,136.67,1.75,0.46,42.3,95.45,0,1.94,0
MUNDRA_TO_BHIWANDI,872.85,11.64,1.0,12.8,62.57,1,17.88,1
JNPT_TO_CHAKAN,136.67,1.75,1.45,55.34,155.78,0,1.73,0
JNPT_TO_BHIWANDI,67.55,0.92,0.36,28.75,358.36,0,1.39,1
JNPT_TO_BHIWANDI,67.55,0.92,0.69,18.82,232.61,0,1.1,0
JNPT_TO_BHIWANDI,67.55,0.92,1.82,25.11,115.47,0,0.95,0
BHIWANDI_TO_CHAKAN,156.03,1.93,0.66,48.04,50.9,0,2.02,0
BHIWANDI_TO_CHAKAN,156.03,1.93,1.0,39.67,66.28,0,1.74,0
MUNDRA_TO_BHIWANDI,872.85,11.64,0.53,32.97,63.15,1,19.76,1
JNPT_TO_BHIWANDI,67.55,0.92,2.43,31.28,69.92,0,0.92,0
BHIWANDI_TO_CHAKAN,156.03,1.93,1.65,51.25,41.02,0,1.88,0
JNPT_TO_BHIWANDI,67.55,0.92,1.51,52.53,83.77,0,0.88,0
BHIWANDI_TO_CHAKAN,156.03,1.93,1.46,11.66,179.66,0,2.25,0
JNPT_TO_CHAKAN,136.67,1.75,1.18,21.37,19.87,0,1.87,0
CHAKAN_TO_SRIPERUMBUDUR,1094.0,13.23,0.37,32.35,5.06,0,13.85,0
CHAKAN_TO_SRIPERUMBUDUR,1094.0,13.23,1.67,30.94,5.62,0,14.53,0
JNPT_TO_BHIWANDI,67.55,0.92,0.73,33.2,87.77,0,1.1,0
CHAKAN_TO_SRIPERUMBUDUR,1094.0,13.23,1.22,36.86,50.13,0,14.47,0
JNPT_TO_CHAKAN,136.67,1.75,0.95,49.06,103.37,0,1.91,0
JNPT_TO_BHIWANDI,67.55,0.92,6.57,46.84,6.18,0,1.08,0
BHIWANDI_TO_CHAKAN,156.03,1.93,0.64,11.72,62.78,0,2.31,0
JNPT_TO_CHAKAN,136.67,1.75,4.56,58.41,148.82,0,1.82,0
CHAKAN_TO_SRIPERUMBUDUR,1094.0,13.23,0.92,29.52,34.85,0,12.41,0
CHAKAN_TO_SRIPERUMBUDUR,1094.0,13.23,1.75,40.41,8.11,0,14.17,0
CHAKAN_TO_SRIPERUMBUDUR,1094.0,13.23,1.12,20.77,139.49,0,12.72,0
CHAKAN_TO_SRIPERUMBUDUR,1094.0,13.23,1.74,17.66,30.43,0,14.02,0
JNPT_TO_CHAKAN,136.67,1.75,1.29,41.19,18.74,0,1.67,0
JNPT_TO_CHAKAN,136.67,1.75,4.24,41.9,234.63,0,1.95,0
JNPT_TO_BHIWANDI,67.55,0.92,0.92,12.39,93.31,0,1.05,0
JNPT_TO_BHIWANDI,67.55,0.92,6.8,46.24,344.36,0,1.31,1
CHAKAN_TO_SRIPERUMBUDUR,1094.0,13.23,1.84,39.48,24.16,0,12.35,0
BHIWANDI_TO_CHAKAN,156.03,1.93,8.61,52.32,81.78,0,2.11,0
JNPT_TO_CHAKAN,136.67,1.75,0.1,42.21,75.5,0,1.66,0
BHIWANDI_TO_CHAKAN,156.03,1.93,1.42,48.98,119.87,0,2.01,0
JNPT_TO_BHIWANDI,67.55,0.92,0.64,55.64,4.42,0,0.96,0
MUNDRA_TO_BHIWANDI,872.85,11.64,1.04,51.69,180.16,0,11.01,0
BHIWANDI_TO_CHAKAN,156.03,1.93,1.52,17.39,15.82,0,1.86,0
JNPT_TO_BHIWANDI,67.55,0.92,1.19,24.6,86.77,0,1.04,0
JNPT_TO_CHAKAN,136.67,1.75,0.28,12.23,8.2,0,1.68,0
CHAKAN_TO_SRIPERUMBUDUR,1094.0,13.23,0.79,42.27,8.09,0,12.21,0
MUNDRA_TO_BHIWANDI,872.85,11.64,0.37,44.85,221.34,0,13.08,0
MUNDRA_TO_BHIWANDI,872.85,11.64,0.33,20.58,68.12,0,10.52,0
MUNDRA_TO_BHIWANDI,872.85,11.64,1.91,36.78,124.13,0,11.47,0
CHAKAN_TO_SRIPERUMBUDUR,1094.0,13.23,0.88,20.13,98.73,0,15.75,0
BHIWANDI_TO_CHAKAN,156.03,1.93,1.72,48.15,49.99,0,2.04,0
BHIWANDI_TO_CHAKAN,156.03,1.93,0.21,53.51,135.09,0,2.09,0
CHAKAN_TO_SRIPERUMBUDUR,1094.0,13.23,1.94,40.37,174.82,0,12.0,0
MUNDRA_TO_BHIWANDI,872.85,11.64,8.22,57.1,4.58,0,10.49,0
BHIWANDI_TO_CHAKAN,156.03,1.93,0.24,15.8,497.36,0,2.38,0
JNPT_TO_CHAKAN,136.67,1.75,3.38,11.51,178.23,0,1.85,0
BHIWANDI_TO_CHAKAN,156.03,1.93,0.99,18.35,69.38,0,1.98,0
JNPT_TO_BHIWANDI,67.55,0.92,0.6,50.3,65.59,0,1.05,0
JNPT_TO_BHIWANDI,67.55,0.92,1.99,29.29,12.6,0,0.99,0
MUNDRA_TO_BHIWANDI,872.85,11.64,9.84,54.84,176.68,0,11.36,0
JNPT_TO_BHIWANDI,67.55,0.92,11.44,15.26,64.44,0,0.98,0
CHAKAN_TO_SRIPERUMBUDUR,1094.0,13.23,5.17,15.34,33.39,0,15.88,0
JNPT_TO_BHIWANDI,67.55,0.92,0.1,41.69,76.83,0,1.05,0
BHIWANDI_TO_CHAKAN,156.03,1.93,1.88,26.29,38.21,0,1.94,0
MUNDRA_TO_BHIWANDI,872.85,11.64,1.38,55.21,60.7,0,11.03,0
MUNDRA_TO_BHIWANDI,872.85,11.64,4.79,34.07,40.96,0,13.32,0
JNPT_TO_BHIWANDI,67.55,0.92,0.14,38.35,29.26,0,0.85,0
JNPT_TO_BHIWANDI,67.55,0.92,1.33,39.74,300.87,0,1.3,1
JNPT_TO_BHIWANDI,67.55,0.92,10.38,21.38,52.04,0,1.01,0
JNPT_TO_CHAKAN,136.67,1.75,1.9,47.49,172.23,0,1.71,0
JNPT_TO_CHAKAN,136.67,1.75,0.45,21.38,85.12,0,1.64,0
BHIWANDI_TO_CHAKAN,156.03,1.93,1.99,58.86,9.15,0,2.07,0
MUNDRA_TO_BHIWANDI,872.85,11.64,5.35,29.37,74.81,0,13.85,0
MUNDRA_TO_BHIWANDI,872.85,11.64,1.26,30.0,68.05,0,11.35,0
MUNDRA_TO_BHIWANDI,872.85,11.64,0.98,39.5,132.2,0,13.02,0
BHIWANDI_TO_CHAKAN,156.03,1.93,0.07,16.66,50.63,0,1.99,0
BHIWANDI_TO_CHAKAN,156.03,1.93,0.39,36.81,11.57,0,2.29,0
MUNDRA_TO_BHIWANDI,872.85,11.64,0.44,54.5,276.23,0,13.97,0
MUNDRA_TO_BHIWANDI,872.85,11.64,0.22,46.56,22.06,0,12.45,0
JNPT_TO_BHIWANDI,67.55,0.92,5.1,47.65,89.02,0,1.03,0
JNPT_TO_CHAKAN,136.67,1.75,0.63,45.69,71.91,0,1.9,0
CHAKAN_TO_SRIPERUMBUDUR,1094.0,13.23,1.44,23.13,183.26,0,12.73,0
MUNDRA_TO_BHIWANDI,872.85,11.64,0.91,54.17,7.99,0,13.11,0
CHAKAN_TO_SRIPERUMBUDUR,1094.0,13.23,1.54,55.1,138.49,0,13.23,0
CHAKAN_TO_SRIPERUMBUDUR,1094.0,13.23,1.52,43.35,53.66,1,18.0,1
JNPT_TO_BHIWANDI,67.55,0.92,1.84,56.27,24.13,0,0.85,0
CHAKAN_TO_SRIPERUMBUDUR,1094.0,13.23,0.97,25.58,100.74,0,12.19,0
BHIWANDI_TO_CHAKAN,156.03,1.93,1.95,34.89,52.79,0,2.13,0
JNPT_TO_CHAKAN,136.67,1.75,1.1,29.35,1.06,0,1.83,0
BHIWANDI_TO_CHAKAN,156.03,1.93,0.2,12.7,26.5,0,2.21,0
MUNDRA_TO_BHIWANDI,872.85,11.64,0.92,47.0,208.65,0,10.97,0
BHIWANDI_TO_CHAKAN,156.03,1.93,0.67,21.69,35.81,0,1.77,0
BHIWANDI_TO_CHAKAN,156.03,1.93,0.47,23.96,131.31,0,2.12,0
JNPT_TO_BHIWANDI,67.55,0.92,1.53,26.79,46.71,0,0.84,0
JNPT_TO_CHAKAN,136.67,1.75,1.57,28.16,61.45,0,1.84,0
JNPT_TO_CHAKAN,136.67,1.75,1.89,59.64,176.32,0,1.86,0
JNPT_TO_CHAKAN,136.67,1.75,0.41,33.73,393.69,0,2.21,1
JNPT_TO_CHAKAN,136.67,1.75,1.07,56.86,27.39,0,1.71,0
JNPT_TO_CHAKAN,136.67,1.75,6.67,52.79,3.2,0,1.95,0
CHAKAN_TO_SRIPERUMBUDUR,1094.0,13.23,3.64,49.62,61.1,0,15.57,0
JNPT_TO_CHAKAN,136.67,1.75,1.2,37.05,262.78,0,1.81,0
CHAKAN_TO_SRIPERUMBUDUR,1094.0,13.23,1.34,47.31,142.91,0,12.03,0
MUNDRA_TO_BHIWANDI,872.85,11.64,1.68,28.89,223.01,0,13.96,0
BHIWANDI_TO_CHAKAN,156.03,1.93,1.29,17.96,447.67,0,2.65,1
JNPT_TO_BHIWANDI,67.55,0.92,0.75,36.5,238.61,0,1.07,0
JNPT_TO_BHIWANDI,67.55,0.92,0.4,41.5,17.01,0,1.04,0
BHIWANDI_TO_CHAKAN,156.03,1.93,1.75,45.32,4.79,0,1.82,0
CHAKAN_TO_SRIPERUMBUDUR,1094.0,13.23,0.73,10.93,51.38,0,14.64,0
JNPT_TO_CHAKAN,136.67,1.75,1.6,58.97,85.38,0,1.65,0
JNPT_TO_CHAKAN,136.67,1.75,0.05,27.66,144.14,0,1.88,0
JNPT_TO_CHAKAN,136.67,1.75,1.85,18.08,171.95,0,1.77,0
BHIWANDI_TO_CHAKAN,156.03,1.93,0.1,59.95,279.82,0,2.12,0
JNPT_TO_CHAKAN,136.67,1.75,1.33,38.17,133.8,0,1.79,0
CHAKAN_TO_SRIPERUMBUDUR,1094.0,13.23,1.78,39.41,102.62,0,14.17,0
MUNDRA_TO_BHIWANDI,872.85,11.64,1.66,24.17,246.13,0,12.54,0
JNPT_TO_BHIWANDI,67.55,0.92,0.74,46.89,362.35,0,1.23,1
JNPT_TO_BHIWANDI,67.55,0.92,4.63,15.49,156.53,0,1.02,0
JNPT_TO_CHAKAN,136.67,1.75,0.4,54.73,182.95,0,1.65,0
BHIWANDI_TO_CHAKAN,156.03,1.93,3.34,26.13,27.05,0,1.79,0
MUNDRA_TO_BHIWANDI,872.85,11.64,1.88,25.84,108.5,0,10.57,0
JNPT_TO_CHAKAN,136.67,1.75,0.49,14.28,10.9,0,1.78,0
JNPT_TO_CHAKAN,136.67,1.75,1.03,11.69,428.81,0,2.07,0
CHAKAN_TO_SRIPERUMBUDUR,1094.0,13.23,0.05,36.11,86.21,0,13.52,0
JNPT_TO_BHIWANDI,67.55,0.92,1.44,48.13,24.34,0,0.9,0
CHAKAN_TO_SRIPERUMBUDUR,1094.0,13.23,0.25,42.21,158.77,0,14.63,0
MUNDRA_TO_BHIWANDI,872.85,11.64,0.11,47.51,85.81,1,18.33,1
CHAKAN_TO_SRIPERUMBUDUR,1094.0,13.23,0.77,32.55,73.61,0,12.26,0
CHAKAN_TO_SRIPERUMBUDUR,1094.0,13.23,1.2,57.4,31.86,0,14.99,0
BHIWANDI_TO_CHAKAN,156.03,1.93,1.77,29.15,55.98,0,2.08,0
JNPT_TO_BHIWANDI,67.55,0.92,1.6,29.12,2.69,0,0.85,0
CHAKAN_TO_SRIPERUMBUDUR,1094.0,13.23,5.36,57.72,12.79,0,12.22,0
MUNDRA_TO_BHIWANDI,872.85,11.64,1.36,24.37,164.04,0,13.81,0
MUNDRA_TO_BHIWANDI,872.85,11.64,3.49,49.34,4.37,0,13.13,0
JNPT_TO_BHIWANDI,67.55,0.92,0.54,45.71,162.28,0,1.01,0
JNPT_TO_BHIWANDI,67.55,0.92,0.6,14.95,1.05,0,0.93,0
JNPT_TO_CHAKAN,136.67,1.75,0.98,12.97,258.88,0,1.88,0
JNPT_TO_BHIWANDI,67.55,0.92,0.41,41.62,144.1,0,0.92,0
JNPT_TO_BHIWANDI,67.55,0.92,1.33,52.41,27.44,0,0.88,0
CHAKAN_TO_SRIPERUMBUDUR,1094.0,13.23,0.47,12.96,48.5,0,14.36,0
JNPT_TO_BHIWANDI,67.55,0.92,5.61,37.08,78.84,0,0.86,0
JNPT_TO_CHAKAN,136.67,1.75,0.84,27.51,163.69,0,2.05,0
JNPT_TO_BHIWANDI,67.55,0.92,0.23,29.11,145.38,0,1.05,0
MUNDRA_TO_BHIWANDI,872.85,11.64,1.99,11.06,106.19,0,10.65,0
MUNDRA_TO_BHIWANDI,872.85,11.64,0.19,52.9,64.63,0,11.11,0
JNPT_TO_CHAKAN,136.67,1.75,1.87,32.07,85.03,0,2.1,0
JNPT_TO_BHIWANDI,67.55,0.92,1.35,23.73,584.27,0,1.66,1
CHAKAN_TO_SRIPERUMBUDUR,1094.0,13.23,0.45,33.96,1.53,0,14.31,0
BHIWANDI_TO_CHAKAN,156.03,1.93,0.81,47.41,222.88,0,1.92,0
JNPT_TO_CHAKAN,136.67,1.75,0.88,23.15,4.4,0,1.63,0
MUNDRA_TO_BHIWANDI,872.85,11.64,1.87,27.62,28.47,0,12.55,0
CHAKAN_TO_SRIPERUMBUDUR,1094.0,13.23,0.12,10.67,3.32,0,15.27,0
MUNDRA_TO_BHIWANDI,872.85,11.64,0.07,38.98,86.63,0,12.22,0
JNPT_TO_CHAKAN,136.67,1.75,0.76,53.16,135.55,0,1.83,0
MUNDRA_TO_BHIWANDI,872.85,11.64,3.81,21.44,19.22,0,13.38,0
MUNDRA_TO_BHIWANDI,872.85,11.64,5.42,41.45,66.8,0,13.04,0
CHAKAN_TO_SRIPERUMBUDUR,1094.0,13.23,1.6,40.63,81.71,0,13.07,0
BHIWANDI_TO_CHAKAN,156.03,1.93,1.44,44.9,183.4,0,1.95,0
CHAKAN_TO_SRIPERUMBUDUR,1094.0,13.23,1.74,46.79,108.49,0,13.72,0
MUNDRA_TO_BHIWANDI,872.85,11.64,1.38,41.35,103.19,0,11.63,0
JNPT_TO_BHIWANDI,67.55,0.92,7.86,52.49,36.57,0,1.01,0
BHIWANDI_TO_CHAKAN,156.03,1.93,1.18,46.69,157.04,0,2.15,0
JNPT_TO_BHIWANDI,67.55,0.92,0.1,15.99,20.69,0,1.0,0
BHIWANDI_TO_CHAKAN,156.03,1.93,0.6,55.63,117.68,0,2.05,0
JNPT_TO_CHAKAN,136.67,1.75,1.91,39.54,77.54,0,1.91,0
BHIWANDI_TO_CHAKAN,156.03,1.93,0.03,45.27,41.64,0,2.2,0
BHIWANDI_TO_CHAKAN,156.03,1.93,1.2,55.97,244.88,0,2.0,0
JNPT_TO_BHIWANDI,67.55,0.92,1.79,12.7,103.01,0,0.95,0
BHIWANDI_TO_CHAKAN,156.03,1.93,1.28,46.34,32.24,0,2.2,0
MUNDRA_TO_BHIWANDI,872.85,11.64,0.47,39.92,82.29,0,13.04,0
MUNDRA_TO_BHIWANDI,872.85,11.64,8.64,26.47,134.88,0,10.56,0
MUNDRA_TO_BHIWANDI,872.85,11.64,1.08,23.36,59.14,0,12.44,0
JNPT_TO_CHAKAN,136.67,1.75,1.27,29.04,38.57,0,1.94,0
BHIWANDI_TO_CHAKAN,156.03,1.93,1.3,16.96,95.26,0,2.23,0
CHAKAN_TO_SRIPERUMBUDUR,1094.0,13.23,14.61,45.31,34.53,0,13.72,0
JNPT_TO_BHIWANDI,67.55,0.92,1.92,22.75,75.68,0,0.83,0
BHIWANDI_TO_CHAKAN,156.03,1.93,0.98,27.25,563.74,0,2.36,0
BHIWANDI_TO_CHAKAN,156.03,1.93,1.51,26.23,150.83,0,2.07,0
CHAKAN_TO_SRIPERUMBUDUR,1094.0,13.23,1.99,39.8,107.13,0,13.57,0
JNPT_TO_CHAKAN,136.67,1.75,0.4,16.23,324.56,0,2.21,1
JNPT_TO_CHAKAN,136.67,1.75,1.81,54.65,29.14,0,1.65,0
CHAKAN_TO_SRIPERUMBUDUR,1094.0,13.23,3.43,21.7,89.42,0,13.48,0
JNPT_TO_BHIWANDI,67.55,0.92,0.04,54.05,100.21,0,1.05,0
MUNDRA_TO_BHIWANDI,872.85,11.64,3.71,43.22,139.62,0,11.5,0
JNPT_TO_CHAKAN,136.67,1.75,1.1,53.99,49.92,0,1.73,0
JNPT_TO_BHIWANDI,67.55,0.92,0.87,59.91,2.17,0,0.97,0
BHIWANDI_TO_CHAKAN,156.03,1.93,0.34,27.41,2.44,0,1.89,0
CHAKAN_TO_SRIPERUMBUDUR,1094.0,13.23,1.64,31.1,155.78,0,12.52,0
MUNDRA_TO_BHIWANDI,872.85,11.64,0.68,46.65,6.68,0,11.15,0
CHAKAN_TO_SRIPERUMBUDUR,1094.0,13.23,1.86,58.46,12.97,0,15.02,0
MUNDRA_TO_BHIWANDI,872.85,11.64,0.41,33.59,485.94,0,12.71,0
MUNDRA_TO_BHIWANDI,872.85,11.64,1.18,22.62,54.3,0,13.39,0
CHAKAN_TO_SRIPERUMBUDUR,1094.0,13.23,0.74,34.34,14.68,0,12.77,0
CHAKAN_TO_SRIPERUMBUDUR,1094.0,13.23,1.88,26.01,7.21,0,14.8,0
CHAKAN_TO_SRIPERUMBUDUR,1094.0,13.23,0.45,21.05,17.94,0,15.08,0
BHIWANDI_TO_CHAKAN,156.03,1.93,1.47,20.76,86.71,0,2.0,0
JNPT_TO_CHAKAN,136.67,1.75,1.32,11.04,12.93,0,1.99,0
JNPT_TO_BHIWANDI,67.55,0.92,0.53,43.1,0.39,0,0.89,0
MUNDRA_TO_BHIWANDI,872.85,11.64,0.15,56.83,409.3,0,13.54,0
MUNDRA_TO_BHIWANDI,872.85,11.64,1.34,41.47,72.3,0,12.97,0
JNPT_TO_BHIWANDI,67.55,0.92,0.96,32.74,53.74,0,0.85,0
JNPT_TO_CHAKAN,136.67,1.75,1.39,37.3,296.54,0,1.58,0
CHAKAN_TO_SRIPERUMBUDUR,1094.0,13.23,1.92,32.16,13.21,0,13.52,0
JNPT_TO_CHAKAN,136.67,1.75,0.02,11.73,210.71,0,1.89,0
JNPT_TO_BHIWANDI,67.55,0.92,0.27,27.52,49.61,0,0.99,0
JNPT_TO_BHIWANDI,67.55,0.92,1.88,36.16,24.59,0,1.08,0
CHAKAN_TO_SRIPERUMBUDUR,1094.0,13.23,0.55,43.69,4.9,0,13.53,0
BHIWANDI_TO_CHAKAN,156.03,1.93,22.33,27.09,33.19,0,4.39,1
JNPT_TO_BHIWANDI,67.55,0.92,0.19,50.43,76.57,0,0.93,0
CHAKAN_TO_SRIPERUMBUDUR,1094.0,13.23,0.52,55.21,304.92,0,13.42,0
MUNDRA_TO_BHIWANDI,872.85,11.64,1.15,17.13,38.88,0,13.79,0
MUNDRA_TO_BHIWANDI,872.85,11.64,0.23,11.32,269.44,0,12.35,0
BHIWANDI_TO_CHAKAN,156.03,1.93,0.87,26.04,9.83,0,2.02,0
JNPT_TO_CHAKAN,136.67,1.75,1.93,10.11,12.38,0,1.86,0
CHAKAN_TO_SRIPERUMBUDUR,1094.0,13.23,0.59,20.09,171.99,0,14.26,0
JNPT_TO_CHAKAN,136.67,1.75,0.81,45.31,61.24,0,1.8,0
CHAKAN_TO_SRIPERUMBUDUR,1094.0,13.23,0.35,15.01,2.13,0,13.55,0
MUNDRA_TO_BHIWANDI,872.85,11.64,0.4,39.34,15.54,0,12.3,0
JNPT_TO_BHIWANDI,67.55,0.92,0.29,43.8,26.9,0,0.84,0
CHAKAN_TO_SRIPERUMBUDUR,1094.0,13.23,0.58,24.49,126.7,0,13.26,0
JNPT_TO_CHAKAN,136.67,1.75,0.45,30.19,166.58,0,1.86,0
JNPT_TO_BHIWANDI,67.55,0.92,3.35,17.23,55.21,0,0.83,0
CHAKAN_TO_SRIPERUMBUDUR,1094.0,13.23,1.17,44.13,249.3,0,15.19,0
MUNDRA_TO_BHIWANDI,872.85,11.64,1.02,58.81,197.8,0,11.88,0
CHAKAN_TO_SRIPERUMBUDUR,1094.0,13.23,1.53,31.13,254.14,0,14.62,0
JNPT_TO_BHIWANDI,67.55,0.92,0.51,49.23,127.8,0,0.98,0
CHAKAN_TO_SRIPERUMBUDUR,1094.0,13.23,0.13,30.65,80.43,1,17.54,1
JNPT_TO_BHIWANDI,67.55,0.92,0.77,43.96,44.13,0,0.9,0
JNPT_TO_BHIWANDI,67.55,0.92,1.19,19.46,49.48,0,0.93,0
BHIWANDI_TO_CHAKAN,156.03,1.93,0.85,54.27,194.56,0,1.93,0
JNPT_TO_BHIWANDI,67.55,0.92,1.98,31.12,22.16,0,0.85,0
BHIWANDI_TO_CHAKAN,156.03,1.93,1.77,40.44,291.06,0,1.89,0
BHIWANDI_TO_CHAKAN,156.03,1.93,0.42,56.34,3.37,0,1.97,0
CHAKAN_TO_SRIPERUMBUDUR,1094.0,13.23,0.26,11.39,11.34,0,15.07,0
MUNDRA_TO_BHIWANDI,872.85,11.64,1.36,31.95,158.57,0,11.45,0
JNPT_TO_BHIWANDI,67.55,0.92,1.02,10.34,106.7,0,1.1,0
JNPT_TO_CHAKAN,136.67,1.75,0.82,33.3,199.33,0,1.86,0
CHAKAN_TO_SRIPERUMBUDUR,1094.0,13.23,0.95,21.31,14.08,0,13.29,0
CHAKAN_TO_SRIPERUMBUDUR,1094.0,13.23,0.37,19.91,215.12,0,14.05,0
JNPT_TO_CHAKAN,136.67,1.75,0.04,47.41,463.46,0,2.26,1
BHIWANDI_TO_CHAKAN,156.03,1.93,0.32,13.17,7.14,0,1.92,0
JNPT_TO_CHAKAN,136.67,1.75,0.03,59.29,25.87,0,1.65,0
MUNDRA_TO_BHIWANDI,872.85,11.64,1.19,36.36,288.43,0,11.04,0
BHIWANDI_TO_CHAKAN,156.03,1.93,1.23,53.92,58.2,0,1.93,0
BHIWANDI_TO_CHAKAN,156.03,1.93,0.02,52.76,47.01,0,1.79,0
MUNDRA_TO_BHIWANDI,872.85,11.64,0.36,51.82,104.23,0,12.46,0
MUNDRA_TO_BHIWANDI,872.85,11.64,0.18,32.59,20.65,1,16.97,1
JNPT_TO_BHIWANDI,67.55,0.92,7.37,30.28,243.57,0,1.06,0
JNPT_TO_CHAKAN,136.67,1.75,7.23,16.07,102.66,0,1.6,0
JNPT_TO_CHAKAN,136.67,1.75,1.9,10.13,262.34,0,1.67,0
CHAKAN_TO_SRIPERUMBUDUR,1094.0,13.23,19.54,35.6,88.97,0,17.15,1
JNPT_TO_BHIWANDI,67.55,0.92,1.82,25.66,117.89,0,1.05,0
JNPT_TO_BHIWANDI,67.55,0.92,1.87,12.23,58.03,0,1.07,0
BHIWANDI_TO_CHAKAN,156.03,1.93,1.53,40.17,113.87,0,2.26,0
MUNDRA_TO_BHIWANDI,872.85,11.64,3.07,59.96,51.96,0,11.67,0
CHAKAN_TO_SRIPERUMBUDUR,1094.0,13.23,1.43,23.35,1.95,0,14.64,0
BHIWANDI_TO_CHAKAN,156.03,1.93,1.93,11.19,101.81,0,2.25,0
BHIWANDI_TO_CHAKAN,156.03,1.93,1.52,27.4,27.46,0,1.94,0
JNPT_TO_CHAKAN,136.67,1.75,0.47,15.4,8.11,0,1.86,0
CHAKAN_TO_SRIPERUMBUDUR,1094.0,13.23,8.05,56.42,127.63,0,12.49,0
BHIWANDI_TO_CHAKAN,156.03,1.93,0.23,53.14,32.94,0,2.18,0
MUNDRA_TO_BHIWANDI,872.85,11.64,1.28,58.21,46.27,0,11.3,0
JNPT_TO_CHAKAN,136.67,1.75,4.9,37.14,111.55,0,1.85,0
MUNDRA_TO_BHIWANDI,872.85,11.64,2.31,55.04,65.9,0,11.37,0
BHIWANDI_TO_CHAKAN,156.03,1.93,1.96,42.62,10.82,0,2.32,0
MUNDRA_TO_BHIWANDI,872.85,11.64,1.3,38.27,184.05,0,11.03,0
BHIWANDI_TO_CHAKAN,156.03,1.93,7.05,11.92,50.86,0,1.9,0
JNPT_TO_CHAKAN,136.67,1.75,1.06,39.12,113.23,0,1.68,0
BHIWANDI_TO_CHAKAN,156.03,1.93,1.54,47.55,39.1,0,1.97,0
JNPT_TO_CHAKAN,136.67,1.75,0.23,17.71,32.19,0,1.71,0
MUNDRA_TO_BHIWANDI,872.85,11.64,1.86,27.33,441.47,0,13.24,0
JNPT_TO_CHAKAN,136.67,1.75,0.95,34.46,9.8,0,2.0,0
BHIWANDI_TO_CHAKAN,156.03,1.93,1.04,54.65,91.0,0,1.81,0
MUNDRA_TO_BHIWANDI,872.85,11.64,1.55,23.88,328.34,0,13.5,0
MUNDRA_TO_BHIWANDI,872.85,11.64,1.0,25.59,22.33,0,12.78,0
JNPT_TO_CHAKAN,136.67,1.75,0.96,23.37,35.46,0,1.74,0
BHIWANDI_TO_CHAKAN,156.03,1.93,1.95,52.25,283.09,0,2.22,0
JNPT_TO_BHIWANDI,67.55,0.92,0.41,23.26,87.27,0,0.89,0
BHIWANDI_TO_CHAKAN,156.03,1.93,1.7,32.95,199.66,0,2.18,0
MUNDRA_TO_BHIWANDI,872.85,11.64,1.99,58.76,15.68,0,11.42,0
JNPT_TO_BHIWANDI,67.55,0.92,4.12,29.55,54.7,0,0.95,0
BHIWANDI_TO_CHAKAN,156.03,1.93,1.46,45.05,77.59,0,2.14,0
JNPT_TO_CHAKAN,136.67,1.75,0.37,40.44,64.35,0,1.75,0
CHAKAN_TO_SRIPERUMBUDUR,1094.0,13.23,1.75,57.43,108.18,0,14.56,0
JNPT_TO_CHAKAN,136.67,1.75,5.1,27.09,218.17,0,1.82,0
MUNDRA_TO_BHIWANDI,872.85,11.64,1.75,40.97,91.45,0,12.04,0
JNPT_TO_BHIWANDI,67.55,0.92,0.87,45.82,274.29,0,1.03,0
BHIWANDI_TO_CHAKAN,156.03,1.93,1.0,51.95,216.51,0,2.2,0
BHIWANDI_TO_CHAKAN,156.03,1.93,1.46,47.36,12.09,0,1.97,0
BHIWANDI_TO_CHAKAN,156.03,1.93,0.79,50.29,72.92,0,1.99,0
JNPT_TO_CHAKAN,136.67,1.75,1.71,21.02,12.44,0,1.85,0
CHAKAN_TO_SRIPERUMBUDUR,1094.0,13.23,0.98,16.08,41.2,0,14.47,0
JNPT_TO_BHIWANDI,67.55,0.92,1.66,53.77,58.72,0,1.01,0
BHIWANDI_TO_CHAKAN,156.03,1.93,1.35,56.87,60.43,0,1.99,0
JNPT_TO_CHAKAN,136.67,1.75,1.34,59.5,57.9,0,2.01,0
JNPT_TO_CHAKAN,136.67,1.75,1.86,44.54,244.2,0,1.83,0
MUNDRA_TO_BHIWANDI,872.85,11.64,0.08,41.03,145.03,1,17.7,1
MUNDRA_TO_BHIWANDI,872.85,11.64,0.61,43.85,5.5,0,13.36,0
CHAKAN_TO_SRIPERUMBUDUR,1094.0,13.23,3.39,10.16,40.94,0,12.44,0
CHAKAN_TO_SRIPERUMBUDUR,1094.0,13.23,0.83,13.59,70.73,0,11.93,0
JNPT_TO_BHIWANDI,67.55,0.92,6.92,57.09,56.32,0,0.91,0
JNPT_TO_BHIWANDI,67.55,0.92,1.25,31.6,157.73,0,1.05,0
JNPT_TO_BHIWANDI,67.55,0.92,16.3,24.59,99.72,0,2.63,1
MUNDRA_TO_BHIWANDI,872.85,11.64,1.93,21.18,28.95,0,12.48,0
MUNDRA_TO_BHIWANDI,872.85,11.64,0.21,19.68,128.81,0,11.69,0
BHIWANDI_TO_CHAKAN,156.03,1.93,1.75,38.92,210.12,0,1.98,0
CHAKAN_TO_SRIPERUMBUDUR,1094.0,13.23,0.19,49.7,55.66,0,15.1,0
JNPT_TO_CHAKAN,136.67,1.75,1.61,56.05,176.61,0,1.63,0
BHIWANDI_TO_CHAKAN,156.03,1.93,2.0,50.94,78.13,0,2.3,0
BHIWANDI_TO_CHAKAN,156.03,1.93,1.26,59.17,128.84,0,2.16,0
BHIWANDI_TO_CHAKAN,156.03,1.93,1.88,46.02,85.11,0,2.29,0
MUNDRA_TO_BHIWANDI,872.85,11.64,1.23,45.0,167.7,0,13.78,0
BHIWANDI_TO_CHAKAN,156.03,1.93,0.9,47.15,106.67,0,2.09,0
CHAKAN_TO_SRIPERUMBUDUR,1094.0,13.23,0.94,54.21,46.91,0,15.37,0
JNPT_TO_CHAKAN,136.67,1.75,12.29,28.29,35.68,0,1.74,0
JNPT_TO_CHAKAN,136.67,1.75,0.37,12.9,32.05,0,1.78,0
CHAKAN_TO_SRIPERUMBUDUR,1094.0,13.23,0.45,51.03,51.89,0,13.05,0
JNPT_TO_CHAKAN,136.67,1.75,1.32,49.23,57.47,0,1.86,0
JNPT_TO_BHIWANDI,67.55,0.92,1.53,19.82,121.72,0,0.94,0
JNPT_TO_BHIWANDI,67.55,0.92,0.53,24.78,121.25,0,1.0,0
JNPT_TO_CHAKAN,136.67,1.75,0.83,33.91,12.64,0,1.79,0
CHAKAN_TO_SRIPERUMBUDUR,1094.0,13.23,0.64,27.57,279.95,0,14.22,0
CHAKAN_TO_SRIPERUMBUDUR,1094.0,13.23,1.01,52.14,92.05,0,15.05,0
JNPT_TO_CHAKAN,136.67,1.75,12.79,48.11,221.84,0,2.01,0
MUNDRA_TO_BHIWANDI,872.85,11.64,1.11,57.79,6.13,1,20.87,1
MUNDRA_TO_BHIWANDI,872.85,11.64,0.92,44.53,76.71,0,12.92,0
CHAKAN_TO_SRIPERUMBUDUR,1094.0,13.23,0.31,50.08,191.09,0,15.41,0
MUNDRA_TO_BHIWANDI,872.85,11.64,0.65,12.45,250.39,0,12.77,0
CHAKAN_TO_SRIPERUMBUDUR,1094.0,13.23,0.2,48.9,64.67,0,12.94,0
MUNDRA_TO_BHIWANDI,872.85,11.64,1.48,50.25,21.08,0,11.94,0
MUNDRA_TO_BHIWANDI,872.85,11.64,0.5,35.67,6.81,0,12.65,0
JNPT_TO_CHAKAN,136.67,1.75,0.39,53.48,45.36,0,2.01,0
CHAKAN_TO_SRIPERUMBUDUR,1094.0,13.23,0.87,56.02,12.74,0,12.78,0
BHIWANDI_TO_CHAKAN,156.03,1.93,1.1,50.24,52.25,0,2.24,0
JNPT_TO_BHIWANDI,67.55,0.92,0.82,47.17,42.18,0,0.92,0
JNPT_TO_CHAKAN,136.67,1.75,2.31,57.58,8.51,0,2.04,0
JNPT_TO_CHAKAN,136.67,1.75,0.31,40.64,195.87,0,1.63,0
MUNDRA_TO_BHIWANDI,872.85,11.64,1.86,12.79,301.51,0,13.23,0
JNPT_TO_BHIWANDI,67.55,0.92,1.33,30.82,285.3,0,1.08,0
JNPT_TO_CHAKAN,136.67,1.75,1.41,52.96,33.27,0,1.77,0
JNPT_TO_CHAKAN,136.67,1.75,1.64,19.41,101.09,0,1.64,0
JNPT_TO_BHIWANDI,67.55,0.92,11.38,14.31,163.76,0,0.96,0
JNPT_TO_CHAKAN,136.67,1.75,0.93,39.63,0.18,0,1.75,0
BHIWANDI_TO_CHAKAN,156.03,1.93,0.98,51.99,116.73,0,1.8,0
JNPT_TO_BHIWANDI,67.55,0.92,1.45,35.69,14.2,0,1.03,0
BHIWANDI_TO_CHAKAN,156.03,1.93,1.36,42.12,13.67,0,2.17,0
MUNDRA_TO_BHIWANDI,872.85,11.64,7.31,39.05,53.23,0,10.94,0
CHAKAN_TO_SRIPERUMBUDUR,1094.0,13.23,1.4,24.92,218.51,0,14.42,0
CHAKAN_TO_SRIPERUMBUDUR,1094.0,13.23,10.13,46.8,41.02,0,13.25,0
JNPT_TO_BHIWANDI,67.55,0.92,1.47,27.15,33.65,0,0.95,0
JNPT_TO_BHIWANDI,67.55,0.92,1.44,56.33,164.87,0,0.95,0
JNPT_TO_CHAKAN,136.67,1.75,0.85,44.44,179.4,0,1.65,0
BHIWANDI_TO_CHAKAN,156.03,1.93,0.06,13.35,49.17,0,1.75,0
JNPT_TO_BHIWANDI,67.55,0.92,4.48,44.51,40.19,0,1.08,0
BHIWANDI_TO_CHAKAN,156.03,1.93,0.22,18.18,696.85,0,2.58,1
MUNDRA_TO_BHIWANDI,872.85,11.64,0.96,43.58,25.59,0,10.64,0
MUNDRA_TO_BHIWANDI,872.85,11.64,1.81,16.98,51.35,0,13.56,0
MUNDRA_TO_BHIWANDI,872.85,11.64,1.82,18.28,8.51,0,12.79,0
MUNDRA_TO_BHIWANDI,872.85,11.64,1.54,37.1,91.39,0,12.33,0
CHAKAN_TO_SRIPERUMBUDUR,1094.0,13.23,1.35,26.16,33.32,0,13.51,0
MUNDRA_TO_BHIWANDI,872.85,11.64,1.05,50.98,46.87,0,11.22,0
JNPT_TO_BHIWANDI,67.55,0.92,1.28,45.27,50.79,0,1.01,0
JNPT_TO_BHIWANDI,67.55,0.92,1.96,28.85,277.99,0,0.84,0
JNPT_TO_BHIWANDI,67.55,0.92,0.54,28.43,129.45,0,0.96,0
MUNDRA_TO_BHIWANDI,872.85,11.64,0.32,26.3,154.89,0,12.8,0
JNPT_TO_BHIWANDI,67.55,0.92,4.05,38.35,435.53,0,1.4,1
JNPT_TO_BHIWANDI,67.55,0.92,1.41,33.94,29.17,0,0.89,0
JNPT_TO_BHIWANDI,67.55,0.92,0.56,37.2,208.52,0,0.87,0
MUNDRA_TO_BHIWANDI,872.85,11.64,0.93,26.31,7.23,0,11.55,0
JNPT_TO_BHIWANDI,67.55,0.92,1.12,20.64,131.96,0,0.94,0
BHIWANDI_TO_CHAKAN,156.03,1.93,0.39,25.44,19.41,0,2.21,0
CHAKAN_TO_SRIPERUMBUDUR,1094.0,13.23,0.29,12.28,68.82,0,14.35,0
JNPT_TO_CHAKAN,136.67,1.75,0.26,33.83,94.92,0,1.96,0
BHIWANDI_TO_CHAKAN,156.03,1.93,0.22,44.25,129.7,0,2.02,0
JNPT_TO_BHIWANDI,67.55,0.92,1.56,28.98,122.89,0,0.92,0
JNPT_TO_CHAKAN,136.67,1.75,1.29,32.71,100.08,0,1.99,0
JNPT_TO_BHIWANDI,67.55,0.92,1.41,31.15,62.33,0,1.07,0
MUNDRA_TO_BHIWANDI,872.85,11.64,0.84,28.61,62.23,0,11.17,0
MUNDRA_TO_BHIWANDI,872.85,11.64,0.58,48.97,417.6,0,11.15,0
MUNDRA_TO_BHIWANDI,872.85,11.64,1.05,32.48,133.64,0,10.94,0
CHAKAN_TO_SRIPERUMBUDUR,1094.0,13.23,1.97,24.28,92.26,0,12.63,0
MUNDRA_TO_BHIWANDI,872.85,11.64,1.67,58.06,121.12,0,13.31,0
JNPT_TO_CHAKAN,136.67,1.75,1.17,35.48,166.83,0,2.09,0
BHIWANDI_TO_CHAKAN,156.03,1.93,1.69,27.6,3.44,0,1.88,0
MUNDRA_TO_BHIWANDI,872.85,11.64,0.73,36.87,154.48,0,13.84,0
MUNDRA_TO_BHIWANDI,872.85,11.64,1.05,18.31,42.79,0,13.17,0
CHAKAN_TO_SRIPERUMBUDUR,1094.0,13.23,1.78,45.4,23.7,0,12.7,0
JNPT_TO_CHAKAN,136.67,1.75,1.68,38.71,3.71,0,1.67,0
CHAKAN_TO_SRIPERUMBUDUR,1094.0,13.23,1.5,43.46,21.96,0,12.68,0
MUNDRA_TO_BHIWANDI,872.85,11.64,2.05,40.55,62.91,0,12.67,0
CHAKAN_TO_SRIPERUMBUDUR,1094.0,13.23,5.38,43.95,443.45,0,14.28,0
CHAKAN_TO_SRIPERUMBUDUR,1094.0,13.23,0.09,42.32,14.65,0,12.01,0
JNPT_TO_BHIWANDI,67.55,0.92,1.77,59.7,7.54,0,0.99,0
CHAKAN_TO_SRIPERUMBUDUR,1094.0,13.23,0.49,55.24,4.84,0,12.81,0
BHIWANDI_TO_CHAKAN,156.03,1.93,0.06,58.0,111.02,0,1.82,0
MUNDRA_TO_BHIWANDI,872.85,11.64,0.6,44.65,200.25,0,10.64,0
MUNDRA_TO_BHIWANDI,872.85,11.64,0.85,49.61,71.11,0,11.8,0
JNPT_TO_BHIWANDI,67.55,0.92,0.53,59.05,41.04,0,1.01,0
JNPT_TO_BHIWANDI,67.55,0.92,1.11,44.84,22.54,0,0.83,0
MUNDRA_TO_BHIWANDI,872.85,11.64,1.73,59.51,145.61,0,10.74,0
BHIWANDI_TO_CHAKAN,156.03,1.93,0.11,57.44,106.77,0,2.2,0
JNPT_TO_BHIWANDI,67.55,0.92,0.09,33.24,5.8,0,1.07,0
BHIWANDI_TO_CHAKAN,156.03,1.93,1.59,31.82,22.32,0,1.85,0
BHIWANDI_TO_CHAKAN,156.03,1.93,23.63,44.32,336.26,0,4.47,1
JNPT_TO_BHIWANDI,67.55,0.92,0.98,30.57,8.39,0,0.84,0
MUNDRA_TO_BHIWANDI,872.85,11.64,1.21,12.52,49.07,0,11.66,0
JNPT_TO_CHAKAN,136.67,1.75,6.34,48.82,146.42,0,1.91,0
MUNDRA_TO_BHIWANDI,872.85,11.64,0.38,24.06,223.81,0,12.96,0
JNPT_TO_BHIWANDI,67.55,0.92,0.43,43.17,31.43,0,1.09,0
MUNDRA_TO_BHIWANDI,872.85,11.64,1.16,51.65,64.3,0,11.57,0
JNPT_TO_CHAKAN,136.67,1.75,1.64,43.73,74.3,0,1.8,0
JNPT_TO_BHIWANDI,67.55,0.92,0.4,58.34,17.05,0,0.88,0
JNPT_TO_CHAKAN,136.67,1.75,0.82,10.39,53.39,0,2.09,0
CHAKAN_TO_SRIPERUMBUDUR,1094.0,13.23,0.68,37.62,60.38,0,14.06,0
JNPT_TO_BHIWANDI,67.55,0.92,0.86,24.61,20.14,0,0.89,0
MUNDRA_TO_BHIWANDI,872.85,11.64,0.6,19.22,127.47,0,12.99,0
JNPT_TO_BHIWANDI,67.55,0.92,1.04,54.89,39.25,0,1.04,0
BHIWANDI_TO_CHAKAN,156.03,1.93,1.28,53.3,65.54,0,1.81,0
BHIWANDI_TO_CHAKAN,156.03,1.93,1.02,41.96,33.47,0,2.21,0
CHAKAN_TO_SRIPERUMBUDUR,1094.0,13.23,0.24,17.82,90.49,0,13.31,0
JNPT_TO_CHAKAN,136.67,1.75,0.33,41.49,92.16,0,1.95,0
MUNDRA_TO_BHIWANDI,872.85,11.64,1.91,37.81,294.13,0,13.33,0
BHIWANDI_TO_CHAKAN,156.03,1.93,0.9,48.09,135.53,0,2.15,0
JNPT_TO_BHIWANDI,67.55,0.92,0.18,22.73,64.7,0,0.95,0
CHAKAN_TO_SRIPERUMBUDUR,1094.0,13.23,1.38,41.35,44.31,0,11.91,0
BHIWANDI_TO_CHAKAN,156.03,1.93,1.08,15.86,12.72,0,1.89,0
MUNDRA_TO_BHIWANDI,872.85,11.64,1.98,24.69,39.73,0,11.5,0
CHAKAN_TO_SRIPERUMBUDUR,1094.0,13.23,0.5,58.79,50.43,0,12.93,0
MUNDRA_TO_BHIWANDI,872.85,11.64,0.9,56.14,18.53,0,11.78,0
CHAKAN_TO_SRIPERUMBUDUR,1094.0,13.23,0.43,28.6,70.82,0,15.81,0
JNPT_TO_BHIWANDI,67.55,0.92,1.34,27.68,297.94,0,1.05,0
BHIWANDI_TO_CHAKAN,156.03,1.93,1.14,12.93,80.61,0,1.77,0
JNPT_TO_BHIWANDI,67.55,0.92,0.57,42.8,118.72,0,1.05,0
CHAKAN_TO_SRIPERUMBUDUR,1094.0,13.23,0.1,25.94,80.82,0,14.82,0
JNPT_TO_BHIWANDI,67.55,0.92,4.36,54.64,48.02,0,0.94,0
BHIWANDI_TO_CHAKAN,156.03,1.93,0.05,48.47,254.55,0,1.98,0
CHAKAN_TO_SRIPERUMBUDUR,1094.0,13.23,0.98,31.58,175.48,0,13.29,0
JNPT_TO_CHAKAN,136.67,1.75,1.74,23.21,58.13,0,1.89,0
JNPT_TO_BHIWANDI,67.55,0.92,1.06,37.31,45.14,0,0.97,0
JNPT_TO_CHAKAN,136.67,1.75,0.54,51.74,89.78,0,1.96,0
BHIWANDI_TO_CHAKAN,156.03,1.93,1.22,54.91,22.18,0,1.83,0
BHIWANDI_TO_CHAKAN,156.03,1.93,0.0,32.16,60.7,0,1.82,0
CHAKAN_TO_SRIPERUMBUDUR,1094.0,13.23,0.75,20.88,14.38,0,15.1,0
JNPT_TO_BHIWANDI,67.55,0.92,0.3,27.1,64.81,0,1.1,0
MUNDRA_TO_BHIWANDI,872.85,11.64,1.15,32.79,132.92,0,11.68,0
JNPT_TO_CHAKAN,136.67,1.75,2.9,56.13,68.14,0,2.07,0
JNPT_TO_CHAKAN,136.67,1.75,2.73,51.29,119.86,0,1.65,0
BHIWANDI_TO_CHAKAN,156.03,1.93,1.92,26.02,111.95,0,2.13,0
MUNDRA_TO_BHIWANDI,872.85,11.64,0.67,26.31,18.98,0,10.71,0
CHAKAN_TO_SRIPERUMBUDUR,1094.0,13.23,0.2,51.96,37.92,0,14.11,0
JNPT_TO_CHAKAN,136.67,1.75,1.1,33.56,95.51,0,1.92,0
BHIWANDI_TO_CHAKAN,156.03,1.93,0.86,11.37,342.06,0,2.17,0
JNPT_TO_CHAKAN,136.67,1.75,1.1,14.42,74.21,0,2.07,0
JNPT_TO_BHIWANDI,67.55,0.92,1.7,45.84,111.46,0,0.86,0
BHIWANDI_TO_CHAKAN,156.03,1.93,2.42,35.79,1.31,0,1.77,0
JNPT_TO_CHAKAN,136.67,1.75,1.32,22.95,270.74,0,2.04,0
MUNDRA_TO_BHIWANDI,872.85,11.64,0.13,56.07,0.66,0,13.37,0
CHAKAN_TO_SRIPERUMBUDUR,1094.0,13.23,1.61,49.78,29.25,0,15.83,0
JNPT_TO_CHAKAN,136.67,1.75,0.35,29.09,99.07,0,2.03,0
BHIWANDI_TO_CHAKAN,156.03,1.93,1.93,22.06,191.7,0,2.13,0
CHAKAN_TO_SRIPERUMBUDUR,1094.0,13.23,1.44,59.17,227.1,0,14.99,0
MUNDRA_TO_BHIWANDI,872.85,11.64,0.68,49.09,146.52,0,11.33,0
JNPT_TO_BHIWANDI,67.55,0.92,1.91,31.33,350.03,0,1.43,1
JNPT_TO_CHAKAN,136.67,1.75,1.12,43.73,74.51,0,1.69,0
BHIWANDI_TO_CHAKAN,156.03,1.93,1.25,12.6,39.7,0,1.74,0
JNPT_TO_BHIWANDI,67.55,0.92,0.41,20.02,45.73,0,1.07,0
JNPT_TO_CHAKAN,136.67,1.75,0.05,32.78,55.53,0,1.68,0
CHAKAN_TO_SRIPERUMBUDUR,1094.0,13.23,1.53,13.0,108.28,0,12.28,0
JNPT_TO_BHIWANDI,67.55,0.92,0.18,22.25,96.83,0,0.89,0
JNPT_TO_CHAKAN,136.67,1.75,1.71,10.0,15.78,0,2.08,0
BHIWANDI_TO_CHAKAN,156.03,1.93,1.25,31.89,304.28,0,2.27,0
BHIWANDI_TO_CHAKAN,156.03,1.93,0.87,50.93,84.66,0,2.11,0
CHAKAN_TO_SRIPERUMBUDUR,1094.0,13.23,0.82,56.97,6.77,0,15.54,0
BHIWANDI_TO_CHAKAN,156.03,1.93,0.72,53.75,60.06,0,2.3,0
JNPT_TO_BHIWANDI,67.55,0.92,0.42,54.42,10.51,0,0.93,0
CHAKAN_TO_SRIPERUMBUDUR,1094.0,13.23,4.47,37.27,110.13,0,11.99,0
BHIWANDI_TO_CHAKAN,156.03,1.93,2.61,32.02,16.27,0,2.23,0
CHAKAN_TO_SRIPERUMBUDUR,1094.0,13.23,5.99,55.97,105.06,0,15.14,0
BHIWANDI_TO_CHAKAN,156.03,1.93,1.86,23.65,414.42,0,2.36,0
JNPT_TO_CHAKAN,136.67,1.75,0.24,26.69,24.66,0,1.64,0
MUNDRA_TO_BHIWANDI,872.85,11.64,1.72,46.64,132.14,0,11.39,0
JNPT_TO_BHIWANDI,67.55,0.92,0.53,44.26,0.02,0,1.05,0
MUNDRA_TO_BHIWANDI,872.85,11.64,1.7,54.03,10.98,0,12.98,0
CHAKAN_TO_SRIPERUMBUDUR,1094.0,13.23,1.05,14.32,320.86,0,13.02,0
JNPT_TO_CHAKAN,136.67,1.75,1.49,18.35,377.72,0,2.01,0
JNPT_TO_CHAKAN,136.67,1.75,0.17,29.88,119.83,0,1.88,0
BHIWANDI_TO_CHAKAN,156.03,1.93,1.97,40.5,133.65,0,2.08,0
CHAKAN_TO_SRIPERUMBUDUR,1094.0,13.23,0.42,37.66,187.5,0,12.54,0
BHIWANDI_TO_CHAKAN,156.03,1.93,1.09,22.98,20.42,0,1.96,0
CHAKAN_TO_SRIPERUMBUDUR,1094.0,13.23,1.73,10.11,129.31,0,15.48,0
MUNDRA_TO_BHIWANDI,872.85,11.64,0.72,15.33,153.3,0,12.02,0
JNPT_TO_CHAKAN,136.67,1.75,1.09,11.79,136.79,0,2.0,0
MUNDRA_TO_BHIWANDI,872.85,11.64,1.57,38.94,49.87,0,11.46,0
JNPT_TO_BHIWANDI,67.55,0.92,0.89,46.02,30.97,0,0.99,0
BHIWANDI_TO_CHAKAN,156.03,1.93,5.02,21.07,10.08,0,2.28,0
CHAKAN_TO_SRIPERUMBUDUR,1094.0,13.23,0.81,33.71,12.16,0,14.21,0
JNPT_TO_CHAKAN,136.67,1.75,1.84,47.62,47.18,0,2.02,0
MUNDRA_TO_BHIWANDI,872.85,11.64,1.71,34.69,127.3,0,12.06,0
MUNDRA_TO_BHIWANDI,872.85,11.64,1.17,13.81,92.98,0,12.3,0
MUNDRA_TO_BHIWANDI,872.85,11.64,0.47,16.21,243.49,0,12.35,0
MUNDRA_TO_BHIWANDI,872.85,11.64,1.75,38.38,23.49,0,13.21,0
JNPT_TO_BHIWANDI,67.55,0.92,7.64,52.43,20.47,0,1.01,0
JNPT_TO_CHAKAN,136.67,1.75,1.86,33.13,32.19,0,1.6,0
CHAKAN_TO_SRIPERUMBUDUR,1094.0,13.23,1.72,10.91,275.19,0,13.44,0
JNPT_TO_CHAKAN,136.67,1.75,5.59,33.13,131.75,0,1.83,0
JNPT_TO_CHAKAN,136.67,1.75,1.92,14.96,306.75,0,1.94,0
CHAKAN_TO_SRIPERUMBUDUR,1094.0,13.23,1.23,11.74,230.69,0,15.32,0
BHIWANDI_TO_CHAKAN,156.03,1.93,1.03,45.02,134.11,0,1.8,0
CHAKAN_TO_SRIPERUMBUDUR,1094.0,13.23,0.32,18.02,53.49,0,13.94,0
BHIWANDI_TO_CHAKAN,156.03,1.93,1.01,42.3,74.78,0,2.26,0
JNPT_TO_CHAKAN,136.67,1.75,0.28,45.82,728.14,0,2.34,1
MUNDRA_TO_BHIWANDI,872.85,11.64,1.51,34.15,171.08,0,12.71,0
JNPT_TO_BHIWANDI,67.55,0.92,0.83,50.24,28.99,0,1.01,0
JNPT_TO_BHIWANDI,67.55,0.92,1.22,11.49,43.25,0,1.09,0
MUNDRA_TO_BHIWANDI,872.85,11.64,1.75,27.95,66.02,0,13.64,0
CHAKAN_TO_SRIPERUMBUDUR,1094.0,13.23,1.73,59.28,39.2,0,15.36,0
MUNDRA_TO_BHIWANDI,872.85,11.64,1.09,21.16,39.28,0,11.71,0
JNPT_TO_BHIWANDI,67.55,0.92,3.57,36.93,73.42,0,0.95,0
CHAKAN_TO_SRIPERUMBUDUR,1094.0,13.23,1.1,48.51,169.45,0,12.91,0
CHAKAN_TO_SRIPERUMBUDUR,1094.0,13.23,0.16,12.41,27.24,0,14.64,0
CHAKAN_TO_SRIPERUMBUDUR,1094.0,13.23,0.68,24.01,10.9,0,13.36,0
MUNDRA_TO_BHIWANDI,872.85,11.64,0.22,41.55,188.82,0,12.6,0
BHIWANDI_TO_CHAKAN,156.03,1.93,1.08,29.41,145.59,0,2.15,0
BHIWANDI_TO_CHAKAN,156.03,1.93,0.61,35.0,51.12,0,2.27,0
JNPT_TO_BHIWANDI,67.55,0.92,11.11,40.2,25.01,0,0.95,0
JNPT_TO_BHIWANDI,67.55,0.92,0.61,14.02,6.51,0,0.91,0
JNPT_TO_BHIWANDI,67.55,0.92,1.3,29.42,175.41,0,0.84,0
JNPT_TO_BHIWANDI,67.55,0.92,1.84,19.68,54.8,0,0.84,0
CHAKAN_TO_SRIPERUMBUDUR,1094.0,13.23,0.23,33.08,8.72,0,14.86,0
JNPT_TO_CHAKAN,136.67,1.75,0.27,16.17,21.75,0,1.6,0
CHAKAN_TO_SRIPERUMBUDUR,1094.0,13.23,6.31,25.42,279.43,0,14.27,0
JNPT_TO_BHIWANDI,67.55,0.92,0.07,11.3,81.43,0,1.06,0
MUNDRA_TO_BHIWANDI,872.85,11.64,1.98,51.04,122.97,0,12.28,0
MUNDRA_TO_BHIWANDI,872.85,11.64,1.16,15.82,17.96,0,13.76,0
BHIWANDI_TO_CHAKAN,156.03,1.93,0.38,40.67,39.29,0,2.01,0
JNPT_TO_BHIWANDI,67.55,0.92,1.17,35.09,20.98,0,0.87,0
CHAKAN_TO_SRIPERUMBUDUR,1094.0,13.23,6.05,25.13,93.87,0,15.39,0
MUNDRA_TO_BHIWANDI,872.85,11.64,2.5,49.13,2.5,0,13.59,0
JNPT_TO_BHIWANDI,67.55,0.92,0.81,19.42,51.17,0,1.06,0
CHAKAN_TO_SRIPERUMBUDUR,1094.0,13.23,4.27,48.43,10.55,0,15.01,0
CHAKAN_TO_SRIPERUMBUDUR,1094.0,13.23,1.77,25.43,192.14,0,12.43,0
JNPT_TO_BHIWANDI,67.55,0.92,0.49,29.04,231.26,0,1.08,0
MUNDRA_TO_BHIWANDI,872.85,11.64,0.74,11.11,101.93,0,10.71,0
MUNDRA_TO_BHIWANDI,872.85,11.64,1.5,12.02,153.44,0,13.78,0
JNPT_TO_CHAKAN,136.67,1.75,0.15,12.99,66.7,0,1.82,0
CHAKAN_TO_SRIPERUMBUDUR,1094.0,13.23,0.27,14.5,25.69,0,13.28,0
MUNDRA_TO_BHIWANDI,872.85,11.64,1.73,12.48,11.5,0,10.99,0
BHIWANDI_TO_CHAKAN,156.03,1.93,0.54,42.94,94.64,0,1.95,0
CHAKAN_TO_SRIPERUMBUDUR,1094.0,13.23,0.95,53.74,80.73,0,15.47,0
BHIWANDI_TO_CHAKAN,156.03,1.93,4.7,44.52,31.35,0,2.02,0
JNPT_TO_BHIWANDI,67.55,0.92,1.7,33.25,76.62,0,0.92,0
BHIWANDI_TO_CHAKAN,156.03,1.93,0.29,13.33,36.43,0,2.09,0
CHAKAN_TO_SRIPERUMBUDUR,1094.0,13.23,0.32,49.58,125.37,0,12.81,0
JNPT_TO_BHIWANDI,67.55,0.92,1.68,17.97,31.12,0,0.89,0
MUNDRA_TO_BHIWANDI,872.85,11.64,0.92,43.22,145.68,0,13.47,0
MUNDRA_TO_BHIWANDI,872.85,11.64,0.69,43.91,0.26,0,13.29,0
MUNDRA_TO_BHIWANDI,872.85,11.64,0.78,33.3,67.32,0,12.98,0
MUNDRA_TO_BHIWANDI,872.85,11.64,6.61,20.98,20.48,0,13.11,0
CHAKAN_TO_SRIPERUMBUDUR,1094.0,13.23,5.28,49.81,72.88,0,13.45,0
BHIWANDI_TO_CHAKAN,156.03,1.93,0.06,47.19,33.69,0,1.8,0
BHIWANDI_TO_CHAKAN,156.03,1.93,1.61,55.7,63.72,0,1.74,0
JNPT_TO_BHIWANDI,67.55,0.92,0.02,56.75,51.09,0,0.92,0
JNPT_TO_CHAKAN,136.67,1.75,1.77,50.57,70.05,0,1.72,0
CHAKAN_TO_SRIPERUMBUDUR,1094.0,13.23,0.82,41.34,76.75,0,12.2,0
MUNDRA_TO_BHIWANDI,872.85,11.64,0.28,31.08,74.27,0,11.45,0
JNPT_TO_CHAKAN,136.67,1.75,1.15,55.06,20.56,0,1.7,0
JNPT_TO_CHAKAN,136.67,1.75,0.25,50.46,27.17,0,1.8,0
MUNDRA_TO_BHIWANDI,872.85,11.64,0.04,36.91,186.65,0,13.39,0
BHIWANDI_TO_CHAKAN,156.03,1.93,8.82,27.81,14.43,0,2.03,0
JNPT_TO_CHAKAN,136.67,1.75,1.48,30.75,37.97,0,1.73,0
BHIWANDI_TO_CHAKAN,156.03,1.93,15.01,37.23,92.5,0,3.71,1
JNPT_TO_BHIWANDI,67.55,0.92,1.85,40.65,187.42,0,0.96,0
MUNDRA_TO_BHIWANDI,872.85,11.64,0.36,29.88,20.03,0,10.55,0
CHAKAN_TO_SRIPERUMBUDUR,1094.0,13.23,1.29,23.7,83.3,0,15.33,0
MUNDRA_TO_BHIWANDI,872.85,11.64,0.03,41.24,126.36,0,11.86,0
JNPT_TO_BHIWANDI,67.55,0.92,0.1,44.25,35.44,0,0.88,0
JNPT_TO_CHAKAN,136.67,1.75,0.39,54.92,28.36,0,1.79,0
CHAKAN_TO_SRIPERUMBUDUR,1094.0,13.23,1.35,33.63,47.2,0,15.59,0
JNPT_TO_CHAKAN,136.67,1.75,0.17,12.74,134.8,0,1.78,0
MUNDRA_TO_BHIWANDI,872.85,11.64,0.03,37.39,152.96,0,12.9,0
MUNDRA_TO_BHIWANDI,872.85,11.64,0.56,14.31,71.97,0,12.71,0
CHAKAN_TO_SRIPERUMBUDUR,1094.0,13.23,1.49,15.1,38.44,0,15.31,0
BHIWANDI_TO_CHAKAN,156.03,1.93,0.77,53.64,213.22,0,2.12,0
JNPT_TO_BHIWANDI,67.55,0.92,1.89,48.0,299.1,0,0.85,0
JNPT_TO_CHAKAN,136.67,1.75,1.19,11.26,70.18,0,2.03,0
JNPT_TO_CHAKAN,136.67,1.75,0.68,49.0,31.45,0,1.99,0
CHAKAN_TO_SRIPERUMBUDUR,1094.0,13.23,0.75,22.49,17.32,0,15.19,0
BHIWANDI_TO_CHAKAN,156.03,1.93,1.23,52.91,318.66,0,2.2,0
JNPT_TO_BHIWANDI,67.55,0.92,1.44,56.71,122.28,0,0.89,0
JNPT_TO_BHIWANDI,67.55,0.92,0.61,44.95,26.02,0,0.87,0
MUNDRA_TO_BHIWANDI,872.85,11.64,1.11,16.78,114.63,0,12.18,0
JNPT_TO_CHAKAN,136.67,1.75,0.3,23.09,100.07,0,1.86,0
BHIWANDI_TO_CHAKAN,156.03,1.93,1.84,30.09,40.15,0,2.24,0
BHIWANDI_TO_CHAKAN,156.03,1.93,1.51,24.03,123.88,0,2.01,0
MUNDRA_TO_BHIWANDI,872.85,11.64,0.42,24.89,17.54,0,12.15,0
BHIWANDI_TO_CHAKAN,156.03,1.93,0.96,32.3,13.42,0,2.09,0
JNPT_TO_CHAKAN,136.67,1.75,1.71,31.01,88.04,0,1.8,0
CHAKAN_TO_SRIPERUMBUDUR,1094.0,13.23,1.86,15.84,18.92,0,15.22,0
JNPT_TO_CHAKAN,136.67,1.75,0.65,54.29,75.75,0,1.62,0
CHAKAN_TO_SRIPERUMBUDUR,1094.0,13.23,1.03,24.93,7.42,0,15.03,0
JNPT_TO_CHAKAN,136.67,1.75,0.73,56.66,6.62,0,2.05,0
MUNDRA_TO_BHIWANDI,872.85,11.64,0.41,23.72,36.33,0,11.04,0
CHAKAN_TO_SRIPERUMBUDUR,1094.0,13.23,1.68,44.28,19.01,0,12.25,0
CHAKAN_TO_SRIPERUMBUDUR,1094.0,13.23,0.46,52.44,283.32,0,12.45,0
JNPT_TO_BHIWANDI,67.55,0.92,1.68,27.03,56.52,0,0.99,0
CHAKAN_TO_SRIPERUMBUDUR,1094.0,13.23,1.33,52.1,135.41,0,12.43,0
MUNDRA_TO_BHIWANDI,872.85,11.64,1.55,25.25,80.79,0,13.33,0
MUNDRA_TO_BHIWANDI,872.85,11.64,1.99,30.43,34.14,0,13.05,0
BHIWANDI_TO_CHAKAN,156.03,1.93,4.47,59.16,73.21,0,2.26,0
JNPT_TO_BHIWANDI,67.55,0.92,16.38,32.67,85.06,0,2.69,1
JNPT_TO_BHIWANDI,67.55,0.92,0.29,26.44,211.94,0,0.87,0
MUNDRA_TO_BHIWANDI,872.85,11.64,1.01,11.46,61.78,0,10.88,0
JNPT_TO_CHAKAN,136.67,1.75,0.54,18.11,0.47,0,2.01,0
BHIWANDI_TO_CHAKAN,156.03,1.93,0.93,56.67,149.22,0,2.13,0
CHAKAN_TO_SRIPERUMBUDUR,1094.0,13.23,3.05,10.6,69.88,0,14.55,0
JNPT_TO_BHIWANDI,67.55,0.92,1.55,53.15,7.04,0,0.93,0
BHIWANDI_TO_CHAKAN,156.03,1.93,1.24,15.25,136.22,0,2.14,0
JNPT_TO_CHAKAN,136.67,1.75,0.47,36.48,347.65,0,2.09,0
CHAKAN_TO_SRIPERUMBUDUR,1094.0,13.23,0.19,55.83,65.45,0,13.74,0
CHAKAN_TO_SRIPERUMBUDUR,1094.0,13.23,5.82,53.76,202.46,0,12.27,0
MUNDRA_TO_BHIWANDI,872.85,11.64,0.52,27.72,80.08,0,13.64,0
JNPT_TO_CHAKAN,136.67,1.75,0.12,43.4,157.85,0,2.09,0
CHAKAN_TO_SRIPERUMBUDUR,1094.0,13.23,0.77,32.52,95.73,0,12.73,0
MUNDRA_TO_BHIWANDI,872.85,11.64,1.17,48.89,97.94,0,10.57,0
JNPT_TO_CHAKAN,136.67,1.75,1.58,21.9,67.34,0,1.92,0
BHIWANDI_TO_CHAKAN,156.03,1.93,1.79,51.32,2.45,0,2.21,0
MUNDRA_TO_BHIWANDI,872.85,11.64,0.18,23.53,17.24,0,11.15,0
JNPT_TO_BHIWANDI,67.55,0.92,1.6,30.58,148.55,0,1.1,0
MUNDRA_TO_BHIWANDI,872.85,11.64,0.41,55.75,84.8,0,10.5,0
JNPT_TO_CHAKAN,136.67,1.75,3.75,14.08,122.78,0,1.94,0
CHAKAN_TO_SRIPERUMBUDUR,1094.0,13.23,4.11,24.95,122.92,0,13.49,0
CHAKAN_TO_SRIPERUMBUDUR,1094.0,13.23,1.11,30.68,43.64,0,14.95,0
BHIWANDI_TO_CHAKAN,156.03,1.93,0.59,12.07,218.13,0,1.83,0
BHIWANDI_TO_CHAKAN,156.03,1.93,0.86,35.4,135.1,0,1.89,0
JNPT_TO_CHAKAN,136.67,1.75,1.87,31.97,107.18,0,1.73,0
CHAKAN_TO_SRIPERUMBUDUR,1094.0,13.23,1.89,10.03,71.42,0,12.37,0
JNPT_TO_BHIWANDI,67.55,0.92,0.83,20.3,61.98,0,0.83,0
JNPT_TO_BHIWANDI,67.55,0.92,1.51,42.9,9.97,0,0.92,0
CHAKAN_TO_SRIPERUMBUDUR,1094.0,13.23,0.67,31.63,81.02,0,12.95,0
CHAKAN_TO_SRIPERUMBUDUR,1094.0,13.23,1.92,58.8,329.67,0,13.43,0
JNPT_TO_CHAKAN,136.67,1.75,1.43,14.93,5.28,0,1.98,0
MUNDRA_TO_BHIWANDI,872.85,11.64,1.52,13.48,140.84,0,11.46,0
BHIWANDI_TO_CHAKAN,156.03,1.93,1.98,37.56,93.97,0,2.28,0
CHAKAN_TO_SRIPERUMBUDUR,1094.0,13.23,7.91,32.04,248.88,0,14.47,0
MUNDRA_TO_BHIWANDI,872.85,11.64,4.86,49.97,194.65,0,13.62,0
BHIWANDI_TO_CHAKAN,156.03,1.93,0.28,55.65,45.06,1,7.8,1
JNPT_TO_BHIWANDI,67.55,0.92,0.37,33.89,70.23,0,0.84,0
JNPT_TO_CHAKAN,136.67,1.75,14.5,55.29,193.37,0,1.9,0
MUNDRA_TO_BHIWANDI,872.85,11.64,1.45,39.96,64.9,0,12.64,0
JNPT_TO_BHIWANDI,67.55,0.92,1.33,18.82,84.09,0,0.95,0
BHIWANDI_TO_CHAKAN,156.03,1.93,0.09,58.65,48.89,0,1.76,0
CHAKAN_TO_SRIPERUMBUDUR,1094.0,13.23,1.74,59.11,74.89,0,12.3,0
MUNDRA_TO_BHIWANDI,872.85,11.64,1.1,16.41,181.08,0,12.62,0
BHIWANDI_TO_CHAKAN,156.03,1.93,1.64,28.38,68.81,0,2.1,0
BHIWANDI_TO_CHAKAN,156.03,1.93,1.23,26.94,313.67,0,2.48,1
JNPT_TO_CHAKAN,136.67,1.75,0.14,18.69,24.92,0,1.81,0
MUNDRA_TO_BHIWANDI,872.85,11.64,1.93,15.65,191.47,0,10.49,0
JNPT_TO_BHIWANDI,67.55,0.92,6.6,59.31,287.05,0,0.96,0
JNPT_TO_BHIWANDI,67.55,0.92,1.58,19.35,129.4,0,0.94,0
JNPT_TO_BHIWANDI,67.55,0.92,1.54,14.6,10.07,0,1.08,0
CHAKAN_TO_SRIPERUMBUDUR,1094.0,13.23,1.21,41.77,233.14,0,13.67,0
JNPT_TO_CHAKAN,136.67,1.75,1.33,52.28,215.48,0,2.05,0
JNPT_TO_BHIWANDI,67.55,0.92,0.37,31.07,54.17,0,1.05,0
JNPT_TO_CHAKAN,136.67,1.75,1.48,11.82,319.54,0,2.21,1
JNPT_TO_CHAKAN,136.67,1.75,4.53,44.5,33.38,1,9.24,1
JNPT_TO_BHIWANDI,67.55,0.92,0.86,24.03,13.1,0,0.93,0
JNPT_TO_BHIWANDI,67.55,0.92,0.55,50.32,45.02,0,0.86,0
JNPT_TO_BHIWANDI,67.55,0.92,1.67,54.13,177.32,0,0.84,0
MUNDRA_TO_BHIWANDI,872.85,11.64,1.33,42.45,52.06,0,13.46,0
CHAKAN_TO_SRIPERUMBUDUR,1094.0,13.23,1.7,27.37,94.74,0,15.5,0
JNPT_TO_CHAKAN,136.67,1.75,1.18,11.11,16.2,0,1.59,0
BHIWANDI_TO_CHAKAN,156.03,1.93,1.8,10.38,0.59,0,2.12,0
JNPT_TO_CHAKAN,136.67,1.75,1.3,19.85,206.51,0,2.04,0
JNPT_TO_CHAKAN,136.67,1.75,0.85,20.32,141.66,0,2.05,0
JNPT_TO_CHAKAN,136.67,1.75,4.03,19.85,189.93,0,2.06,0
BHIWANDI_TO_CHAKAN,156.03,1.93,3.98,14.36,66.22,0,2.09,0
JNPT_TO_BHIWANDI,67.55,0.92,0.98,57.47,247.87,0,0.95,0
JNPT_TO_CHAKAN,136.67,1.75,0.74,10.28,75.8,0,2.03,0
MUNDRA_TO_BHIWANDI,872.85,11.64,0.0,51.36,153.57,0,12.24,0
JNPT_TO_BHIWANDI,67.55,0.92,1.24,39.53,49.51,0,1.0,0
CHAKAN_TO_SRIPERUMBUDUR,1094.0,13.23,0.69,56.55,304.21,0,15.53,0
CHAKAN_TO_SRIPERUMBUDUR,1094.0,13.23,1.97,41.92,1.97,0,12.63,0
JNPT_TO_BHIWANDI,67.55,0.92,1.42,22.71,7.82,0,0.99,0
JNPT_TO_BHIWANDI,67.55,0.92,1.34,22.92,8.21,0,0.89,0
JNPT_TO_BHIWANDI,67.55,0.92,15.8,33.77,19.15,0,2.44,1
JNPT_TO_CHAKAN,136.67,1.75,1.64,11.73,48.38,0,2.05,0
MUNDRA_TO_BHIWANDI,872.85,11.64,1.27,12.28,62.93,0,11.17,0
JNPT_TO_CHAKAN,136.67,1.75,1.15,28.32,40.44,0,1.79,0
JNPT_TO_BHIWANDI,67.55,0.92,0.92,42.86,149.84,0,1.04,0
JNPT_TO_BHIWANDI,67.55,0.92,1.07,57.86,121.84,0,1.03,0
BHIWANDI_TO_CHAKAN,156.03,1.93,0.29,46.15,16.13,0,2.07,0
BHIWANDI_TO_CHAKAN,156.03,1.93,1.43,58.8,75.34,0,2.3,0
CHAKAN_TO_SRIPERUMBUDUR,1094.0,13.23,1.24,14.43,40.57,0,14.93,0
CHAKAN_TO_SRIPERUMBUDUR,1094.0,13.23,1.25,33.63,18.0,0,13.57,0
CHAKAN_TO_SRIPERUMBUDUR,1094.0,13.23,1.83,32.3,78.34,0,13.96,0
MUNDRA_TO_BHIWANDI,872.85,11.64,1.69,45.24,48.81,0,13.56,0
MUNDRA_TO_BHIWANDI,872.85,11.64,1.3,49.76,53.81,1,17.75,1
JNPT_TO_CHAKAN,136.67,1.75,1.13,18.77,66.41,0,1.58,0
JNPT_TO_CHAKAN,136.67,1.75,1.41,20.0,158.97,0,1.6,0
CHAKAN_TO_SRIPERUMBUDUR,1094.0,13.23,1.16,23.08,344.12,0,15.61,0
BHIWANDI_TO_CHAKAN,156.03,1.93,0.86,20.24,73.96,0,1.79,0
CHAKAN_TO_SRIPERUMBUDUR,1094.0,13.23,0.5,13.4,255.58,0,12.23,0
BHIWANDI_TO_CHAKAN,156.03,1.93,6.19,16.58,86.52,0,2.23,0
MUNDRA_TO_BHIWANDI,872.85,11.64,1.0,57.42,28.5,0,12.04,0
MUNDRA_TO_BHIWANDI,872.85,11.64,1.08,43.72,287.84,0,13.91,0
JNPT_TO_CHAKAN,136.67,1.75,1.22,41.23,71.42,0,1.8,0
JNPT_TO_CHAKAN,136.67,1.75,1.07,25.98,56.68,0,1.9,0
MUNDRA_TO_BHIWANDI,872.85,11.64,1.05,21.58,156.41,0,10.91,0
BHIWANDI_TO_CHAKAN,156.03,1.93,0.1,40.02,232.6,0,1.93,0
JNPT_TO_CHAKAN,136.67,1.75,3.13,33.18,43.26,0,1.98,0
CHAKAN_TO_SRIPERUMBUDUR,1094.0,13.23,7.48,19.85,79.18,0,12.18,0
CHAKAN_TO_SRIPERUMBUDUR,1094.0,13.23,4.87,31.62,75.88,0,13.34,0
JNPT_TO_BHIWANDI,67.55,0.92,1.03,22.49,237.56,0,0.94,0
CHAKAN_TO_SRIPERUMBUDUR,1094.0,13.23,1.75,10.77,29.52,0,12.76,0
CHAKAN_TO_SRIPERUMBUDUR,1094.0,13.23,0.18,50.22,17.17,0,15.46,0
JNPT_TO_BHIWANDI,67.55,0.92,1.74,19.74,180.27,0,0.96,0
JNPT_TO_CHAKAN,136.67,1.75,1.28,26.08,50.84,0,2.01,0
CHAKAN_TO_SRIPERUMBUDUR,1094.0,13.23,7.16,48.49,150.35,0,12.43,0
JNPT_TO_CHAKAN,136.67,1.75,0.27,48.85,0.66,0,1.61,0
JNPT_TO_CHAKAN,136.67,1.75,0.15,27.3,57.86,0,1.77,0
BHIWANDI_TO_CHAKAN,156.03,1.93,1.46,39.54,1.1,0,2.3,0
JNPT_TO_BHIWANDI,67.55,0.92,0.23,16.78,40.91,0,0.91,0
JNPT_TO_BHIWANDI,67.55,0.92,0.29,35.03,87.57,0,0.91,0
CHAKAN_TO_SRIPERUMBUDUR,1094.0,13.23,4.54,28.28,33.93,0,12.36,0
BHIWANDI_TO_CHAKAN,156.03,1.93,3.3,39.83,127.71,0,2.3,0
JNPT_TO_BHIWANDI,67.55,0.92,0.15,41.11,160.42,0,1.1,0
MUNDRA_TO_BHIWANDI,872.85,11.64,4.68,30.96,250.29,0,10.6,0
MUNDRA_TO_BHIWANDI,872.85,11.64,1.8,37.02,26.18,0,13.1,0
CHAKAN_TO_SRIPERUMBUDUR,1094.0,13.23,0.95,57.52,68.18,0,12.28,0
BHIWANDI_TO_CHAKAN,156.03,1.93,3.27,43.56,187.7,0,1.88,0
MUNDRA_TO_BHIWANDI,872.85,11.64,0.93,55.97,216.54,0,11.37,0
CHAKAN_TO_SRIPERUMBUDUR,1094.0,13.23,1.96,27.13,74.81,0,15.75,0
JNPT_TO_BHIWANDI,67.55,0.92,0.52,25.1,122.08,0,1.04,0
MUNDRA_TO_BHIWANDI,872.85,11.64,0.18,17.9,48.66,0,11.73,0
MUNDRA_TO_BHIWANDI,872.85,11.64,0.06,32.07,99.09,0,11.42,0
JNPT_TO_CHAKAN,136.67,1.75,0.31,55.81,428.39,0,2.03,0
JNPT_TO_BHIWANDI,67.55,0.92,1.64,52.6,99.64,0,0.92,0
JNPT_TO_BHIWANDI,67.55,0.92,2.27,26.87,633.62,1,5.87,1
JNPT_TO_BHIWANDI,67.55,0.92,3.34,27.42,203.65,0,0.95,0
JNPT_TO_CHAKAN,136.67,1.75,6.77,12.54,25.55,0,2.02,0
JNPT_TO_CHAKAN,136.67,1.75,0.25,26.72,12.37,0,1.84,0
JNPT_TO_BHIWANDI,67.55,0.92,1.17,49.01,144.78,0,1.06,0
MUNDRA_TO_BHIWANDI,872.85,11.64,0.15,24.2,73.99,0,12.92,0
BHIWANDI_TO_CHAKAN,156.03,1.93,1.83,59.57,67.92,0,2.16,0
MUNDRA_TO_BHIWANDI,872.85,11.64,1.56,14.12,56.32,0,13.84,0
BHIWANDI_TO_CHAKAN,156.03,1.93,1.32,40.14,13.28,0,2.17,0
MUNDRA_TO_BHIWANDI,872.85,11.64,1.14,18.62,271.47,0,13.56,0
CHAKAN_TO_SRIPERUMBUDUR,1094.0,13.23,0.37,31.41,84.61,0,15.16,0
JNPT_TO_BHIWANDI,67.55,0.92,1.25,28.87,83.36,0,0.85,0
CHAKAN_TO_SRIPERUMBUDUR,1094.0,13.23,0.25,28.43,202.54,0,13.7,0
MUNDRA_TO_BHIWANDI,872.85,11.64,0.89,42.56,166.8,0,10.63,0
JNPT_TO_CHAKAN,136.67,1.75,1.74,48.03,482.9,0,2.46,1
JNPT_TO_BHIWANDI,67.55,0.92,0.62,51.84,33.09,0,1.04,0
BHIWANDI_TO_CHAKAN,156.03,1.93,0.98,18.06,80.37,0,2.14,0
MUNDRA_TO_BHIWANDI,872.85,11.64,1.27,26.47,98.67,0,12.5,0
JNPT_TO_BHIWANDI,67.55,0.92,0.43,13.73,133.0,0,1.09,0
JNPT_TO_BHIWANDI,67.55,0.92,1.86,39.41,319.04,0,1.35,1
MUNDRA_TO_BHIWANDI,872.85,11.64,0.27,12.95,32.72,0,12.07,0
JNPT_TO_CHAKAN,136.67,1.75,1.91,55.92,20.29,0,1.77,0
BHIWANDI_TO_CHAKAN,156.03,1.93,0.42,11.6,104.2,0,1.77,0
JNPT_TO_CHAKAN,136.67,1.75,1.53,41.35,65.16,0,2.07,0
MUNDRA_TO_BHIWANDI,872.85,11.64,0.9,24.18,255.34,0,12.72,0
JNPT_TO_CHAKAN,136.67,1.75,1.88,25.22,90.5,0,2.02,0
CHAKAN_TO_SRIPERUMBUDUR,1094.0,13.23,1.82,36.18,35.05,0,15.58,0
BHIWANDI_TO_CHAKAN,156.03,1.93,1.35,35.12,32.59,0,2.15,0
JNPT_TO_CHAKAN,136.67,1.75,3.67,50.28,123.16,0,1.84,0
JNPT_TO_CHAKAN,136.67,1.75,0.88,49.7,18.55,0,2.0,0
MUNDRA_TO_BHIWANDI,872.85,11.64,0.49,53.18,244.81,0,10.62,0
JNPT_TO_BHIWANDI,67.55,0.92,1.73,36.48,14.17,0,0.98,0
JNPT_TO_BHIWANDI,67.55,0.92,2.66,52.1,91.89,0,0.93,0
JNPT_TO_BHIWANDI,67.55,0.92,0.79,12.27,164.91,0,1.04,0
JNPT_TO_CHAKAN,136.67,1.75,0.03,36.91,63.88,0,1.89,0
CHAKAN_TO_SRIPERUMBUDUR,1094.0,13.23,1.53,45.99,125.54,0,13.11,0
JNPT_TO_BHIWANDI,67.55,0.92,1.67,28.96,74.73,0,0.88,0
JNPT_TO_CHAKAN,136.67,1.75,0.41,22.51,106.9,0,1.66,0
CHAKAN_TO_SRIPERUMBUDUR,1094.0,13.23,0.86,42.28,107.73,0,13.04,0
MUNDRA_TO_BHIWANDI,872.85,11.64,1.64,47.16,57.01,0,10.94,0
JNPT_TO_BHIWANDI,67.55,0.92,0.84,53.33,110.16,0,1.02,0
JNPT_TO_BHIWANDI,67.55,0.92,0.48,25.84,62.33,0,0.84,0
BHIWANDI_TO_CHAKAN,156.03,1.93,0.96,31.27,166.48,0,2.24,0
MUNDRA_TO_BHIWANDI,872.85,11.64,1.6,51.0,135.65,0,13.69,0
BHIWANDI_TO_CHAKAN,156.03,1.93,1.59,17.07,111.17,0,1.87,0
MUNDRA_TO_BHIWANDI,872.85,11.64,0.09,34.51,22.98,0,11.17,0
CHAKAN_TO_SRIPERUMBUDUR,1094.0,13.23,1.72,37.79,154.86,0,13.17,0
JNPT_TO_CHAKAN,136.67,1.75,0.01,34.23,80.81,0,1.95,0
JNPT_TO_BHIWANDI,67.55,0.92,0.48,47.39,786.4,0,1.86,1
MUNDRA_TO_BHIWANDI,872.85,11.64,1.08,54.04,142.44,1,18.35,1
JNPT_TO_BHIWANDI,67.55,0.92,1.79,53.0,30.82,0,0.9,0
CHAKAN_TO_SRIPERUMBUDUR,1094.0,13.23,1.5,57.6,158.75,0,13.97,0
MUNDRA_TO_BHIWANDI,872.85,11.64,2.62,39.88,11.75,0,11.5,0
JNPT_TO_CHAKAN,136.67,1.75,6.03,48.01,16.84,0,1.78,0
MUNDRA_TO_BHIWANDI,872.85,11.64,1.42,42.54,38.15,0,11.97,0
MUNDRA_TO_BHIWANDI,872.85,11.64,1.01,35.58,144.12,0,11.92,0
JNPT_TO_BHIWANDI,67.55,0.92,0.98,27.64,39.16,0,0.96,0
CHAKAN_TO_SRIPERUMBUDUR,1094.0,13.23,0.62,34.37,4.08,0,15.12,0
JNPT_TO_BHIWANDI,67.55,0.92,0.43,49.88,52.94,0,1.01,0
CHAKAN_TO_SRIPERUMBUDUR,1094.0,13.23,0.48,30.99,12.02,0,12.33,0
JNPT_TO_BHIWANDI,67.55,0.92,1.7,36.63,6.02,0,1.07,0
JNPT_TO_BHIWANDI,67.55,0.92,0.88,58.52,171.96,0,1.06,0
JNPT_TO_BHIWANDI,67.55,0.92,0.15,29.34,11.72,0,0.91,0
JNPT_TO_BHIWANDI,67.55,0.92,1.87,53.56,129.91,0,0.93,0
MUNDRA_TO_BHIWANDI,872.85,11.64,1.58,39.66,14.86,0,11.0,0
JNPT_TO_CHAKAN,136.67,1.75,0.34,13.93,103.04,0,1.63,0
MUNDRA_TO_BHIWANDI,872.85,11.64,2.54,22.67,121.22,0,12.2,0
JNPT_TO_CHAKAN,136.67,1.75,0.18,55.19,31.1,0,1.77,0
JNPT_TO_CHAKAN,136.67,1.75,0.96,38.84,2.14,0,1.92,0
BHIWANDI_TO_CHAKAN,156.03,1.93,1.88,14.16,9.48,0,2.29,0
MUNDRA_TO_BHIWANDI,872.85,11.64,1.54,36.13,106.89,0,11.14,0
CHAKAN_TO_SRIPERUMBUDUR,1094.0,13.23,1.47,24.7,128.0,0,13.25,0
MUNDRA_TO_BHIWANDI,872.85,11.64,0.97,58.14,17.71,0,11.71,0
MUNDRA_TO_BHIWANDI,872.85,11.64,1.25,27.63,99.92,0,10.75,0
JNPT_TO_BHIWANDI,67.55,0.92,4.83,30.46,114.63,0,1.1,0
BHIWANDI_TO_CHAKAN,156.03,1.93,3.07,35.28,162.24,0,1.94,0
MUNDRA_TO_BHIWANDI,872.85,11.64,2.79,57.14,26.15,0,11.16,0
MUNDRA_TO_BHIWANDI,872.85,11.64,4.54,54.8,94.6,0,11.88,0
JNPT_TO_BHIWANDI,67.55,0.92,1.89,39.95,92.53,0,0.94,0
BHIWANDI_TO_CHAKAN,156.03,1.93,6.08,47.58,59.82,0,2.25,0
MUNDRA_TO_BHIWANDI,872.85,11.64,1.84,49.89,2.41,0,12.33,0
MUNDRA_TO_BHIWANDI,872.85,11.64,1.64,18.71,268.9,0,13.48,0
JNPT_TO_CHAKAN,136.67,1.75,1.33,50.2,16.22,0,1.75,0
JNPT_TO_CHAKAN,136.67,1.75,0.83,55.81,157.57,0,1.94,0
JNPT_TO_BHIWANDI,67.55,0.92,0.77,33.37,108.06,0,0.86,0
JNPT_TO_CHAKAN,136.67,1.75,1.21,44.17,162.44,0,1.78,0
JNPT_TO_BHIWANDI,67.55,0.92,1.25,11.11,33.07,0,1.07,0
BHIWANDI_TO_CHAKAN,156.03,1.93,1.13,38.99,71.76,0,1.87,0
CHAKAN_TO_SRIPERUMBUDUR,1094.0,13.23,1.7,10.89,2.05,0,15.22,0
JNPT_TO_CHAKAN,136.67,1.75,0.35,59.49,93.94,0,1.9,0
JNPT_TO_BHIWANDI,67.55,0.92,0.43,23.7,25.22,0,1.08,0
JNPT_TO_CHAKAN,136.67,1.75,0.9,30.94,107.56,1,5.2,1
JNPT_TO_BHIWANDI,67.55,0.92,0.92,44.92,69.78,1,4.48,1
JNPT_TO_BHIWANDI,67.55,0.92,0.87,31.44,64.17,0,0.87,0
JNPT_TO_BHIWANDI,67.55,0.92,1.15,29.59,340.27,0,1.4,1
CHAKAN_TO_SRIPERUMBUDUR,1094.0,13.23,7.07,57.71,28.24,0,13.71,0
CHAKAN_TO_SRIPERUMBUDUR,1094.0,13.23,0.05,27.5,371.36,0,13.21,0
JNPT_TO_CHAKAN,136.67,1.75,0.37,53.37,15.84,0,1.77,0
BHIWANDI_TO_CHAKAN,156.03,1.93,0.57,51.01,0.05,0,2.03,0
JNPT_TO_BHIWANDI,67.55,0.92,0.24,34.45,7.43,0,0.84,0
CHAKAN_TO_SRIPERUMBUDUR,1094.0,13.23,4.13,43.65,28.88,0,15.56,0
CHAKAN_TO_SRIPERUMBUDUR,1094.0,13.23,0.34,37.54,32.3,0,13.89,0
MUNDRA_TO_BHIWANDI,872.85,11.64,1.07,34.56,2.86,0,11.92,0
CHAKAN_TO_SRIPERUMBUDUR,1094.0,13.23,0.35,12.66,68.88,0,15.3,0
BHIWANDI_TO_CHAKAN,156.03,1.93,1.27,51.1,14.65,0,1.85,0
CHAKAN_TO_SRIPERUMBUDUR,1094.0,13.23,5.27,11.61,21.25,0,12.26,0
JNPT_TO_BHIWANDI,67.55,0.92,1.15,26.99,144.25,0,0.83,0
JNPT_TO_BHIWANDI,67.55,0.92,0.32,29.65,124.18,0,0.96,0
JNPT_TO_CHAKAN,136.67,1.75,0.45,41.47,207.87,0,2.03,0
JNPT_TO_CHAKAN,136.67,1.75,1.32,26.36,174.32,0,1.68,0
JNPT_TO_BHIWANDI,67.55,0.92,1.9,46.37,49.11,0,0.88,0
MUNDRA_TO_BHIWANDI,872.85,11.64,0.04,52.43,185.4,0,13.5,0
JNPT_TO_CHAKAN,136.67,1.75,0.7,32.58,85.0,0,1.61,0
JNPT_TO_BHIWANDI,67.55,0.92,0.5,27.79,58.68,0,0.83,0
BHIWANDI_TO_CHAKAN,156.03,1.93,1.42,54.26,59.23,0,2.24,0
JNPT_TO_BHIWANDI,67.55,0.92,1.85,32.52,123.0,0,0.88,0
BHIWANDI_TO_CHAKAN,156.03,1.93,12.89,35.69,114.16,0,2.15,0
MUNDRA_TO_BHIWANDI,872.85,11.64,1.43,55.8,19.78,0,13.38,0
CHAKAN_TO_SRIPERUMBUDUR,1094.0,13.23,0.71,26.9,79.62,0,12.69,0
JNPT_TO_BHIWANDI,67.55,0.92,1.48,52.6,110.33,0,0.87,0
BHIWANDI_TO_CHAKAN,156.03,1.93,1.4,27.25,33.11,0,1.76,0
CHAKAN_TO_SRIPERUMBUDUR,1094.0,13.23,1.04,53.99,308.78,0,15.8,0
JNPT_TO_BHIWANDI,67.55,0.92,0.58,51.23,93.66,0,1.05,0
BHIWANDI_TO_CHAKAN,156.03,1.93,1.33,34.75,128.73,0,2.04,0
JNPT_TO_CHAKAN,136.67,1.75,1.32,42.0,62.2,0,2.01,0
CHAKAN_TO_SRIPERUMBUDUR,1094.0,13.23,0.34,54.11,41.2,0,15.54,0
JNPT_TO_BHIWANDI,67.55,0.92,14.69,18.13,10.75,0,0.96,0
MUNDRA_TO_BHIWANDI,872.85,11.64,8.22,16.9,135.92,0,12.93,0
MUNDRA_TO_BHIWANDI,872.85,11.64,1.29,32.15,141.09,0,12.12,0
BHIWANDI_TO_CHAKAN,156.03,1.93,1.29,13.13,69.57,0,1.79,0
BHIWANDI_TO_CHAKAN,156.03,1.93,0.28,30.13,120.76,0,2.3,0
CHAKAN_TO_SRIPERUMBUDUR,1094.0,13.23,0.8,39.05,108.18,0,12.2,0
JNPT_TO_CHAKAN,136.67,1.75,0.56,41.79,80.66,0,1.86,0
MUNDRA_TO_BHIWANDI,872.85,11.64,0.36,51.31,5.71,0,13.21,0
JNPT_TO_CHAKAN,136.67,1.75,1.19,36.18,52.28,0,1.99,0
JNPT_TO_BHIWANDI,67.55,0.92,0.48,22.72,10.53,0,1.1,0
BHIWANDI_TO_CHAKAN,156.03,1.93,1.1,33.44,92.51,0,2.13,0
BHIWANDI_TO_CHAKAN,156.03,1.93,0.57,17.68,191.87,0,2.3,0
BHIWANDI_TO_CHAKAN,156.03,1.93,1.88,37.69,29.06,0,2.02,0
JNPT_TO_BHIWANDI,67.55,0.92,0.69,20.88,86.59,0,0.87,0
MUNDRA_TO_BHIWANDI,872.85,11.64,8.23,17.39,80.89,0,11.01,0
BHIWANDI_TO_CHAKAN,156.03,1.93,0.73,12.84,30.77,0,1.99,0
BHIWANDI_TO_CHAKAN,156.03,1.93,0.72,26.35,27.09,0,2.3,0
CHAKAN_TO_SRIPERUMBUDUR,1094.0,13.23,2.71,54.22,76.13,0,13.83,0
BHIWANDI_TO_CHAKAN,156.03,1.93,0.62,55.66,69.77,0,2.27,0
JNPT_TO_BHIWANDI,67.55,0.92,1.45,21.86,5.36,0,1.08,0
JNPT_TO_CHAKAN,136.67,1.75,0.61,43.2,81.72,0,1.78,0
CHAKAN_TO_SRIPERUMBUDUR,1094.0,13.23,1.46,20.15,25.15,0,15.22,0
CHAKAN_TO_SRIPERUMBUDUR,1094.0,13.23,0.12,47.63,18.87,0,13.29,0
JNPT_TO_BHIWANDI,67.55,0.92,1.68,29.11,142.52,0,1.05,0
JNPT_TO_BHIWANDI,67.55,0.92,0.82,18.54,166.05,0,0.93,0
JNPT_TO_BHIWANDI,67.55,0.92,1.31,35.14,237.19,0,0.99,0
BHIWANDI_TO_CHAKAN,156.03,1.93,0.83,18.94,239.53,0,1.99,0
CHAKAN_TO_SRIPERUMBUDUR,1094.0,13.23,3.34,12.49,334.49,0,13.35,0
JNPT_TO_BHIWANDI,67.55,0.92,1.04,20.82,56.9,0,1.07,0
CHAKAN_TO_SRIPERUMBUDUR,1094.0,13.23,1.8,25.34,17.87,0,14.19,0
BHIWANDI_TO_CHAKAN,156.03,1.93,1.63,29.07,435.12,0,2.5,1
JNPT_TO_CHAKAN,136.67,1.75,0.41,13.65,19.46,0,2.04,0
JNPT_TO_BHIWANDI,67.55,0.92,1.22,33.28,290.05,0,0.94,0
JNPT_TO_BHIWANDI,67.55,0.92,1.21,24.44,129.61,0,1.06,0
MUNDRA_TO_BHIWANDI,872.85,11.64,1.13,10.91,29.01,0,12.15,0
JNPT_TO_BHIWANDI,67.55,0.92,0.88,58.92,2.71,0,0.99,0
JNPT_TO_CHAKAN,136.67,1.75,0.23,47.87,112.83,0,2.04,0
CHAKAN_TO_SRIPERUMBUDUR,1094.0,13.23,1.98,17.61,59.43,1,19.19,1
MUNDRA_TO_BHIWANDI,872.85,11.64,0.22,56.03,56.19,0,13.41,0
MUNDRA_TO_BHIWANDI,872.85,11.64,1.66,25.22,102.6,0,13.02,0
MUNDRA_TO_BHIWANDI,872.85,11.64,6.28,18.9,62.89,0,10.61,0
JNPT_TO_CHAKAN,136.67,1.75,0.53,22.29,12.62,0,1.66,0
JNPT_TO_CHAKAN,136.67,1.75,1.57,22.82,244.38,0,1.58,0
CHAKAN_TO_SRIPERUMBUDUR,1094.0,13.23,1.26,29.63,87.49,0,13.31,0
BHIWANDI_TO_CHAKAN,156.03,1.93,0.05,31.22,72.71,0,1.76,0
JNPT_TO_BHIWANDI,67.55,0.92,5.28,21.53,299.73,0,1.05,0
JNPT_TO_BHIWANDI,67.55,0.92,0.24,51.18,61.72,0,0.9,0
JNPT_TO_BHIWANDI,67.55,0.92,0.62,11.19,21.38,0,0.95,0
JNPT_TO_BHIWANDI,67.55,0.92,0.34,40.55,56.1,0,0.98,0
MUNDRA_TO_BHIWANDI,872.85,11.64,1.83,56.09,31.93,0,12.86,0
JNPT_TO_BHIWANDI,67.55,0.92,0.13,55.55,20.28,0,0.92,0
BHIWANDI_TO_CHAKAN,156.03,1.93,0.6,53.93,182.61,0,1.89,0
JNPT_TO_CHAKAN,136.67,1.75,0.38,49.49,145.19,0,1.68,0
CHAKAN_TO_SRIPERUMBUDUR,1094.0,13.23,0.68,17.97,31.92,1,18.84,1
JNPT_TO_BHIWANDI,67.55,0.92,0.24,10.98,154.75,0,1.02,0
JNPT_TO_BHIWANDI,67.55,0.92,7.03,12.89,279.24,0,1.05,0
CHAKAN_TO_SRIPERUMBUDUR,1094.0,13.23,1.55,37.94,277.35,0,12.31,0
BHIWANDI_TO_CHAKAN,156.03,1.93,0.64,50.17,138.01,0,1.75,0
JNPT_TO_CHAKAN,136.67,1.75,1.48,40.43,161.47,0,1.85,0
CHAKAN_TO_SRIPERUMBUDUR,1094.0,13.23,1.92,57.49,188.06,0,12.52,0
CHAKAN_TO_SRIPERUMBUDUR,1094.0,13.23,0.73,11.53,285.75,0,14.62,0
JNPT_TO_CHAKAN,136.67,1.75,0.45,31.81,63.59,0,1.93,0
JNPT_TO_CHAKAN,136.67,1.75,0.49,31.84,42.71,0,2.05,0
BHIWANDI_TO_CHAKAN,156.03,1.93,1.78,39.79,65.17,0,1.78,0
JNPT_TO_CHAKAN,136.67,1.75,1.0,12.25,1.61,0,1.85,0
JNPT_TO_CHAKAN,136.67,1.75,0.09,32.28,144.84,0,1.77,0
BHIWANDI_TO_CHAKAN,156.03,1.93,0.64,25.43,106.48,0,2.27,0
CHAKAN_TO_SRIPERUMBUDUR,1094.0,13.23,1.86,11.7,236.66,0,12.18,0
JNPT_TO_BHIWANDI,67.55,0.92,0.52,44.33,34.97,0,0.93,0
BHIWANDI_TO_CHAKAN,156.03,1.93,1.33,34.73,73.34,0,1.78,0
JNPT_TO_BHIWANDI,67.55,0.92,0.33,31.82,40.74,0,0.97,0
JNPT_TO_BHIWANDI,67.55,0.92,1.03,29.05,411.33,0,1.42,1
JNPT_TO_CHAKAN,136.67,1.75,0.4,39.8,247.61,0,1.9,0
CHAKAN_TO_SRIPERUMBUDUR,1094.0,13.23,1.42,40.31,132.34,0,14.25,0
JNPT_TO_CHAKAN,136.67,1.75,0.57,43.74,214.81,0,1.91,0
MUNDRA_TO_BHIWANDI,872.85,11.64,1.04,45.78,127.2,0,10.74,0
CHAKAN_TO_SRIPERUMBUDUR,1094.0,13.23,0.7,33.54,4.59,0,13.9,0
JNPT_TO_BHIWANDI,67.55,0.92,0.98,27.51,7.89,0,0.93,0
JNPT_TO_CHAKAN,136.67,1.75,1.09,43.56,83.38,0,1.76,0
MUNDRA_TO_BHIWANDI,872.85,11.64,1.79,55.07,78.76,0,12.35,0
JNPT_TO_BHIWANDI,67.55,0.92,1.67,12.41,68.25,0,0.93,0
JNPT_TO_BHIWANDI,67.55,0.92,1.9,29.01,206.1,0,1.1,0
BHIWANDI_TO_CHAKAN,156.03,1.93,0.54,41.04,3.15,0,2.0,0
CHAKAN_TO_SRIPERUMBUDUR,1094.0,13.23,0.2,11.8,10.65,0,15.3,0
BHIWANDI_TO_CHAKAN,156.03,1.93,0.4,43.19,65.52,0,2.16,0
CHAKAN_TO_SRIPERUMBUDUR,1094.0,13.23,5.94,25.46,11.44,0,14.9,0
JNPT_TO_CHAKAN,136.67,1.75,1.74,46.2,62.84,0,1.88,0
MUNDRA_TO_BHIWANDI,872.85,11.64,1.19,40.36,20.1,0,11.58,0
CHAKAN_TO_SRIPERUMBUDUR,1094.0,13.23,1.38,46.12,114.24,0,14.39,0
JNPT_TO_CHAKAN,136.67,1.75,0.37,31.1,109.89,0,1.68,0
MUNDRA_TO_BHIWANDI,872.85,11.64,0.87,36.4,23.77,0,11.92,0
JNPT_TO_CHAKAN,136.67,1.75,1.38,49.02,48.18,0,1.63,0
JNPT_TO_CHAKAN,136.67,1.75,1.65,11.0,94.88,0,1.97,0
MUNDRA_TO_BHIWANDI,872.85,11.64,1.06,29.51,60.7,0,10.66,0
BHIWANDI_TO_CHAKAN,156.03,1.93,9.81,13.42,32.08,0,2.18,0
BHIWANDI_TO_CHAKAN,156.03,1.93,0.66,58.57,9.9,0,1.84,0
MUNDRA_TO_BHIWANDI,872.85,11.64,1.94,50.71,49.77,0,13.86,0
CHAKAN_TO_SRIPERUMBUDUR,1094.0,13.23,1.85,55.25,59.07,0,14.93,0
BHIWANDI_TO_CHAKAN,156.03,1.93,1.67,15.89,57.64,0,2.04,0
JNPT_TO_CHAKAN,136.67,1.75,0.12,16.69,228.1,0,1.67,0
CHAKAN_TO_SRIPERUMBUDUR,1094.0,13.23,0.74,49.88,299.65,0,15.42,0
BHIWANDI_TO_CHAKAN,156.03,1.93,9.98,31.62,182.3,0,2.16,0
MUNDRA_TO_BHIWANDI,872.85,11.64,1.23,57.65,109.32,0,11.69,0
BHIWANDI_TO_CHAKAN,156.03,1.93,0.61,45.07,426.64,0,2.33,0
JNPT_TO_BHIWANDI,67.55,0.92,1.07,25.02,82.21,0,1.01,0
JNPT_TO_CHAKAN,136.67,1.75,1.23,24.32,108.68,0,2.0,0
CHAKAN_TO_SRIPERUMBUDUR,1094.0,13.23,1.28,39.43,40.02,0,14.25,0
CHAKAN_TO_SRIPERUMBUDUR,1094.0,13.23,0.21,36.95,29.32,1,19.62,1
MUNDRA_TO_BHIWANDI,872.85,11.64,1.18,39.13,139.76,0,11.98,0
JNPT_TO_CHAKAN,136.67,1.75,1.77,54.3,82.88,0,1.7,0
BHIWANDI_TO_CHAKAN,156.03,1.93,8.08,30.76,105.63,0,1.83,0
MUNDRA_TO_BHIWANDI,872.85,11.64,0.93,24.41,64.91,0,12.45,0
BHIWANDI_TO_CHAKAN,156.03,1.93,1.13,56.43,9.81,0,2.17,0
BHIWANDI_TO_CHAKAN,156.03,1.93,0.69,24.63,35.0,0,2.29,0
CHAKAN_TO_SRIPERUMBUDUR,1094.0,13.23,0.45,59.29,3.66,0,13.83,0
CHAKAN_TO_SRIPERUMBUDUR,1094.0,13.23,1.79,17.17,46.77,0,12.84,0
MUNDRA_TO_BHIWANDI,872.85,11.64,1.81,17.71,201.26,0,13.56,0
CHAKAN_TO_SRIPERUMBUDUR,1094.0,13.23,1.31,52.21,252.08,0,13.17,0
CHAKAN_TO_SRIPERUMBUDUR,1094.0,13.23,1.68,22.23,61.13,0,11.96,0
JNPT_TO_CHAKAN,136.67,1.75,1.59,27.96,92.03,0,2.05,0
MUNDRA_TO_BHIWANDI,872.85,11.64,2.05,11.27,32.33,0,11.49,0
JNPT_TO_BHIWANDI,67.55,0.92,1.07,36.84,108.24,0,0.92,0
MUNDRA_TO_BHIWANDI,872.85,11.64,0.0,12.52,87.33,0,12.98,0
CHAKAN_TO_SRIPERUMBUDUR,1094.0,13.23,1.84,30.36,11.21,0,12.28,0
JNPT_TO_BHIWANDI,67.55,0.92,1.08,18.33,269.31,0,1.01,0
JNPT_TO_CHAKAN,136.67,1.75,9.2,21.22,22.14,0,1.81,0
BHIWANDI_TO_CHAKAN,156.03,1.93,0.23,49.32,167.38,0,2.24,0
MUNDRA_TO_BHIWANDI,872.85,11.64,28.44,51.95,63.82,0,13.52,0
JNPT_TO_BHIWANDI,67.55,0.92,1.84,28.05,192.64,0,1.02,0
JNPT_TO_BHIWANDI,67.55,0.92,1.81,26.76,77.1,0,1.09,0
JNPT_TO_BHIWANDI,67.55,0.92,8.16,37.38,253.6,0,0.83,0
MUNDRA_TO_BHIWANDI,872.85,11.64,13.78,40.13,84.8,0,10.55,0
BHIWANDI_TO_CHAKAN,156.03,1.93,0.89,46.97,106.42,0,1.76,0
BHIWANDI_TO_CHAKAN,156.03,1.93,0.86,38.7,316.21,0,2.14,0
JNPT_TO_BHIWANDI,67.55,0.92,1.37,45.71,39.25,0,0.89,0
JNPT_TO_CHAKAN,136.67,1.75,1.34,25.45,57.1,0,1.99,0
MUNDRA_TO_BHIWANDI,872.85,11.64,0.15,57.71,30.74,0,13.14,0
BHIWANDI_TO_CHAKAN,156.03,1.93,0.64,25.95,150.6,0,2.22,0
JNPT_TO_CHAKAN,136.67,1.75,1.35,59.57,15.8,0,1.72,0
BHIWANDI_TO_CHAKAN,156.03,1.93,0.35,37.38,49.55,0,2.21,0
BHIWANDI_TO_CHAKAN,156.03,1.93,0.76,36.92,53.75,0,1.83,0
CHAKAN_TO_SRIPERUMBUDUR,1094.0,13.23,0.11,55.61,7.13,0,12.24,0
CHAKAN_TO_SRIPERUMBUDUR,1094.0,13.23,18.8,13.39,61.14,0,14.71,0
CHAKAN_TO_SRIPERUMBUDUR,1094.0,13.23,1.96,46.69,27.27,0,13.44,0
JNPT_TO_BHIWANDI,67.55,0.92,1.71,25.01,57.92,0,1.05,0
CHAKAN_TO_SRIPERUMBUDUR,1094.0,13.23,0.2,20.83,28.34,0,13.85,0
CHAKAN_TO_SRIPERUMBUDUR,1094.0,13.23,1.25,47.57,14.87,0,12.39,0
MUNDRA_TO_BHIWANDI,872.85,11.64,0.99,54.48,1.61,0,12.28,0
JNPT_TO_BHIWANDI,67.55,0.92,1.97,48.18,19.75,0,1.0,0
MUNDRA_TO_BHIWANDI,872.85,11.64,1.44,10.58,30.81,0,12.83,0
CHAKAN_TO_SRIPERUMBUDUR,1094.0,13.23,0.66,41.58,22.71,0,12.31,0
MUNDRA_TO_BHIWANDI,872.85,11.64,1.08,18.55,26.59,0,11.05,0
CHAKAN_TO_SRIPERUMBUDUR,1094.0,13.23,1.64,30.64,0.88,0,12.75,0
CHAKAN_TO_SRIPERUMBUDUR,1094.0,13.23,3.13,45.9,91.47,0,12.23,0
CHAKAN_TO_SRIPERUMBUDUR,1094.0,13.23,0.5,40.25,260.7,0,13.24,0
BHIWANDI_TO_CHAKAN,156.03,1.93,0.36,57.39,59.59,0,2.05,0
JNPT_TO_CHAKAN,136.67,1.75,1.19,43.6,50.61,0,2.02,0
JNPT_TO_BHIWANDI,67.55,0.92,0.74,13.25,71.67,0,0.9,0
BHIWANDI_TO_CHAKAN,156.03,1.93,0.01,56.1,119.52,0,2.16,0
MUNDRA_TO_BHIWANDI,872.85,11.64,7.47,45.44,138.55,0,10.93,0
MUNDRA_TO_BHIWANDI,872.85,11.64,0.19,59.07,21.78,0,11.34,0
JNPT_TO_CHAKAN,136.67,1.75,1.68,27.36,38.84,0,1.62,0
MUNDRA_TO_BHIWANDI,872.85,11.64,1.89,22.53,117.28,0,11.23,0
JNPT_TO_BHIWANDI,67.55,0.92,1.14,17.09,74.46,0,1.07,0
BHIWANDI_TO_CHAKAN,156.03,1.93,0.52,27.2,119.56,0,2.06,0
JNPT_TO_CHAKAN,136.67,1.75,0.45,27.42,60.23,1,5.6,1
MUNDRA_TO_BHIWANDI,872.85,11.64,0.49,30.49,12.96,0,13.73,0
MUNDRA_TO_BHIWANDI,872.85,11.64,0.29,28.56,154.67,0,11.2,0
BHIWANDI_TO_CHAKAN,156.03,1.93,1.53,10.84,73.88,0,1.99,0
JNPT_TO_BHIWANDI,67.55,0.92,1.31,39.38,104.49,0,0.97,0
MUNDRA_TO_BHIWANDI,872.85,11.64,0.47,57.87,11.94,0,12.07,0
CHAKAN_TO_SRIPERUMBUDUR,1094.0,13.23,0.79,59.24,7.79,0,12.92,0
MUNDRA_TO_BHIWANDI,872.85,11.64,1.52,31.96,115.62,0,11.83,0
MUNDRA_TO_BHIWANDI,872.85,11.64,1.64,59.99,48.04,1,17.07,1
JNPT_TO_BHIWANDI,67.55,0.92,0.92,50.0,29.42,0,0.88,0
JNPT_TO_CHAKAN,136.67,1.75,1.27,56.24,162.95,0,1.67,0
CHAKAN_TO_SRIPERUMBUDUR,1094.0,13.23,1.16,27.41,67.86,0,13.24,0
BHIWANDI_TO_CHAKAN,156.03,1.93,0.79,47.68,380.03,0,2.32,0
JNPT_TO_CHAKAN,136.67,1.75,0.14,40.17,171.65,0,1.85,0
JNPT_TO_BHIWANDI,67.55,0.92,5.28,10.36,21.25,0,0.93,0
CHAKAN_TO_SRIPERUMBUDUR,1094.0,13.23,0.32,55.14,133.41,0,12.13,0
BHIWANDI_TO_CHAKAN,156.03,1.93,0.19,21.34,279.44,0,2.0,0
BHIWANDI_TO_CHAKAN,156.03,1.93,0.15,46.65,77.4,0,2.09,0
CHAKAN_TO_SRIPERUMBUDUR,1094.0,13.23,1.54,29.64,42.34,0,14.16,0
BHIWANDI_TO_CHAKAN,156.03,1.93,1.18,51.87,150.87,0,1.76,0
CHAKAN_TO_SRIPERUMBUDUR,1094.0,13.23,15.81,19.56,42.97,0,13.96,0
JNPT_TO_CHAKAN,136.67,1.75,4.54,34.56,49.64,0,1.8,0
BHIWANDI_TO_CHAKAN,156.03,1.93,0.5,58.75,133.99,0,2.29,0
JNPT_TO_BHIWANDI,67.55,0.92,1.46,56.27,30.56,0,0.95,0
JNPT_TO_BHIWANDI,67.55,0.92,1.2,46.28,5.23,0,0.91,0
MUNDRA_TO_BHIWANDI,872.85,11.64,0.16,52.99,222.85,0,12.07,0
JNPT_TO_CHAKAN,136.67,1.75,1.23,11.63,33.76,0,1.62,0
BHIWANDI_TO_CHAKAN,156.03,1.93,7.9,23.15,161.26,0,2.32,0
BHIWANDI_TO_CHAKAN,156.03,1.93,0.89,33.82,137.98,0,1.91,0
JNPT_TO_BHIWANDI,67.55,0.92,1.37,17.3,2.62,0,1.04,0
BHIWANDI_TO_CHAKAN,156.03,1.93,0.2,55.1,111.23,0,1.88,0
MUNDRA_TO_BHIWANDI,872.85,11.64,9.17,59.78,108.47,0,12.3,0
MUNDRA_TO_BHIWANDI,872.85,11.64,0.57,35.06,105.5,0,11.9,0
JNPT_TO_BHIWANDI,67.55,0.92,0.28,18.03,5.38,0,0.86,0
CHAKAN_TO_SRIPERUMBUDUR,1094.0,13.23,1.13,54.58,101.73,0,13.3,0
CHAKAN_TO_SRIPERUMBUDUR,1094.0,13.23,1.16,49.7,22.22,0,13.82,0
JNPT_TO_BHIWANDI,67.55,0.92,0.63,38.42,12.02,0,0.9,0
BHIWANDI_TO_CHAKAN,156.03,1.93,0.33,25.53,143.51,0,1.94,0
JNPT_TO_CHAKAN,136.67,1.75,0.49,46.2,54.13,0,1.61,0
JNPT_TO_CHAKAN,136.67,1.75,0.42,38.6,3.97,0,2.04,0
JNPT_TO_BHIWANDI,67.55,0.92,1.77,54.51,117.85,0,0.96,0
MUNDRA_TO_BHIWANDI,872.85,11.64,0.22,49.87,24.48,0,13.54,0
CHAKAN_TO_SRIPERUMBUDUR,1094.0,13.23,4.12,56.36,27.82,0,15.36,0
BHIWANDI_TO_CHAKAN,156.03,1.93,0.56,39.05,3.7,0,2.23,0
CHAKAN_TO_SRIPERUMBUDUR,1094.0,13.23,1.52,14.43,3.27,0,12.42,0
BHIWANDI_TO_CHAKAN,156.03,1.93,1.85,20.94,5.96,0,2.05,0
BHIWANDI_TO_CHAKAN,156.03,1.93,0.13,58.89,21.82,0,1.77,0
MUNDRA_TO_BHIWANDI,872.85,11.64,0.6,22.42,125.65,0,10.71,0
JNPT_TO_BHIWANDI,67.55,0.92,1.64,56.05,73.59,0,0.94,0
CHAKAN_TO_SRIPERUMBUDUR,1094.0,13.23,1.61,56.3,24.94,0,12.29,0
MUNDRA_TO_BHIWANDI,872.85,11.64,1.5,14.45,289.26,0,11.53,0
BHIWANDI_TO_CHAKAN,156.03,1.93,1.67,29.51,47.53,0,1.82,0
CHAKAN_TO_SRIPERUMBUDUR,1094.0,13.23,1.09,44.27,189.64,0,13.07,0
BHIWANDI_TO_CHAKAN,156.03,1.93,0.25,42.88,31.39,0,2.26,0
JNPT_TO_BHIWANDI,67.55,0.92,0.4,29.97,162.29,0,1.01,0
JNPT_TO_CHAKAN,136.67,1.75,1.9,23.47,218.7,0,2.0,0
CHAKAN_TO_SRIPERUMBUDUR,1094.0,13.23,0.41,50.75,66.64,0,13.81,0
CHAKAN_TO_SRIPERUMBUDUR,1094.0,13.23,1.45,24.13,12.18,0,13.54,0
JNPT_TO_CHAKAN,136.67,1.75,0.41,15.68,111.37,0,1.78,0
BHIWANDI_TO_CHAKAN,156.03,1.93,1.46,52.2,69.34,0,2.1,0
BHIWANDI_TO_CHAKAN,156.03,1.93,1.79,26.47,112.61,0,2.15,0
JNPT_TO_CHAKAN,136.67,1.75,0.56,34.28,444.56,0,2.17,0
CHAKAN_TO_SRIPERUMBUDUR,1094.0,13.23,0.97,12.26,38.38,0,15.41,0
CHAKAN_TO_SRIPERUMBUDUR,1094.0,13.23,0.86,45.19,9.81,0,14.26,0
JNPT_TO_CHAKAN,136.67,1.75,0.47,38.85,15.75,0,1.82,0
JNPT_TO_BHIWANDI,67.55,0.92,1.54,30.86,132.98,0,0.87,0
BHIWANDI_TO_CHAKAN,156.03,1.93,1.97,54.89,71.79,0,2.27,0
BHIWANDI_TO_CHAKAN,156.03,1.93,1.98,19.6,45.1,0,1.81,0
MUNDRA_TO_BHIWANDI,872.85,11.64,0.57,49.47,25.48,0,12.49,0
JNPT_TO_BHIWANDI,67.55,0.92,0.02,25.95,117.37,0,0.93,0
CHAKAN_TO_SRIPERUMBUDUR,1094.0,13.23,0.69,32.54,88.78,0,14.43,0
CHAKAN_TO_SRIPERUMBUDUR,1094.0,13.23,5.39,16.89,75.34,0,15.14,0
BHIWANDI_TO_CHAKAN,156.03,1.93,1.18,58.96,18.04,0,2.22,0
BHIWANDI_TO_CHAKAN,156.03,1.93,1.43,10.59,56.87,0,1.82,0
JNPT_TO_CHAKAN,136.67,1.75,0.04,55.47,45.97,0,1.75,0
CHAKAN_TO_SRIPERUMBUDUR,1094.0,13.23,2.56,23.88,326.0,0,15.04,0
JNPT_TO_BHIWANDI,67.55,0.92,0.47,39.82,69.44,0,0.93,0
JNPT_TO_BHIWANDI,67.55,0.92,0.75,46.88,383.43,0,1.39,1
JNPT_TO_CHAKAN,136.67,1.75,1.5,47.35,48.09,0,1.61,0
JNPT_TO_BHIWANDI,67.55,0.92,1.67,58.34,121.22,0,1.06,0
CHAKAN_TO_SRIPERUMBUDUR,1094.0,13.23,2.0,10.75,65.42,0,14.0,0
MUNDRA_TO_BHIWANDI,872.85,11.64,0.85,23.8,157.72,0,13.78,0
JNPT_TO_CHAKAN,136.67,1.75,1.94,10.94,17.66,0,1.58,0
BHIWANDI_TO_CHAKAN,156.03,1.93,0.22,12.15,144.73,0,1.76,0
JNPT_TO_BHIWANDI,67.55,0.92,0.11,15.08,3.13,0,0.97,0
JNPT_TO_BHIWANDI,67.55,0.92,0.47,19.78,6.84,0,0.86,0
MUNDRA_TO_BHIWANDI,872.85,11.64,1.31,25.09,14.07,0,13.02,0
JNPT_TO_CHAKAN,136.67,1.75,0.9,50.62,283.35,0,1.83,0
BHIWANDI_TO_CHAKAN,156.03,1.93,0.89,20.2,83.32,0,1.82,0
JNPT_TO_BHIWANDI,67.55,0.92,5.85,33.12,20.8,0,0.97,0
BHIWANDI_TO_CHAKAN,156.03,1.93,0.29,32.83,43.54,0,1.91,0
JNPT_TO_BHIWANDI,67.55,0.92,0.6,33.15,242.25,0,0.85,0
JNPT_TO_BHIWANDI,67.55,0.92,0.17,41.98,74.79,0,0.99,0
BHIWANDI_TO_CHAKAN,156.03,1.93,0.07,34.88,13.76,0,1.79,0
MUNDRA_TO_BHIWANDI,872.85,11.64,1.7,58.86,275.6,0,13.91,0
CHAKAN_TO_SRIPERUMBUDUR,1094.0,13.23,1.0,24.17,52.57,0,15.17,0
JNPT_TO_BHIWANDI,67.55,0.92,0.5,31.18,68.49,0,1.03,0
JNPT_TO_BHIWANDI,67.55,0.92,1.8,27.8,49.97,0,0.95,0
MUNDRA_TO_BHIWANDI,872.85,11.64,0.53,53.67,42.61,0,12.88,0
BHIWANDI_TO_CHAKAN,156.03,1.93,0.68,34.87,1.25,0,2.24,0
CHAKAN_TO_SRIPERUMBUDUR,1094.0,13.23,1.16,49.18,21.06,0,15.34,0
JNPT_TO_CHAKAN,136.67,1.75,11.64,27.37,16.7,0,1.68,0
JNPT_TO_BHIWANDI,67.55,0.92,1.99,17.0,476.83,0,1.49,1
BHIWANDI_TO_CHAKAN,156.03,1.93,1.52,48.62,3.21,0,1.89,0
MUNDRA_TO_BHIWANDI,872.85,11.64,1.31,40.05,150.23,0,10.51,0
BHIWANDI_TO_CHAKAN,156.03,1.93,0.64,28.38,59.19,0,1.92,0
JNPT_TO_BHIWANDI,67.55,0.92,1.0,18.04,78.63,0,1.0,0
MUNDRA_TO_BHIWANDI,872.85,11.64,1.93,45.62,46.33,0,11.09,0
JNPT_TO_BHIWANDI,67.55,0.92,0.19,48.07,77.72,0,1.09,0
BHIWANDI_TO_CHAKAN,156.03,1.93,1.95,23.36,46.99,0,2.21,0
MUNDRA_TO_BHIWANDI,872.85,11.64,1.92,44.97,125.28,0,12.74,0
CHAKAN_TO_SRIPERUMBUDUR,1094.0,13.23,0.62,32.46,170.87,0,13.4,0
CHAKAN_TO_SRIPERUMBUDUR,1094.0,13.23,1.71,55.5,57.42,0,15.78,0
JNPT_TO_CHAKAN,136.67,1.75,14.18,22.78,23.12,0,1.63,0
JNPT_TO_CHAKAN,136.67,1.75,0.73,43.15,7.57,0,1.58,0
MUNDRA_TO_BHIWANDI,872.85,11.64,1.93,39.73,34.56,0,10.91,0
JNPT_TO_CHAKAN,136.67,1.75,1.3,44.62,31.19,0,1.77,0
MUNDRA_TO_BHIWANDI,872.85,11.64,0.88,54.41,20.15,0,11.21,0
JNPT_TO_CHAKAN,136.67,1.75,1.11,21.78,27.68,0,2.1,0
JNPT_TO_CHAKAN,136.67,1.75,0.35,25.17,184.68,0,1.85,0
MUNDRA_TO_BHIWANDI,872.85,11.64,11.83,30.59,31.92,0,12.66,0
JNPT_TO_CHAKAN,136.67,1.75,1.88,46.36,477.26,0,2.41,1
CHAKAN_TO_SRIPERUMBUDUR,1094.0,13.23,1.77,44.96,40.86,0,13.71,0
CHAKAN_TO_SRIPERUMBUDUR,1094.0,13.23,0.16,11.29,75.09,0,12.76,0
JNPT_TO_BHIWANDI,67.55,0.92,0.91,29.12,72.96,0,1.08,0
JNPT_TO_BHIWANDI,67.55,0.92,1.82,10.21,87.34,0,0.92,0
MUNDRA_TO_BHIWANDI,872.85,11.64,1.48,42.24,48.06,0,11.91,0
BHIWANDI_TO_CHAKAN,156.03,1.93,1.66,22.92,214.79,0,1.75,0
MUNDRA_TO_BHIWANDI,872.85,11.64,1.18,23.96,18.54,0,13.77,0
JNPT_TO_CHAKAN,136.67,1.75,1.44,43.72,78.99,0,2.08,0
CHAKAN_TO_SRIPERUMBUDUR,1094.0,13.23,0.98,27.31,4.11,0,13.37,0
JNPT_TO_CHAKAN,136.67,1.75,1.36,34.93,57.46,0,1.77,0
MUNDRA_TO_BHIWANDI,872.85,11.64,2.67,13.66,157.92,0,11.52,0
MUNDRA_TO_BHIWANDI,872.85,11.64,0.74,46.79,37.43,0,13.12,0
CHAKAN_TO_SRIPERUMBUDUR,1094.0,13.23,1.96,15.57,186.41,0,12.87,0
BHIWANDI_TO_CHAKAN,156.03,1.93,0.07,16.78,48.73,0,2.24,0
JNPT_TO_CHAKAN,136.67,1.75,0.23,55.44,19.7,0,1.9,0
CHAKAN_TO_SRIPERUMBUDUR,1094.0,13.23,0.51,46.92,59.75,0,15.22,0
CHAKAN_TO_SRIPERUMBUDUR,1094.0,13.23,1.25,18.26,128.49,1,20.76,1
JNPT_TO_BHIWANDI,67.55,0.92,0.54,32.74,586.36,0,1.49,1
JNPT_TO_BHIWANDI,67.55,0.92,2.44,31.84,35.24,0,0.96,0
JNPT_TO_BHIWANDI,67.55,0.92,7.7,14.94,80.64,0,0.95,0
MUNDRA_TO_BHIWANDI,872.85,11.64,0.87,28.94,89.2,0,10.57,0
JNPT_TO_CHAKAN,136.67,1.75,0.39,51.83,200.48,0,1.75,0
BHIWANDI_TO_CHAKAN,156.03,1.93,1.61,52.02,66.95,0,1.88,0
CHAKAN_TO_SRIPERUMBUDUR,1094.0,13.23,1.94,58.59,172.27,0,13.02,0
JNPT_TO_BHIWANDI,67.55,0.92,1.02,49.71,59.87,0,1.05,0
BHIWANDI_TO_CHAKAN,156.03,1.93,0.91,44.05,2.84,0,1.75,0
CHAKAN_TO_SRIPERUMBUDUR,1094.0,13.23,0.52,16.99,9.52,0,12.27,0
CHAKAN_TO_SRIPERUMBUDUR,1094.0,13.23,1.04,59.15,23.82,0,12.08,0
CHAKAN_TO_SRIPERUMBUDUR,1094.0,13.23,5.46,31.07,57.36,0,14.02,0
JNPT_TO_BHIWANDI,67.55,0.92,4.24,37.64,153.53,0,0.95,0
JNPT_TO_CHAKAN,136.67,1.75,1.06,34.92,44.38,0,1.85,0
BHIWANDI_TO_CHAKAN,156.03,1.93,1.58,29.11,152.21,0,2.1,0
MUNDRA_TO_BHIWANDI,872.85,11.64,0.01,14.95,76.13,0,12.47,0
CHAKAN_TO_SRIPERUMBUDUR,1094.0,13.23,0.07,15.97,0.21,0,13.29,0
JNPT_TO_CHAKAN,136.67,1.75,1.68,52.35,100.3,0,1.95,0
JNPT_TO_CHAKAN,136.67,1.75,1.61,44.12,84.92,0,2.08,0
JNPT_TO_BHIWANDI,67.55,0.92,0.54,11.32,187.7,0,0.87,0
JNPT_TO_CHAKAN,136.67,1.75,0.04,25.31,57.01,0,2.1,0
JNPT_TO_BHIWANDI,67.55,0.92,1.58,26.5,52.27,0,0.98,0
JNPT_TO_BHIWANDI,67.55,0.92,1.36,22.54,55.3,0,0.88,0
JNPT_TO_CHAKAN,136.67,1.75,1.76,37.49,270.64,0,2.05,0
BHIWANDI_TO_CHAKAN,156.03,1.93,0.9,56.06,42.88,0,1.86,0
BHIWANDI_TO_CHAKAN,156.03,1.93,0.69,59.57,93.88,0,2.27,0
CHAKAN_TO_SRIPERUMBUDUR,1094.0,13.23,0.07,56.33,56.86,0,15.36,0
JNPT_TO_BHIWANDI,67.55,0.92,6.36,17.92,94.48,0,0.94,0
CHAKAN_TO_SRIPERUMBUDUR,1094.0,13.23,6.85,51.81,230.33,0,14.4,0
MUNDRA_TO_BHIWANDI,872.85,11.64,0.45,44.8,29.86,0,13.36,0
JNPT_TO_CHAKAN,136.67,1.75,1.22,50.97,178.12,0,1.84,0
JNPT_TO_CHAKAN,136.67,1.75,1.71,19.93,10.75,0,1.98,0
JNPT_TO_CHAKAN,136.67,1.75,1.92,47.73,33.97,0,1.69,0
JNPT_TO_CHAKAN,136.67,1.75,1.14,50.52,30.6,0,1.76,0
MUNDRA_TO_BHIWANDI,872.85,11.64,1.96,12.65,115.69,0,10.99,0
BHIWANDI_TO_CHAKAN,156.03,1.93,2.38,31.82,28.46,0,2.1,0
CHAKAN_TO_SRIPERUMBUDUR,1094.0,13.23,1.39,52.55,7.39,0,15.52,0
JNPT_TO_BHIWANDI,67.55,0.92,0.48,30.33,25.39,0,1.05,0
MUNDRA_TO_BHIWANDI,872.85,11.64,0.96,14.92,361.04,0,11.97,0
JNPT_TO_BHIWANDI,67.55,0.92,0.99,29.74,74.82,0,1.09,0
BHIWANDI_TO_CHAKAN,156.03,1.93,2.0,37.36,62.16,0,1.94,0
JNPT_TO_CHAKAN,136.67,1.75,0.07,33.97,127.06,0,1.91,0
CHAKAN_TO_SRIPERUMBUDUR,1094.0,13.23,1.8,36.57,107.92,0,12.0,0
JNPT_TO_BHIWANDI,67.55,0.92,0.83,33.97,201.11,0,1.01,0
CHAKAN_TO_SRIPERUMBUDUR,1094.0,13.23,0.51,19.93,406.57,0,15.86,0
MUNDRA_TO_BHIWANDI,872.85,11.64,0.21,35.4,93.7,0,11.0,0
MUNDRA_TO_BHIWANDI,872.85,11.64,1.44,35.61,306.34,0,14.13,0
JNPT_TO_CHAKAN,136.67,1.75,1.76,21.59,46.48,0,1.74,0
CHAKAN_TO_SRIPERUMBUDUR,1094.0,13.23,1.56,25.43,29.0,0,14.02,0
JNPT_TO_CHAKAN,136.67,1.75,1.73,39.39,227.51,0,1.59,0
MUNDRA_TO_BHIWANDI,872.85,11.64,1.56,43.26,164.57,0,13.62,0
MUNDRA_TO_BHIWANDI,872.85,11.64,1.59,45.54,190.13,0,12.93,0
CHAKAN_TO_SRIPERUMBUDUR,1094.0,13.23,1.25,26.44,141.77,0,11.99,0
CHAKAN_TO_SRIPERUMBUDUR,1094.0,13.23,0.16,27.89,305.7,0,12.82,0
CHAKAN_TO_SRIPERUMBUDUR,1094.0,13.23,0.86,11.81,54.08,0,14.96,0
JNPT_TO_CHAKAN,136.67,1.75,0.03,29.64,359.31,0,2.16,0
JNPT_TO_CHAKAN,136.67,1.75,6.03,22.92,75.62,0,2.02,0
JNPT_TO_BHIWANDI,67.55,0.92,3.41,14.04,196.03,0,0.96,0
JNPT_TO_BHIWANDI,67.55,0.92,0.66,28.05,136.66,0,0.85,0
CHAKAN_TO_SRIPERUMBUDUR,1094.0,13.23,0.16,33.01,41.77,0,14.56,0
JNPT_TO_CHAKAN,136.67,1.75,0.67,11.57,191.65,0,1.96,0
BHIWANDI_TO_CHAKAN,156.03,1.93,1.21,27.29,38.22,0,2.05,0
JNPT_TO_BHIWANDI,67.55,0.92,0.19,56.58,98.76,0,1.07,0
JNPT_TO_CHAKAN,136.67,1.75,1.11,24.06,234.34,0,1.7,0
BHIWANDI_TO_CHAKAN,156.03,1.93,1.47,58.56,177.95,0,2.06,0
JNPT_TO_BHIWANDI,67.55,0.92,19.96,46.96,273.83,0,2.9,1
JNPT_TO_BHIWANDI,67.55,0.92,0.93,18.23,62.18,0,0.93,0
BHIWANDI_TO_CHAKAN,156.03,1.93,0.6,56.47,33.12,0,2.26,0
CHAKAN_TO_SRIPERUMBUDUR,1094.0,13.23,1.6,42.35,115.92,0,15.33,0
JNPT_TO_BHIWANDI,67.55,0.92,1.83,48.11,29.9,0,0.91,0
MUNDRA_TO_BHIWANDI,872.85,11.64,0.23,26.67,147.63,0,11.97,0
JNPT_TO_BHIWANDI,67.55,0.92,0.56,18.24,1.29,0,1.02,0
BHIWANDI_TO_CHAKAN,156.03,1.93,0.93,39.44,388.13,0,2.33,0
MUNDRA_TO_BHIWANDI,872.85,11.64,0.89,39.34,6.27,0,12.32,0
MUNDRA_TO_BHIWANDI,872.85,11.64,0.66,22.37,33.19,0,11.59,0
BHIWANDI_TO_CHAKAN,156.03,1.93,1.36,11.48,110.81,0,2.27,0
BHIWANDI_TO_CHAKAN,156.03,1.93,1.46,30.92,65.46,0,2.23,0
JNPT_TO_CHAKAN,136.67,1.75,0.02,42.46,28.33,0,1.94,0
CHAKAN_TO_SRIPERUMBUDUR,1094.0,13.23,1.61,26.24,380.76,0,15.25,0
BHIWANDI_TO_CHAKAN,156.03,1.93,1.63,20.02,1.46,0,1.98,0
JNPT_TO_BHIWANDI,67.55,0.92,1.67,34.79,69.29,0,1.1,0
MUNDRA_TO_BHIWANDI,872.85,11.64,1.6,46.34,20.67,0,11.02,0
MUNDRA_TO_BHIWANDI,872.85,11.64,1.09,34.4,142.16,0,12.64,0
BHIWANDI_TO_CHAKAN,156.03,1.93,1.04,43.17,61.58,1,6.57,1
MUNDRA_TO_BHIWANDI,872.85,11.64,1.07,50.74,118.31,0,11.26,0
JNPT_TO_BHIWANDI,67.55,0.92,0.81,29.63,51.99,0,0.99,0
CHAKAN_TO_SRIPERUMBUDUR,1094.0,13.23,3.91,49.72,198.81,0,14.74,0
JNPT_TO_CHAKAN,136.67,1.75,0.43,20.88,242.62,0,1.62,0
CHAKAN_TO_SRIPERUMBUDUR,1094.0,13.23,0.57,15.29,13.26,0,12.21,0
BHIWANDI_TO_CHAKAN,156.03,1.93,4.51,36.93,333.11,0,2.53,1
CHAKAN_TO_SRIPERUMBUDUR,1094.0,13.23,0.52,32.28,20.45,0,12.75,0
MUNDRA_TO_BHIWANDI,872.85,11.64,0.14,26.94,184.31,0,11.44,0
JNPT_TO_CHAKAN,136.67,1.75,0.66,30.77,21.8,0,1.9,0
CHAKAN_TO_SRIPERUMBUDUR,1094.0,13.23,0.58,42.16,80.35,0,15.65,0
BHIWANDI_TO_CHAKAN,156.03,1.93,0.93,40.3,22.86,0,1.89,0
BHIWANDI_TO_CHAKAN,156.03,1.93,0.91,33.97,176.15,0,1.79,0
CHAKAN_TO_SRIPERUMBUDUR,1094.0,13.23,0.32,42.98,674.41,0,15.48,0
BHIWANDI_TO_CHAKAN,156.03,1.93,0.18,10.38,6.13,0,1.93,0
CHAKAN_TO_SRIPERUMBUDUR,1094.0,13.23,0.66,58.86,49.7,0,12.13,0
MUNDRA_TO_BHIWANDI,872.85,11.64,1.65,27.98,134.97,0,11.64,0
JNPT_TO_BHIWANDI,67.55,0.92,1.26,21.89,96.26,0,0.97,0
MUNDRA_TO_BHIWANDI,872.85,11.64,0.21,56.08,163.42,0,11.46,0
JNPT_TO_CHAKAN,136.67,1.75,1.47,29.12,100.82,0,1.69,0
BHIWANDI_TO_CHAKAN,156.03,1.93,0.55,21.47,86.35,0,1.75,0
BHIWANDI_TO_CHAKAN,156.03,1.93,1.98,27.5,13.26,0,2.01,0
JNPT_TO_CHAKAN,136.67,1.75,2.75,45.36,3.01,0,1.74,0
CHAKAN_TO_SRIPERUMBUDUR,1094.0,13.23,0.3,13.63,417.57,0,14.54,0
BHIWANDI_TO_CHAKAN,156.03,1.93,0.73,37.51,76.21,0,1.86,0
MUNDRA_TO_BHIWANDI,872.85,11.64,1.87,23.87,99.79,0,10.74,0
MUNDRA_TO_BHIWANDI,872.85,11.64,1.64,49.99,58.97,0,10.48,0
JNPT_TO_BHIWANDI,67.55,0.92,0.24,15.1,97.51,0,0.96,0
BHIWANDI_TO_CHAKAN,156.03,1.93,1.44,57.03,128.51,0,2.0,0
BHIWANDI_TO_CHAKAN,156.03,1.93,1.18,55.1,130.35,0,2.11,0
CHAKAN_TO_SRIPERUMBUDUR,1094.0,13.23,0.03,23.72,0.71,0,13.61,0
MUNDRA_TO_BHIWANDI,872.85,11.64,1.15,16.42,61.69,0,12.83,0
JNPT_TO_BHIWANDI,67.55,0.92,0.62,22.9,149.97,0,0.96,0
CHAKAN_TO_SRIPERUMBUDUR,1094.0,13.23,0.65,39.67,16.0,0,15.86,0
CHAKAN_TO_SRIPERUMBUDUR,1094.0,13.23,1.87,44.81,90.29,0,15.68,0
JNPT_TO_CHAKAN,136.67,1.75,0.81,37.11,84.21,0,2.1,0
JNPT_TO_BHIWANDI,67.55,0.92,1.05,31.16,244.98,0,0.83,0
CHAKAN_TO_SRIPERUMBUDUR,1094.0,13.23,0.0,51.6,34.5,0,13.52,0
BHIWANDI_TO_CHAKAN,156.03,1.93,0.06,53.29,25.56,0,1.78,0
JNPT_TO_BHIWANDI,67.55,0.92,0.92,29.94,11.63,0,1.08,0
CHAKAN_TO_SRIPERUMBUDUR,1094.0,13.23,1.56,52.1,31.21,0,11.91,0
MUNDRA_TO_BHIWANDI,872.85,11.64,1.9,19.52,117.25,0,13.95,0
JNPT_TO_BHIWANDI,67.55,0.92,11.53,15.99,181.63,0,0.9,0
CHAKAN_TO_SRIPERUMBUDUR,1094.0,13.23,0.27,53.66,393.57,0,13.38,0
JNPT_TO_BHIWANDI,67.55,0.92,1.41,41.02,150.99,0,0.91,0
JNPT_TO_BHIWANDI,67.55,0.92,1.31,21.36,298.5,0,0.88,0
MUNDRA_TO_BHIWANDI,872.85,11.64,1.76,15.27,56.12,0,11.21,0
JNPT_TO_CHAKAN,136.67,1.75,0.72,29.67,133.95,0,1.98,0
CHAKAN_TO_SRIPERUMBUDUR,1094.0,13.23,1.64,47.72,97.69,0,15.78,0
JNPT_TO_BHIWANDI,67.55,0.92,0.96,36.69,43.65,0,1.09,0
JNPT_TO_CHAKAN,136.67,1.75,0.73,49.61,49.24,0,1.92,0
JNPT_TO_BHIWANDI,67.55,0.92,0.47,46.8,18.03,0,0.88,0
BHIWANDI_TO_CHAKAN,156.03,1.93,0.85,15.92,80.99,0,2.08,0
JNPT_TO_CHAKAN,136.67,1.75,0.93,25.31,211.32,0,1.61,0
BHIWANDI_TO_CHAKAN,156.03,1.93,1.47,40.04,54.5,0,2.2,0
MUNDRA_TO_BHIWANDI,872.85,11.64,1.23,29.11,69.95,0,13.44,0
JNPT_TO_BHIWANDI,67.55,0.92,2.15,42.54,32.52,0,0.86,0
BHIWANDI_TO_CHAKAN,156.03,1.93,0.69,19.44,22.52,0,1.98,0
JNPT_TO_BHIWANDI,67.55,0.92,1.02,13.83,105.37,0,0.99,0
JNPT_TO_BHIWANDI,67.55,0.92,1.25,27.37,0.78,0,0.93,0
CHAKAN_TO_SRIPERUMBUDUR,1094.0,13.23,0.15,51.94,56.56,0,15.63,0
CHAKAN_TO_SRIPERUMBUDUR,1094.0,13.23,0.56,23.71,125.08,0,14.45,0
CHAKAN_TO_SRIPERUMBUDUR,1094.0,13.23,5.58,48.05,82.35,0,12.9,0
JNPT_TO_CHAKAN,136.67,1.75,0.26,45.15,19.99,0,1.68,0
MUNDRA_TO_BHIWANDI,872.85,11.64,0.08,18.82,90.84,0,11.53,0
MUNDRA_TO_BHIWANDI,872.85,11.64,0.96,55.5,94.96,0,10.53,0
CHAKAN_TO_SRIPERUMBUDUR,1094.0,13.23,0.81,29.79,62.42,0,14.43,0
JNPT_TO_CHAKAN,136.67,1.75,1.57,57.23,53.17,0,1.63,0
CHAKAN_TO_SRIPERUMBUDUR,1094.0,13.23,0.21,20.37,200.71,0,11.95,0
BHIWANDI_TO_CHAKAN,156.03,1.93,0.79,23.89,16.47,0,1.94,0
CHAKAN_TO_SRIPERUMBUDUR,1094.0,13.23,0.94,48.08,132.14,0,13.03,0
CHAKAN_TO_SRIPERUMBUDUR,1094.0,13.23,1.09,13.3,121.27,0,15.67,0
JNPT_TO_BHIWANDI,67.55,0.92,1.24,55.37,159.84,0,0.97,0
MUNDRA_TO_BHIWANDI,872.85,11.64,1.36,37.0,50.43,0,11.31,0
JNPT_TO_CHAKAN,136.67,1.75,0.91,19.46,13.55,0,2.1,0
BHIWANDI_TO_CHAKAN,156.03,1.93,1.7,22.36,70.52,0,1.85,0
JNPT_TO_CHAKAN,136.67,1.75,0.57,32.78,83.54,1,5.46,1
CHAKAN_TO_SRIPERUMBUDUR,1094.0,13.23,1.17,44.81,561.3,0,13.81,0
JNPT_TO_BHIWANDI,67.55,0.92,1.44,39.46,138.84,0,0.85,0
BHIWANDI_TO_CHAKAN,156.03,1.93,1.21,24.72,67.81,0,2.0,0
CHAKAN_TO_SRIPERUMBUDUR,1094.0,13.23,1.53,25.05,30.27,0,13.1,0
CHAKAN_TO_SRIPERUMBUDUR,1094.0,13.23,0.34,54.96,4.37,0,15.66,0
CHAKAN_TO_SRIPERUMBUDUR,1094.0,13.23,0.9,58.04,36.78,0,15.12,0
JNPT_TO_BHIWANDI,67.55,0.92,1.48,16.47,0.86,0,0.86,0
BHIWANDI_TO_CHAKAN,156.03,1.93,9.69,11.66,264.4,0,1.99,0
BHIWANDI_TO_CHAKAN,156.03,1.93,1.32,13.34,212.89,0,2.09,0
JNPT_TO_CHAKAN,136.67,1.75,1.99,13.01,222.06,0,1.69,0
JNPT_TO_CHAKAN,136.67,1.75,0.42,21.7,20.53,0,2.03,0
JNPT_TO_CHAKAN,136.67,1.75,5.64,13.65,20.97,0,1.82,0
JNPT_TO_CHAKAN,136.67,1.75,3.06,17.69,20.54,0,1.9,0
MUNDRA_TO_BHIWANDI,872.85,11.64,0.9,29.53,219.54,0,11.45,0
JNPT_TO_CHAKAN,136.67,1.75,1.35,46.73,124.4,0,1.6,0
MUNDRA_TO_BHIWANDI,872.85,11.64,1.98,24.99,233.84,0,11.96,0
BHIWANDI_TO_CHAKAN,156.03,1.93,1.33,30.29,37.77,0,1.91,0
MUNDRA_TO_BHIWANDI,872.85,11.64,1.34,14.74,29.44,0,12.22,0
JNPT_TO_CHAKAN,136.67,1.75,0.23,22.64,1.69,0,1.68,0
BHIWANDI_TO_CHAKAN,156.03,1.93,0.7,29.19,62.66,0,1.81,0
JNPT_TO_CHAKAN,136.67,1.75,1.13,48.03,95.9,0,1.68,0
CHAKAN_TO_SRIPERUMBUDUR,1094.0,13.23,1.54,25.79,215.78,0,14.62,0
JNPT_TO_CHAKAN,136.67,1.75,1.57,26.12,23.18,0,2.07,0
MUNDRA_TO_BHIWANDI,872.85,11.64,1.79,21.14,272.68,0,13.88,0
BHIWANDI_TO_CHAKAN,156.03,1.93,0.44,15.46,45.28,0,2.06,0
BHIWANDI_TO_CHAKAN,156.03,1.93,1.12,34.6,0.46,0,1.8,0
JNPT_TO_BHIWANDI,67.55,0.92,0.61,26.97,13.92,0,1.03,0
MUNDRA_TO_BHIWANDI,872.85,11.64,0.63,12.29,1.32,0,13.06,0
MUNDRA_TO_BHIWANDI,872.85,11.64,1.31,34.91,98.94,0,12.15,0
JNPT_TO_BHIWANDI,67.55,0.92,0.84,21.54,168.3,0,1.0,0
MUNDRA_TO_BHIWANDI,872.85,11.64,0.93,46.59,65.98,0,11.49,0
JNPT_TO_CHAKAN,136.67,1.75,0.29,58.55,104.37,0,1.85,0
JNPT_TO_CHAKAN,136.67,1.75,1.62,14.19,239.58,0,2.04,0
BHIWANDI_TO_CHAKAN,156.03,1.93,0.95,15.97,61.62,0,1.92,0
MUNDRA_TO_BHIWANDI,872.85,11.64,0.76,37.4,142.06,0,13.13,0
JNPT_TO_CHAKAN,136.67,1.75,1.42,33.27,624.43,0,2.45,1
JNPT_TO_CHAKAN,136.67,1.75,7.99,23.4,177.61,0,2.04,0
CHAKAN_TO_SRIPERUMBUDUR,1094.0,13.23,1.68,34.05,199.01,0,13.53,0
JNPT_TO_BHIWANDI,67.55,0.92,0.87,49.51,116.64,0,0.92,0
MUNDRA_TO_BHIWANDI,872.85,11.64,1.25,21.94,53.77,0,12.91,0
CHAKAN_TO_SRIPERUMBUDUR,1094.0,13.23,0.33,58.92,29.11,0,15.33,0
CHAKAN_TO_SRIPERUMBUDUR,1094.0,13.23,1.85,17.71,14.01,0,12.66,0
MUNDRA_TO_BHIWANDI,872.85,11.64,1.37,20.47,89.51,0,10.64,0
JNPT_TO_BHIWANDI,67.55,0.92,1.77,12.98,101.97,0,0.87,0
JNPT_TO_CHAKAN,136.67,1.75,0.88,44.33,389.69,0,2.36,1
JNPT_TO_CHAKAN,136.67,1.75,0.9,39.67,122.48,0,1.83,0
JNPT_TO_CHAKAN,136.67,1.75,1.66,28.63,54.29,0,1.92,0
BHIWANDI_TO_CHAKAN,156.03,1.93,1.32,41.87,127.5,0,1.82,0
MUNDRA_TO_BHIWANDI,872.85,11.64,1.4,14.31,123.84,0,13.31,0
JNPT_TO_CHAKAN,136.67,1.75,0.35,39.08,8.64,0,1.61,0
CHAKAN_TO_SRIPERUMBUDUR,1094.0,13.23,1.06,11.23,9.25,0,15.2,0
JNPT_TO_CHAKAN,136.67,1.75,0.22,48.48,399.51,0,2.03,0
JNPT_TO_CHAKAN,136.67,1.75,0.99,18.77,163.07,0,1.98,0
JNPT_TO_BHIWANDI,67.55,0.92,0.97,30.82,119.8,0,0.84,0
JNPT_TO_CHAKAN,136.67,1.75,1.18,33.18,11.08,0,1.71,0
CHAKAN_TO_SRIPERUMBUDUR,1094.0,13.23,1.88,49.34,52.46,0,15.48,0
BHIWANDI_TO_CHAKAN,156.03,1.93,2.06,52.73,50.14,0,1.94,0
MUNDRA_TO_BHIWANDI,872.85,11.64,1.04,39.06,116.93,0,10.93,0
JNPT_TO_CHAKAN,136.67,1.75,1.11,37.5,137.36,0,1.69,0
CHAKAN_TO_SRIPERUMBUDUR,1094.0,13.23,1.16,46.38,22.77,0,13.38,0
JNPT_TO_BHIWANDI,67.55,0.92,0.46,53.41,31.23,0,0.89,0
MUNDRA_TO_BHIWANDI,872.85,11.64,0.1,40.65,25.17,0,13.46,0
MUNDRA_TO_BHIWANDI,872.85,11.64,7.33,45.19,34.37,0,12.39,0
BHIWANDI_TO_CHAKAN,156.03,1.93,0.98,41.52,281.11,0,2.28,0
CHAKAN_TO_SRIPERUMBUDUR,1094.0,13.23,1.15,37.57,359.71,1,18.32,1
CHAKAN_TO_SRIPERUMBUDUR,1094.0,13.23,1.04,38.18,9.47,0,13.3,0
JNPT_TO_CHAKAN,136.67,1.75,0.66,50.07,82.27,0,1.91,0
CHAKAN_TO_SRIPERUMBUDUR,1094.0,13.23,1.62,22.56,188.75,0,12.12,0
JNPT_TO_BHIWANDI,67.55,0.92,0.89,51.25,97.64,0,1.03,0
CHAKAN_TO_SRIPERUMBUDUR,1094.0,13.23,0.46,38.27,179.97,0,14.16,0
JNPT_TO_BHIWANDI,67.55,0.92,1.78,37.64,160.99,0,0.92,0
JNPT_TO_CHAKAN,136.67,1.75,2.37,41.82,45.02,0,1.6,0
JNPT_TO_BHIWANDI,67.55,0.92,1.77,51.44,80.1,0,1.02,0
BHIWANDI_TO_CHAKAN,156.03,1.93,0.56,55.27,134.84,0,2.28,0
CHAKAN_TO_SRIPERUMBUDUR,1094.0,13.23,0.42,34.85,131.2,0,13.46,0
JNPT_TO_BHIWANDI,67.55,0.92,0.67,37.08,59.87,0,0.93,0
BHIWANDI_TO_CHAKAN,156.03,1.93,0.84,40.98,25.99,0,1.74,0
CHAKAN_TO_SRIPERUMBUDUR,1094.0,13.23,0.07,45.63,104.79,0,14.51,0
JNPT_TO_BHIWANDI,67.55,0.92,0.83,51.64,89.15,0,0.93,0
CHAKAN_TO_SRIPERUMBUDUR,1094.0,13.23,0.67,49.4,24.56,0,15.24,0
JNPT_TO_BHIWANDI,67.55,0.92,0.84,47.36,140.7,0,1.08,0
JNPT_TO_CHAKAN,136.67,1.75,2.61,23.46,43.04,0,1.72,0
JNPT_TO_BHIWANDI,67.55,0.92,0.26,34.65,49.14,0,1.08,0
JNPT_TO_CHAKAN,136.67,1.75,0.74,26.34,13.53,0,2.02,0
CHAKAN_TO_SRIPERUMBUDUR,1094.0,13.23,1.12,35.23,249.04,0,14.2,0
MUNDRA_TO_BHIWANDI,872.85,11.64,1.74,28.97,21.65,0,12.29,0
MUNDRA_TO_BHIWANDI,872.85,11.64,1.37,17.59,44.0,0,13.09,0
JNPT_TO_CHAKAN,136.67,1.75,0.01,31.21,64.63,0,1.87,0
JNPT_TO_BHIWANDI,67.55,0.92,8.24,30.56,111.54,0,0.89,0
CHAKAN_TO_SRIPERUMBUDUR,1094.0,13.23,1.39,48.87,46.93,0,12.46,0
JNPT_TO_CHAKAN,136.67,1.75,0.89,32.63,33.1,0,2.06,0
MUNDRA_TO_BHIWANDI,872.85,11.64,1.12,15.77,0.66,0,11.07,0
CHAKAN_TO_SRIPERUMBUDUR,1094.0,13.23,0.05,20.36,83.78,1,20.25,1
JNPT_TO_BHIWANDI,67.55,0.92,0.95,10.25,77.62,0,0.83,0
MUNDRA_TO_BHIWANDI,872.85,11.64,0.97,27.08,30.16,0,13.53,0
CHAKAN_TO_SRIPERUMBUDUR,1094.0,13.23,1.5,46.6,38.23,0,12.5,0
MUNDRA_TO_BHIWANDI,872.85,11.64,0.21,33.49,214.33,0,13.06,0
CHAKAN_TO_SRIPERUMBUDUR,1094.0,13.23,1.17,43.99,68.16,0,15.35,0
JNPT_TO_CHAKAN,136.67,1.75,0.65,48.03,63.05,0,2.04,0
CHAKAN_TO_SRIPERUMBUDUR,1094.0,13.23,0.15,48.91,86.45,0,13.13,0
MUNDRA_TO_BHIWANDI,872.85,11.64,0.74,38.98,36.28,0,12.87,0
BHIWANDI_TO_CHAKAN,156.03,1.93,1.5,52.31,374.57,0,2.13,0
BHIWANDI_TO_CHAKAN,156.03,1.93,1.01,24.95,94.7,0,1.98,0
BHIWANDI_TO_CHAKAN,156.03,1.93,0.09,40.0,194.76,0,2.14,0
CHAKAN_TO_SRIPERUMBUDUR,1094.0,13.23,1.53,34.13,193.66,0,12.21,0
MUNDRA_TO_BHIWANDI,872.85,11.64,0.61,45.74,329.82,0,12.43,0
JNPT_TO_CHAKAN,136.67,1.75,1.86,43.47,59.14,0,1.98,0
JNPT_TO_CHAKAN,136.67,1.75,1.15,31.7,22.57,0,2.09,0
BHIWANDI_TO_CHAKAN,156.03,1.93,0.55,21.25,97.62,0,2.11,0
CHAKAN_TO_SRIPERUMBUDUR,1094.0,13.23,1.2,57.32,111.4,0,14.05,0
JNPT_TO_BHIWANDI,67.55,0.92,0.8,57.98,108.82,0,1.05,0
BHIWANDI_TO_CHAKAN,156.03,1.93,1.57,45.07,115.86,0,2.12,0
CHAKAN_TO_SRIPERUMBUDUR,1094.0,13.23,1.98,39.68,18.12,0,14.21,0
BHIWANDI_TO_CHAKAN,156.03,1.93,0.2,32.81,135.8,0,2.23,0
MUNDRA_TO_BHIWANDI,872.85,11.64,0.54,53.86,48.06,0,13.64,0
CHAKAN_TO_SRIPERUMBUDUR,1094.0,13.23,1.01,56.37,18.95,0,15.36,0
CHAKAN_TO_SRIPERUMBUDUR,1094.0,13.23,1.39,21.29,373.32,0,15.26,0
MUNDRA_TO_BHIWANDI,872.85,11.64,1.33,43.22,1.59,0,10.5,0
BHIWANDI_TO_CHAKAN,156.03,1.93,1.18,51.83,310.42,0,2.63,1
JNPT_TO_CHAKAN,136.67,1.75,1.22,42.45,46.3,0,1.79,0
CHAKAN_TO_SRIPERUMBUDUR,1094.0,13.23,0.06,53.4,97.96,0,13.94,0
CHAKAN_TO_SRIPERUMBUDUR,1094.0,13.23,1.27,18.63,3.79,0,14.5,0
BHIWANDI_TO_CHAKAN,156.03,1.93,0.19,37.21,57.41,0,1.9,0
CHAKAN_TO_SRIPERUMBUDUR,1094.0,13.23,1.15,47.61,149.37,0,15.8,0
BHIWANDI_TO_CHAKAN,156.03,1.93,0.69,33.36,100.19,0,1.86,0
MUNDRA_TO_BHIWANDI,872.85,11.64,0.9,56.44,46.99,0,11.16,0
CHAKAN_TO_SRIPERUMBUDUR,1094.0,13.23,4.7,28.9,37.56,0,13.79,0
JNPT_TO_BHIWANDI,67.55,0.92,1.92,19.2,117.84,0,1.01,0
MUNDRA_TO_BHIWANDI,872.85,11.64,0.79,26.62,19.59,0,13.29,0
JNPT_TO_BHIWANDI,67.55,0.92,1.12,37.37,0.37,0,0.91,0
MUNDRA_TO_BHIWANDI,872.85,11.64,1.12,34.97,65.08,0,12.15,0
MUNDRA_TO_BHIWANDI,872.85,11.64,1.27,57.99,107.35,0,11.91,0
CHAKAN_TO_SRIPERUMBUDUR,1094.0,13.23,3.14,43.87,126.36,0,15.81,0
JNPT_TO_BHIWANDI,67.55,0.92,1.49,20.3,37.32,0,0.99,0
MUNDRA_TO_BHIWANDI,872.85,11.64,8.81,28.65,140.06,0,13.11,0
BHIWANDI_TO_CHAKAN,156.03,1.93,1.91,28.73,69.96,0,1.75,0
MUNDRA_TO_BHIWANDI,872.85,11.64,1.13,38.26,103.03,1,19.06,1
BHIWANDI_TO_CHAKAN,156.03,1.93,0.45,38.98,26.86,0,1.8,0
JNPT_TO_CHAKAN,136.67,1.75,1.37,17.64,62.31,0,1.66,0
MUNDRA_TO_BHIWANDI,872.85,11.64,0.23,22.35,136.74,0,13.61,0
MUNDRA_TO_BHIWANDI,872.85,11.64,4.28,53.91,48.44,0,12.67,0
JNPT_TO_BHIWANDI,67.55,0.92,0.26,21.91,82.2,0,0.94,0
JNPT_TO_CHAKAN,136.67,1.75,1.71,20.65,59.9,0,1.71,0
MUNDRA_TO_BHIWANDI,872.85,11.64,0.75,22.86,20.92,0,12.25,0
JNPT_TO_BHIWANDI,67.55,0.92,0.71,51.78,112.01,1,8.59,1
MUNDRA_TO_BHIWANDI,872.85,11.64,0.75,23.66,100.06,0,11.16,0
JNPT_TO_CHAKAN,136.67,1.75,0.34,38.39,9.8,0,1.98,0
JNPT_TO_BHIWANDI,67.55,0.92,0.23,56.96,11.4,0,0.99,0
MUNDRA_TO_BHIWANDI,872.85,11.64,1.41,50.72,107.33,0,13.42,0
CHAKAN_TO_SRIPERUMBUDUR,1094.0,13.23,0.25,33.14,225.36,0,12.21,0
MUNDRA_TO_BHIWANDI,872.85,11.64,0.69,55.62,96.29,0,11.68,0
CHAKAN_TO_SRIPERUMBUDUR,1094.0,13.23,0.33,15.54,95.32,0,15.66,0
MUNDRA_TO_BHIWANDI,872.85,11.64,1.11,16.79,117.93,0,11.99,0
JNPT_TO_CHAKAN,136.67,1.75,0.09,34.57,80.49,0,1.86,0
JNPT_TO_CHAKAN,136.67,1.75,1.34,55.07,124.22,0,2.05,0
JNPT_TO_CHAKAN,136.67,1.75,1.1,33.46,78.16,0,1.66,0
BHIWANDI_TO_CHAKAN,156.03,1.93,1.79,50.57,44.96,0,2.09,0
BHIWANDI_TO_CHAKAN,156.03,1.93,2.43,26.04,41.57,0,2.05,0
JNPT_TO_CHAKAN,136.67,1.75,0.67,36.6,57.14,0,1.96,0
BHIWANDI_TO_CHAKAN,156.03,1.93,3.04,18.45,22.21,0,1.75,0
BHIWANDI_TO_CHAKAN,156.03,1.93,2.12,59.6,137.71,0,2.3,0
BHIWANDI_TO_CHAKAN,156.03,1.93,1.61,15.74,9.92,0,2.01,0
MUNDRA_TO_BHIWANDI,872.85,11.64,1.86,27.68,129.55,0,11.8,0
MUNDRA_TO_BHIWANDI,872.85,11.64,5.45,12.33,47.4,0,12.54,0
JNPT_TO_CHAKAN,136.67,1.75,1.98,33.6,4.5,0,2.05,0
CHAKAN_TO_SRIPERUMBUDUR,1094.0,13.23,0.04,39.82,184.52,0,12.01,0
MUNDRA_TO_BHIWANDI,872.85,11.64,1.79,53.68,16.63,0,12.05,0
BHIWANDI_TO_CHAKAN,156.03,1.93,1.35,59.51,10.75,0,2.26,0
BHIWANDI_TO_CHAKAN,156.03,1.93,2.16,37.58,121.86,0,2.04,0
CHAKAN_TO_SRIPERUMBUDUR,1094.0,13.23,0.32,26.75,46.54,0,13.05,0
CHAKAN_TO_SRIPERUMBUDUR,1094.0,13.23,0.71,55.72,36.65,1,21.53,1
JNPT_TO_CHAKAN,136.67,1.75,0.68,53.68,65.21,0,2.0,0
BHIWANDI_TO_CHAKAN,156.03,1.93,2.47,20.53,57.03,0,1.83,0
CHAKAN_TO_SRIPERUMBUDUR,1094.0,13.23,1.62,13.51,183.47,0,15.1,0
MUNDRA_TO_BHIWANDI,872.85,11.64,1.89,39.95,56.27,0,12.24,0
JNPT_TO_BHIWANDI,67.55,0.92,1.81,50.86,293.3,0,1.04,0
CHAKAN_TO_SRIPERUMBUDUR,1094.0,13.23,0.26,12.24,155.56,0,13.14,0
BHIWANDI_TO_CHAKAN,156.03,1.93,1.38,11.31,2.14,0,2.29,0
MUNDRA_TO_BHIWANDI,872.85,11.64,2.0,56.28,149.1,0,13.89,0
CHAKAN_TO_SRIPERUMBUDUR,1094.0,13.23,1.6,39.96,4.75,0,12.67,0
CHAKAN_TO_SRIPERUMBUDUR,1094.0,13.23,1.86,47.5,130.57,0,13.93,0
JNPT_TO_CHAKAN,136.67,1.75,1.28,18.75,88.66,0,1.8,0
BHIWANDI_TO_CHAKAN,156.03,1.93,1.07,12.89,2.69,0,2.17,0
BHIWANDI_TO_CHAKAN,156.03,1.93,1.23,39.54,83.07,0,2.24,0
MUNDRA_TO_BHIWANDI,872.85,11.64,1.97,48.05,162.45,0,11.15,0
BHIWANDI_TO_CHAKAN,156.03,1.93,2.67,33.06,13.38,0,2.08,0
MUNDRA_TO_BHIWANDI,872.85,11.64,0.21,19.85,149.38,0,11.07,0
BHIWANDI_TO_CHAKAN,156.03,1.93,9.86,35.13,8.53,0,1.78,0
JNPT_TO_BHIWANDI,67.55,0.92,1.99,20.97,108.21,0,1.08,0
JNPT_TO_BHIWANDI,67.55,0.92,0.97,19.97,209.51,0,1.0,0
JNPT_TO_BHIWANDI,67.55,0.92,1.36,51.84,271.35,0,0.91,0
MUNDRA_TO_BHIWANDI,872.85,11.64,14.65,59.97,95.98,0,13.58,0
MUNDRA_TO_BHIWANDI,872.85,11.64,0.59,47.9,6.79,0,11.59,0
JNPT_TO_CHAKAN,136.67,1.75,4.39,56.35,105.81,0,1.72,0
JNPT_TO_BHIWANDI,67.55,0.92,0.16,45.91,14.23,0,0.9,0
MUNDRA_TO_BHIWANDI,872.85,11.64,0.76,23.92,20.41,0,11.12,0
JNPT_TO_CHAKAN,136.67,1.75,1.3,24.21,5.23,0,1.82,0
MUNDRA_TO_BHIWANDI,872.85,11.64,1.27,27.84,0.91,0,13.08,0
JNPT_TO_BHIWANDI,67.55,0.92,1.64,58.49,244.77,0,0.9,0
MUNDRA_TO_BHIWANDI,872.85,11.64,1.92,33.55,18.61,0,13.39,0
JNPT_TO_CHAKAN,136.67,1.75,0.46,18.74,297.06,0,1.94,0
CHAKAN_TO_SRIPERUMBUDUR,1094.0,13.23,0.93,53.63,25.42,0,13.7,0
MUNDRA_TO_BHIWANDI,872.85,11.64,1.46,58.54,48.16,0,13.67,0
MUNDRA_TO_BHIWANDI,872.85,11.64,1.27,57.92,107.5,0,12.3,0
MUNDRA_TO_BHIWANDI,872.85,11.64,0.09,30.35,278.52,0,11.37,0
JNPT_TO_BHIWANDI,67.55,0.92,1.5,31.86,85.74,0,0.91,0
CHAKAN_TO_SRIPERUMBUDUR,1094.0,13.23,1.7,24.33,67.73,0,13.27,0
BHIWANDI_TO_CHAKAN,156.03,1.93,1.71,40.7,14.92,0,1.97,0
CHAKAN_TO_SRIPERUMBUDUR,1094.0,13.23,0.56,14.12,15.17,0,13.78,0
CHAKAN_TO_SRIPERUMBUDUR,1094.0,13.23,0.35,25.13,21.26,0,14.8,0
MUNDRA_TO_BHIWANDI,872.85,11.64,1.33,46.44,244.95,0,12.51,0
MUNDRA_TO_BHIWANDI,872.85,11.64,2.38,51.5,223.12,0,11.2,0
BHIWANDI_TO_CHAKAN,156.03,1.93,4.88,17.31,493.19,0,2.53,1
JNPT_TO_CHAKAN,136.67,1.75,0.36,38.51,189.99,0,1.98,0
BHIWANDI_TO_CHAKAN,156.03,1.93,1.26,11.03,29.1,0,2.14,0
BHIWANDI_TO_CHAKAN,156.03,1.93,0.45,30.41,35.19,0,2.19,0
JNPT_TO_BHIWANDI,67.55,0.92,0.15,57.94,18.09,0,0.89,0
JNPT_TO_CHAKAN,136.67,1.75,1.68,44.31,27.48,0,2.1,0
JNPT_TO_BHIWANDI,67.55,0.92,1.65,15.57,43.73,0,0.89,0
JNPT_TO_CHAKAN,136.67,1.75,0.93,26.41,99.8,0,1.87,0
JNPT_TO_CHAKAN,136.67,1.75,0.45,16.46,61.82,0,1.92,0
BHIWANDI_TO_CHAKAN,156.03,1.93,1.01,15.79,26.75,0,1.97,0
JNPT_TO_CHAKAN,136.67,1.75,1.54,55.2,0.12,0,2.06,0
MUNDRA_TO_BHIWANDI,872.85,11.64,1.83,11.47,40.01,0,13.43,0
MUNDRA_TO_BHIWANDI,872.85,11.64,0.33,57.0,245.97,0,11.13,0
JNPT_TO_CHAKAN,136.67,1.75,1.1,21.07,21.64,0,1.96,0
JNPT_TO_BHIWANDI,67.55,0.92,0.93,53.52,225.01,0,1.09,0
JNPT_TO_CHAKAN,136.67,1.75,1.61,16.18,260.02,0,1.74,0
JNPT_TO_CHAKAN,136.67,1.75,1.15,16.72,0.9,0,1.73,0
CHAKAN_TO_SRIPERUMBUDUR,1094.0,13.23,0.95,53.63,95.07,0,14.86,0
JNPT_TO_CHAKAN,136.67,1.75,0.82,25.15,31.38,0,1.97,0
MUNDRA_TO_BHIWANDI,872.85,11.64,1.4,29.59,124.89,0,12.83,0
MUNDRA_TO_BHIWANDI,872.85,11.64,0.3,41.29,25.45,0,13.53,0
BHIWANDI_TO_CHAKAN,156.03,1.93,1.52,41.27,150.01,0,1.97,0
BHIWANDI_TO_CHAKAN,156.03,1.93,0.92,51.8,89.4,0,1.87,0
MUNDRA_TO_BHIWANDI,872.85,11.64,0.12,24.21,19.9,0,13.84,0
JNPT_TO_BHIWANDI,67.55,0.92,0.81,17.63,62.59,0,1.07,0
JNPT_TO_BHIWANDI,67.55,0.92,4.47,44.67,35.26,0,0.92,0
JNPT_TO_CHAKAN,136.67,1.75,0.29,48.43,39.15,0,1.88,0
JNPT_TO_BHIWANDI,67.55,0.92,2.21,29.18,91.39,0,0.94,0
JNPT_TO_CHAKAN,136.67,1.75,0.27,52.46,16.29,0,1.93,0
MUNDRA_TO_BHIWANDI,872.85,11.64,1.43,58.34,121.25,0,11.31,0
MUNDRA_TO_BHIWANDI,872.85,11.64,12.05,22.06,254.3,0,12.66,0
MUNDRA_TO_BHIWANDI,872.85,11.64,1.93,13.03,354.73,0,11.47,0
BHIWANDI_TO_CHAKAN,156.03,1.93,0.71,24.96,4.82,0,1.95,0
JNPT_TO_BHIWANDI,67.55,0.92,1.79,20.13,83.93,0,1.06,0
JNPT_TO_BHIWANDI,67.55,0.92,1.8,30.25,101.4,0,0.96,0
JNPT_TO_BHIWANDI,67.55,0.92,1.16,11.34,16.58,0,0.89,0
MUNDRA_TO_BHIWANDI,872.85,11.64,1.88,49.03,14.5,0,11.66,0
MUNDRA_TO_BHIWANDI,872.85,11.64,0.25,53.24,103.34,0,12.67,0
CHAKAN_TO_SRIPERUMBUDUR,1094.0,13.23,1.39,52.14,3.49,0,13.17,0
JNPT_TO_BHIWANDI,67.55,0.92,1.66,56.75,28.74,0,0.91,0
JNPT_TO_CHAKAN,136.67,1.75,1.89,53.7,4.75,0,2.09,0
MUNDRA_TO_BHIWANDI,872.85,11.64,5.35,22.84,55.21,0,11.79,0
BHIWANDI_TO_CHAKAN,156.03,1.93,0.3,27.03,106.35,0,1.83,0
JNPT_TO_BHIWANDI,67.55,0.92,1.46,11.89,58.75,0,0.99,0
CHAKAN_TO_SRIPERUMBUDUR,1094.0,13.23,1.65,40.58,81.03,0,13.36,0
BHIWANDI_TO_CHAKAN,156.03,1.93,1.84,49.3,7.42,0,2.03,0
CHAKAN_TO_SRIPERUMBUDUR,1094.0,13.23,1.77,11.12,29.18,1,17.83,1
JNPT_TO_CHAKAN,136.67,1.75,1.62,21.15,86.75,0,1.69,0
JNPT_TO_BHIWANDI,67.55,0.92,0.16,39.79,192.75,0,0.88,0
CHAKAN_TO_SRIPERUMBUDUR,1094.0,13.23,1.53,28.7,2.03,0,13.53,0
JNPT_TO_BHIWANDI,67.55,0.92,12.46,29.98,195.0,0,1.06,0
JNPT_TO_CHAKAN,136.67,1.75,0.79,47.25,50.04,0,1.94,0
JNPT_TO_BHIWANDI,67.55,0.92,0.63,13.57,34.43,0,0.95,0
CHAKAN_TO_SRIPERUMBUDUR,1094.0,13.23,1.18,19.92,58.27,0,13.51,0
JNPT_TO_CHAKAN,136.67,1.75,1.1,42.33,48.19,0,1.88,0
JNPT_TO_BHIWANDI,67.55,0.92,0.72,23.44,48.56,0,0.88,0
BHIWANDI_TO_CHAKAN,156.03,1.93,0.9,43.14,264.64,0,2.3,0
MUNDRA_TO_BHIWANDI,872.85,11.64,1.12,31.75,98.11,0,11.5,0
BHIWANDI_TO_CHAKAN,156.03,1.93,9.0,26.73,184.43,0,1.77,0
MUNDRA_TO_BHIWANDI,872.85,11.64,0.13,13.92,29.32,0,11.56,0
JNPT_TO_CHAKAN,136.67,1.75,0.17,54.37,11.18,0,1.96,0
JNPT_TO_BHIWANDI,67.55,0.92,0.73,40.63,84.43,0,1.01,0
MUNDRA_TO_BHIWANDI,872.85,11.64,0.59,20.1,51.99,0,11.29,0
MUNDRA_TO_BHIWANDI,872.85,11.64,1.0,44.27,9.22,0,11.32,0
JNPT_TO_BHIWANDI,67.55,0.92,1.58,43.19,24.06,0,0.83,0
JNPT_TO_BHIWANDI,67.55,0.92,1.42,38.89,11.86,0,0.94,0
BHIWANDI_TO_CHAKAN,156.03,1.93,1.71,11.97,86.29,0,2.27,0
JNPT_TO_CHAKAN,136.67,1.75,3.42,39.4,77.35,0,1.88,0
BHIWANDI_TO_CHAKAN,156.03,1.93,0.5,32.22,31.55,0,1.88,0
BHIWANDI_TO_CHAKAN,156.03,1.93,1.87,17.99,1.91,0,1.85,0
CHAKAN_TO_SRIPERUMBUDUR,1094.0,13.23,4.5,29.89,23.09,0,13.27,0
CHAKAN_TO_SRIPERUMBUDUR,1094.0,13.23,0.42,29.19,463.66,0,14.4,0
BHIWANDI_TO_CHAKAN,156.03,1.93,1.88,35.87,48.55,0,1.77,0
CHAKAN_TO_SRIPERUMBUDUR,1094.0,13.23,1.1,59.49,50.27,0,11.98,0
BHIWANDI_TO_CHAKAN,156.03,1.93,1.4,34.72,103.84,0,1.83,0
JNPT_TO_BHIWANDI,67.55,0.92,2.2,32.76,235.12,0,1.02,0
BHIWANDI_TO_CHAKAN,156.03,1.93,1.95,28.97,60.56,0,2.25,0
MUNDRA_TO_BHIWANDI,872.85,11.64,0.94,45.92,71.49,0,13.39,0
JNPT_TO_BHIWANDI,67.55,0.92,0.72,43.09,184.62,0,1.08,0
MUNDRA_TO_BHIWANDI,872.85,11.64,1.26,30.48,51.22,0,12.09,0
CHAKAN_TO_SRIPERUMBUDUR,1094.0,13.23,1.04,30.93,305.3,0,14.67,0
CHAKAN_TO_SRIPERUMBUDUR,1094.0,13.23,1.64,48.73,19.04,0,13.01,0
JNPT_TO_BHIWANDI,67.55,0.92,0.92,38.06,216.48,0,1.01,0
MUNDRA_TO_BHIWANDI,872.85,11.64,0.62,52.93,39.9,0,12.65,0
MUNDRA_TO_BHIWANDI,872.85,11.64,1.17,58.61,81.3,0,11.76,0
BHIWANDI_TO_CHAKAN,156.03,1.93,0.46,15.77,32.81,0,1.8,0
JNPT_TO_BHIWANDI,67.55,0.92,0.49,28.79,108.46,0,1.02,0
CHAKAN_TO_SRIPERUMBUDUR,1094.0,13.23,1.24,59.14,114.22,0,11.93,0
CHAKAN_TO_SRIPERUMBUDUR,1094.0,13.23,0.6,40.14,4.34,0,12.12,0
JNPT_TO_CHAKAN,136.67,1.75,1.17,38.01,83.36,0,1.74,0
JNPT_TO_BHIWANDI,67.55,0.92,0.16,36.43,14.62,0,1.04,0
BHIWANDI_TO_CHAKAN,156.03,1.93,1.65,18.76,55.94,0,2.11,0
CHAKAN_TO_SRIPERUMBUDUR,1094.0,13.23,0.11,15.41,36.87,0,12.37,0
BHIWANDI_TO_CHAKAN,156.03,1.93,0.79,30.72,366.42,0,2.26,0
JNPT_TO_BHIWANDI,67.55,0.92,0.72,26.62,105.29,0,0.89,0
JNPT_TO_BHIWANDI,67.55,0.92,1.6,24.6,7.7,0,1.0,0
BHIWANDI_TO_CHAKAN,156.03,1.93,1.46,20.74,116.32,0,1.75,0
BHIWANDI_TO_CHAKAN,156.03,1.93,0.59,38.98,0.97,1,8.97,1
JNPT_TO_BHIWANDI,67.55,0.92,1.49,21.69,82.21,0,0.84,0
BHIWANDI_TO_CHAKAN,156.03,1.93,3.35,45.73,0.65,0,1.89,0
MUNDRA_TO_BHIWANDI,872.85,11.64,0.76,32.38,4.69,0,13.94,0
MUNDRA_TO_BHIWANDI,872.85,11.64,1.49,50.71,198.67,0,13.94,0
MUNDRA_TO_BHIWANDI,872.85,11.64,7.66,19.26,9.09,0,13.53,0
BHIWANDI_TO_CHAKAN,156.03,1.93,0.24,59.79,32.42,0,1.94,0
MUNDRA_TO_BHIWANDI,872.85,11.64,0.04,56.01,22.33,0,13.32,0
CHAKAN_TO_SRIPERUMBUDUR,1094.0,13.23,0.55,46.47,4.82,0,12.96,0
CHAKAN_TO_SRIPERUMBUDUR,1094.0,13.23,1.21,18.61,82.14,0,12.61,0
CHAKAN_TO_SRIPERUMBUDUR,1094.0,13.23,1.77,41.45,37.69,0,12.32,0
JNPT_TO_CHAKAN,136.67,1.75,0.66,38.83,29.26,0,1.59,0
MUNDRA_TO_BHIWANDI,872.85,11.64,1.94,57.84,159.44,0,10.97,0
CHAKAN_TO_SRIPERUMBUDUR,1094.0,13.23,0.0,48.29,194.73,0,13.61,0
JNPT_TO_BHIWANDI,67.55,0.92,1.98,51.39,311.73,0,1.41,1
MUNDRA_TO_BHIWANDI,872.85,11.64,7.82,34.11,28.09,0,12.91,0
JNPT_TO_BHIWANDI,67.55,0.92,0.61,39.79,149.11,0,0.91,0
JNPT_TO_CHAKAN,136.67,1.75,0.09,47.06,12.76,0,1.93,0
BHIWANDI_TO_CHAKAN,156.03,1.93,1.24,39.75,35.34,0,1.88,0
JNPT_TO_BHIWANDI,67.55,0.92,1.98,55.05,72.05,0,1.01,0
BHIWANDI_TO_CHAKAN,156.03,1.93,0.3,21.47,69.96,0,1.97,0
BHIWANDI_TO_CHAKAN,156.03,1.93,1.61,45.8,77.16,0,1.99,0
BHIWANDI_TO_CHAKAN,156.03,1.93,0.53,55.3,158.75,0,2.06,0
MUNDRA_TO_BHIWANDI,872.85,11.64,0.93,54.92,57.51,0,12.7,0
BHIWANDI_TO_CHAKAN,156.03,1.93,0.15,52.33,111.5,0,2.1,0
JNPT_TO_CHAKAN,136.67,1.75,0.52,55.46,33.62,0,1.83,0
JNPT_TO_CHAKAN,136.67,1.75,1.97,16.85,17.65,0,1.81,0
JNPT_TO_CHAKAN,136.67,1.75,0.94,43.78,48.52,0,2.01,0
JNPT_TO_CHAKAN,136.67,1.75,1.83,43.91,18.61,0,1.63,0
BHIWANDI_TO_CHAKAN,156.03,1.93,0.91,19.94,221.43,0,1.9,0
CHAKAN_TO_SRIPERUMBUDUR,1094.0,13.23,1.35,49.36,21.03,0,14.76,0
JNPT_TO_CHAKAN,136.67,1.75,1.71,16.44,52.98,0,1.59,0
CHAKAN_TO_SRIPERUMBUDUR,1094.0,13.23,0.08,38.45,14.05,0,12.57,0
CHAKAN_TO_SRIPERUMBUDUR,1094.0,13.23,0.12,24.29,50.74,0,13.77,0
JNPT_TO_BHIWANDI,67.55,0.92,1.28,10.75,138.86,0,0.94,0
JNPT_TO_CHAKAN,136.67,1.75,0.04,24.37,37.85,0,1.89,0
JNPT_TO_BHIWANDI,67.55,0.92,0.51,24.44,80.26,0,0.88,0
MUNDRA_TO_BHIWANDI,872.85,11.64,1.13,57.54,93.71,0,10.51,0
JNPT_TO_CHAKAN,136.67,1.75,0.64,44.34,93.85,0,1.86,0
MUNDRA_TO_BHIWANDI,872.85,11.64,0.05,32.24,34.08,0,11.18,0
BHIWANDI_TO_CHAKAN,156.03,1.93,1.13,41.97,24.14,0,2.2,0
JNPT_TO_BHIWANDI,67.55,0.92,3.37,31.94,90.29,0,0.9,0
JNPT_TO_BHIWANDI,67.55,0.92,0.41,30.91,22.65,0,0.83,0
MUNDRA_TO_BHIWANDI,872.85,11.64,7.97,15.82,173.3,0,10.75,0
JNPT_TO_BHIWANDI,67.55,0.92,3.06,11.4,32.58,0,0.97,0
MUNDRA_TO_BHIWANDI,872.85,11.64,6.91,23.47,58.9,0,11.67,0
MUNDRA_TO_BHIWANDI,872.85,11.64,0.05,36.99,38.63,0,11.37,0
JNPT_TO_CHAKAN,136.67,1.75,0.05,59.84,220.43,0,1.61,0
BHIWANDI_TO_CHAKAN,156.03,1.93,1.8,12.89,5.52,0,2.05,0
JNPT_TO_BHIWANDI,67.55,0.92,5.64,56.6,88.59,0,1.02,0
JNPT_TO_BHIWANDI,67.55,0.92,0.51,56.04,269.2,0,0.98,0
JNPT_TO_CHAKAN,136.67,1.75,1.86,21.87,132.23,0,1.84,0
MUNDRA_TO_BHIWANDI,872.85,11.64,1.32,14.0,4.36,0,12.42,0
MUNDRA_TO_BHIWANDI,872.85,11.64,0.4,50.19,89.41,1,17.49,1
BHIWANDI_TO_CHAKAN,156.03,1.93,1.68,13.97,101.51,0,2.12,0
JNPT_TO_CHAKAN,136.67,1.75,1.34,47.06,4.67,0,1.74,0
MUNDRA_TO_BHIWANDI,872.85,11.64,1.65,41.08,66.76,0,10.88,0
CHAKAN_TO_SRIPERUMBUDUR,1094.0,13.23,1.8,57.83,41.39,0,13.88,0
CHAKAN_TO_SRIPERUMBUDUR,1094.0,13.23,0.14,56.4,4.1,0,13.85,0
JNPT_TO_CHAKAN,136.67,1.75,1.88,53.15,630.58,0,2.72,1
JNPT_TO_CHAKAN,136.67,1.75,0.33,59.82,8.27,0,2.03,0
JNPT_TO_CHAKAN,136.67,1.75,0.76,54.98,145.89,0,1.96,0
MUNDRA_TO_BHIWANDI,872.85,11.64,1.79,28.41,60.32,0,13.96,0
MUNDRA_TO_BHIWANDI,872.85,11.64,1.31,32.61,16.95,0,11.83,0
JNPT_TO_BHIWANDI,67.55,0.92,0.95,43.9,141.46,0,0.89,0
JNPT_TO_CHAKAN,136.67,1.75,1.78,53.31,231.98,0,1.64,0
JNPT_TO_CHAKAN,136.67,1.75,2.14,40.98,173.33,0,1.74,0
CHAKAN_TO_SRIPERUMBUDUR,1094.0,13.23,0.87,17.59,14.18,0,12.56,0
CHAKAN_TO_SRIPERUMBUDUR,1094.0,13.23,1.97,17.59,142.46,0,12.92,0
JNPT_TO_CHAKAN,136.67,1.75,0.97,40.29,150.14,0,1.68,0
CHAKAN_TO_SRIPERUMBUDUR,1094.0,13.23,1.88,24.99,234.14,0,14.1,0
JNPT_TO_BHIWANDI,67.55,0.92,0.89,53.52,349.97,0,1.19,1
JNPT_TO_CHAKAN,136.67,1.75,0.75,46.22,75.07,0,2.06,0
MUNDRA_TO_BHIWANDI,872.85,11.64,1.09,29.87,30.38,0,13.78,0
JNPT_TO_BHIWANDI,67.55,0.92,0.98,31.93,112.24,0,1.07,0
CHAKAN_TO_SRIPERUMBUDUR,1094.0,13.23,0.19,47.84,36.75,0,13.31,0
JNPT_TO_BHIWANDI,67.55,0.92,1.21,39.63,42.26,0,1.08,0
JNPT_TO_BHIWANDI,67.55,0.92,1.77,58.9,81.07,0,1.03,0
JNPT_TO_BHIWANDI,67.55,0.92,2.86,48.62,43.35,0,0.97,0
MUNDRA_TO_BHIWANDI,872.85,11.64,0.97,51.38,79.97,0,13.37,0
JNPT_TO_CHAKAN,136.67,1.75,1.12,42.44,321.28,0,2.25,1
CHAKAN_TO_SRIPERUMBUDUR,1094.0,13.23,1.88,19.6,13.43,0,12.64,0
JNPT_TO_BHIWANDI,67.55,0.92,5.23,38.3,1.08,0,1.07,0
JNPT_TO_CHAKAN,136.67,1.75,1.94,31.59,66.82,0,1.65,0
BHIWANDI_TO_CHAKAN,156.03,1.93,1.51,21.42,56.12,0,2.23,0
MUNDRA_TO_BHIWANDI,872.85,11.64,0.69,25.35,148.89,0,10.57,0
JNPT_TO_CHAKAN,136.67,1.75,1.71,38.98,121.28,0,2.09,0
BHIWANDI_TO_CHAKAN,156.03,1.93,1.16,33.07,192.87,0,2.06,0
BHIWANDI_TO_CHAKAN,156.03,1.93,4.48,39.94,23.52,0,2.07,0
BHIWANDI_TO_CHAKAN,156.03,1.93,4.24,38.21,142.18,0,2.18,0
BHIWANDI_TO_CHAKAN,156.03,1.93,1.27,24.86,34.6,0,2.21,0
CHAKAN_TO_SRIPERUMBUDUR,1094.0,13.23,5.42,29.01,286.48,0,12.37,0
JNPT_TO_BHIWANDI,67.55,0.92,8.88,15.71,148.78,0,0.88,0
JNPT_TO_BHIWANDI,67.55,0.92,19.55,26.78,97.18,0,2.92,1
JNPT_TO_CHAKAN,136.67,1.75,10.29,32.41,114.66,0,1.69,0
JNPT_TO_BHIWANDI,67.55,0.92,24.89,38.7,52.63,0,3.48,1
JNPT_TO_BHIWANDI,67.55,0.92,1.11,19.34,68.48,0,0.83,0
MUNDRA_TO_BHIWANDI,872.85,11.64,0.7,20.56,38.49,0,11.1,0
JNPT_TO_BHIWANDI,67.55,0.92,0.13,39.91,39.52,0,0.99,0
BHIWANDI_TO_CHAKAN,156.03,1.93,1.38,54.17,104.8,0,1.75,0
CHAKAN_TO_SRIPERUMBUDUR,1094.0,13.23,1.52,30.16,178.09,0,14.88,0
MUNDRA_TO_BHIWANDI,872.85,11.64,1.47,55.67,126.92,0,11.37,0
JNPT_TO_BHIWANDI,67.55,0.92,0.92,58.78,45.65,0,0.84,0
JNPT_TO_BHIWANDI,67.55,0.92,1.02,30.27,124.66,0,1.09,0
BHIWANDI_TO_CHAKAN,156.03,1.93,1.83,43.45,126.29,0,1.79,0
JNPT_TO_BHIWANDI,67.55,0.92,1.72,25.73,33.62,0,1.08,0
CHAKAN_TO_SRIPERUMBUDUR,1094.0,13.23,1.57,40.28,287.28,0,12.17,0
JNPT_TO_CHAKAN,136.67,1.75,1.52,23.9,197.37,0,2.07,0
JNPT_TO_BHIWANDI,67.55,0.92,0.39,26.02,10.48,0,1.05,0
CHAKAN_TO_SRIPERUMBUDUR,1094.0,13.23,0.63,22.03,138.37,0,12.71,0
JNPT_TO_CHAKAN,136.67,1.75,0.56,11.28,144.8,0,1.68,0
MUNDRA_TO_BHIWANDI,872.85,11.64,0.15,16.27,342.77,0,13.97,0
MUNDRA_TO_BHIWANDI,872.85,11.64,0.57,23.98,7.91,0,12.12,0
JNPT_TO_CHAKAN,136.67,1.75,0.5,55.85,31.72,0,1.96,0
JNPT_TO_BHIWANDI,67.55,0.92,1.37,42.75,15.91,0,0.89,0
BHIWANDI_TO_CHAKAN,156.03,1.93,1.22,50.76,108.55,0,1.87,0
JNPT_TO_BHIWANDI,67.55,0.92,1.45,50.74,18.09,0,1.04,0
BHIWANDI_TO_CHAKAN,156.03,1.93,0.03,21.25,92.54,0,2.13,0
JNPT_TO_BHIWANDI,67.55,0.92,1.55,49.8,11.5,0,0.99,0
JNPT_TO_CHAKAN,136.67,1.75,0.31,38.99,178.9,0,2.03,0
CHAKAN_TO_SRIPERUMBUDUR,1094.0,13.23,1.71,32.9,36.14,0,15.56,0
CHAKAN_TO_SRIPERUMBUDUR,1094.0,13.23,0.22,52.9,90.61,0,13.5,0
BHIWANDI_TO_CHAKAN,156.03,1.93,1.27,25.04,69.58,0,2.29,0
JNPT_TO_BHIWANDI,67.55,0.92,1.63,13.63,197.76,0,0.84,0
JNPT_TO_CHAKAN,136.67,1.75,1.32,44.98,189.46,0,1.97,0
JNPT_TO_BHIWANDI,67.55,0.92,3.43,25.08,27.73,0,0.9,0
MUNDRA_TO_BHIWANDI,872.85,11.64,0.41,13.01,5.76,0,11.48,0
CHAKAN_TO_SRIPERUMBUDUR,1094.0,13.23,24.17,57.21,78.3,0,16.65,1
JNPT_TO_BHIWANDI,67.55,0.92,10.11,53.59,156.23,0,0.98,0
JNPT_TO_CHAKAN,136.67,1.75,1.8,21.76,39.06,0,1.66,0
JNPT_TO_CHAKAN,136.67,1.75,0.72,39.9,94.37,0,1.68,0
CHAKAN_TO_SRIPERUMBUDUR,1094.0,13.23,1.88,53.99,101.32,0,15.08,0
CHAKAN_TO_SRIPERUMBUDUR,1094.0,13.23,0.76,40.06,141.16,0,15.1,0
JNPT_TO_BHIWANDI,67.55,0.92,0.87,20.35,63.7,0,1.04,0
MUNDRA_TO_BHIWANDI,872.85,11.64,18.66,30.42,62.27,0,12.68,0
JNPT_TO_CHAKAN,136.67,1.75,0.26,37.59,98.24,0,2.08,0
JNPT_TO_BHIWANDI,67.55,0.92,0.06,58.98,125.83,0,0.97,0
BHIWANDI_TO_CHAKAN,156.03,1.93,1.73,36.95,52.08,0,1.77,0
JNPT_TO_CHAKAN,136.67,1.75,1.63,34.72,229.8,0,1.66,0
JNPT_TO_CHAKAN,136.67,1.75,3.07,46.3,36.21,0,1.76,0
MUNDRA_TO_BHIWANDI,872.85,11.64,1.96,22.27,89.56,0,11.6,0
JNPT_TO_CHAKAN,136.67,1.75,9.89,53.17,41.92,0,1.81,0
CHAKAN_TO_SRIPERUMBUDUR,1094.0,13.23,1.93,56.01,63.88,1,21.77,1
JNPT_TO_CHAKAN,136.67,1.75,0.79,51.96,9.02,0,1.69,0
MUNDRA_TO_BHIWANDI,872.85,11.64,1.44,48.9,174.93,0,12.8,0
BHIWANDI_TO_CHAKAN,156.03,1.93,1.7,53.02,237.9,0,1.98,0
MUNDRA_TO_BHIWANDI,872.85,11.64,1.98,25.75,131.16,0,11.62,0
MUNDRA_TO_BHIWANDI,872.85,11.64,0.18,43.39,15.54,0,10.98,0
BHIWANDI_TO_CHAKAN,156.03,1.93,1.14,17.43,182.1,0,1.87,0
CHAKAN_TO_SRIPERUMBUDUR,1094.0,13.23,0.09,15.38,125.06,0,13.7,0
JNPT_TO_CHAKAN,136.67,1.75,0.11,51.92,270.63,0,1.98,0
MUNDRA_TO_BHIWANDI,872.85,11.64,0.12,37.4,441.6,0,11.54,0
MUNDRA_TO_BHIWANDI,872.85,11.64,0.34,23.3,18.46,0,11.35,0
JNPT_TO_BHIWANDI,67.55,0.92,2.09,39.46,40.28,0,1.02,0
CHAKAN_TO_SRIPERUMBUDUR,1094.0,13.23,1.49,53.03,41.38,0,13.87,0
CHAKAN_TO_SRIPERUMBUDUR,1094.0,13.23,0.21,42.66,101.53,0,13.82,0
JNPT_TO_CHAKAN,136.67,1.75,1.14,33.19,20.17,1,5.71,1
JNPT_TO_CHAKAN,136.67,1.75,0.82,14.49,145.98,0,1.7,0
MUNDRA_TO_BHIWANDI,872.85,11.64,1.64,15.07,45.59,0,13.5,0
JNPT_TO_CHAKAN,136.67,1.75,8.72,47.35,43.56,0,2.03,0
JNPT_TO_CHAKAN,136.67,1.75,1.72,56.2,113.32,0,1.75,0
CHAKAN_TO_SRIPERUMBUDUR,1094.0,13.23,0.93,39.38,106.12,0,13.52,0
BHIWANDI_TO_CHAKAN,156.03,1.93,1.96,51.23,4.16,0,1.84,0
BHIWANDI_TO_CHAKAN,156.03,1.93,0.11,34.52,43.6,0,2.17,0
JNPT_TO_BHIWANDI,67.55,0.92,2.87,15.53,45.1,0,0.91,0
MUNDRA_TO_BHIWANDI,872.85,11.64,0.92,41.46,52.35,0,11.58,0
JNPT_TO_CHAKAN,136.67,1.75,1.5,27.04,125.2,0,2.0,0
BHIWANDI_TO_CHAKAN,156.03,1.93,0.98,29.38,3.86,0,2.18,0
JNPT_TO_BHIWANDI,67.55,0.92,0.85,39.92,30.8,1,4.76,1
JNPT_TO_BHIWANDI,67.55,0.92,1.71,25.82,116.13,0,0.88,0
MUNDRA_TO_BHIWANDI,872.85,11.64,0.48,15.95,179.08,0,10.8,0
JNPT_TO_BHIWANDI,67.55,0.92,0.33,23.1,1.92,0,0.99,0
CHAKAN_TO_SRIPERUMBUDUR,1094.0,13.23,1.87,32.4,181.48,0,14.48,0
MUNDRA_TO_BHIWANDI,872.85,11.64,1.67,35.62,216.43,0,11.6,0
CHAKAN_TO_SRIPERUMBUDUR,1094.0,13.23,3.08,27.46,128.79,0,14.01,0
MUNDRA_TO_BHIWANDI,872.85,11.64,0.41,37.21,193.35,0,12.46,0
MUNDRA_TO_BHIWANDI,872.85,11.64,0.91,13.27,70.71,0,12.69,0
BHIWANDI_TO_CHAKAN,156.03,1.93,0.96,47.67,76.77,0,2.27,0
JNPT_TO_BHIWANDI,67.55,0.92,1.55,46.4,37.7,0,1.03,0
JNPT_TO_BHIWANDI,67.55,0.92,1.82,47.72,131.38,0,0.84,0
JNPT_TO_BHIWANDI,67.55,0.92,1.06,51.78,424.33,1,4.32,1
JNPT_TO_BHIWANDI,67.55,0.92,7.23,24.69,11.71,0,0.98,0
MUNDRA_TO_BHIWANDI,872.85,11.64,0.2,29.99,430.52,0,13.03,0
BHIWANDI_TO_CHAKAN,156.03,1.93,1.26,38.95,248.33,0,1.81,0
MUNDRA_TO_BHIWANDI,872.85,11.64,0.76,29.62,91.35,0,13.06,0
JNPT_TO_CHAKAN,136.67,1.75,0.55,51.59,173.39,0,1.66,0
CHAKAN_TO_SRIPERUMBUDUR,1094.0,13.23,0.57,33.33,122.22,0,15.26,0
JNPT_TO_CHAKAN,136.67,1.75,3.22,15.69,164.89,0,1.91,0
MUNDRA_TO_BHIWANDI,872.85,11.64,1.92,25.99,45.95,0,13.41,0
JNPT_TO_CHAKAN,136.67,1.75,0.71,45.39,183.94,0,2.0,0
MUNDRA_TO_BHIWANDI,872.85,11.64,0.92,52.73,8.58,0,11.69,0
BHIWANDI_TO_CHAKAN,156.03,1.93,0.49,53.07,30.61,0,2.19,0
MUNDRA_TO_BHIWANDI,872.85,11.64,0.3,25.4,130.28,0,13.23,0
MUNDRA_TO_BHIWANDI,872.85,11.64,0.7,28.66,24.34,0,11.94,0
CHAKAN_TO_SRIPERUMBUDUR,1094.0,13.23,6.06,27.04,46.95,1,23.03,1
JNPT_TO_BHIWANDI,67.55,0.92,0.85,14.67,27.24,0,1.02,0
JNPT_TO_BHIWANDI,67.55,0.92,0.32,29.36,58.07,0,1.05,0
MUNDRA_TO_BHIWANDI,872.85,11.64,3.84,24.81,172.65,0,13.13,0
BHIWANDI_TO_CHAKAN,156.03,1.93,2.04,49.74,59.57,0,1.88,0
MUNDRA_TO_BHIWANDI,872.85,11.64,1.1,53.88,267.28,0,11.91,0
BHIWANDI_TO_CHAKAN,156.03,1.93,0.25,36.39,113.49,0,1.74,0
CHAKAN_TO_SRIPERUMBUDUR,1094.0,13.23,1.17,48.24,92.66,0,14.97,0
JNPT_TO_CHAKAN,136.67,1.75,1.3,52.92,311.62,0,1.95,0
JNPT_TO_BHIWANDI,67.55,0.92,2.0,35.96,359.94,0,1.24,1
CHAKAN_TO_SRIPERUMBUDUR,1094.0,13.23,1.1,56.11,178.98,0,14.44,0
CHAKAN_TO_SRIPERUMBUDUR,1094.0,13.23,1.11,22.36,83.81,0,15.08,0
MUNDRA_TO_BHIWANDI,872.85,11.64,0.94,43.52,313.79,0,11.71,0
BHIWANDI_TO_CHAKAN,156.03,1.93,7.53,11.56,110.66,0,1.87,0
JNPT_TO_CHAKAN,136.67,1.75,1.58,44.48,176.23,0,1.94,0
CHAKAN_TO_SRIPERUMBUDUR,1094.0,13.23,1.0,37.31,182.98,0,13.47,0
BHIWANDI_TO_CHAKAN,156.03,1.93,1.02,29.8,12.69,0,1.95,0
JNPT_TO_BHIWANDI,67.55,0.92,0.98,29.84,42.07,0,1.01,0
JNPT_TO_BHIWANDI,67.55,0.92,0.66,55.35,78.51,0,0.93,0
JNPT_TO_BHIWANDI,67.55,0.92,0.78,38.99,155.57,0,0.89,0
JNPT_TO_BHIWANDI,67.55,0.92,0.5,25.96,177.98,0,1.05,0
JNPT_TO_BHIWANDI,67.55,0.92,0.57,48.36,38.07,0,1.08,0
MUNDRA_TO_BHIWANDI,872.85,11.64,1.71,16.64,99.9,0,11.94,0
MUNDRA_TO_BHIWANDI,872.85,11.64,1.83,54.25,34.32,0,11.77,0
BHIWANDI_TO_CHAKAN,156.03,1.93,0.66,15.31,189.24,0,2.14,0
BHIWANDI_TO_CHAKAN,156.03,1.93,2.06,59.88,199.11,0,1.75,0
JNPT_TO_BHIWANDI,67.55,0.92,0.28,18.79,58.84,0,1.08,0
JNPT_TO_CHAKAN,136.67,1.75,1.45,40.05,4.68,0,2.08,0
BHIWANDI_TO_CHAKAN,156.03,1.93,1.15,49.47,59.16,0,2.02,0
BHIWANDI_TO_CHAKAN,156.03,1.93,9.82,50.03,85.76,0,1.75,0
JNPT_TO_CHAKAN,136.67,1.75,0.37,53.13,130.79,0,2.08,0
JNPT_TO_CHAKAN,136.67,1.75,1.46,36.56,29.45,0,2.06,0
JNPT_TO_CHAKAN,136.67,1.75,0.32,16.68,4.18,0,1.59,0
CHAKAN_TO_SRIPERUMBUDUR,1094.0,13.23,0.6,57.41,216.55,0,15.72,0
MUNDRA_TO_BHIWANDI,872.85,11.64,0.19,14.05,80.89,0,12.87,0
CHAKAN_TO_SRIPERUMBUDUR,1094.0,13.23,1.45,38.6,237.84,0,15.7,0
JNPT_TO_CHAKAN,136.67,1.75,1.38,50.02,196.79,0,2.02,0
CHAKAN_TO_SRIPERUMBUDUR,1094.0,13.23,0.52,24.58,41.6,0,13.61,0
CHAKAN_TO_SRIPERUMBUDUR,1094.0,13.23,0.34,43.97,52.71,0,13.54,0
JNPT_TO_BHIWANDI,67.55,0.92,1.62,43.95,7.64,0,1.08,0
BHIWANDI_TO_CHAKAN,156.03,1.93,0.01,35.24,63.17,0,2.23,0
JNPT_TO_CHAKAN,136.67,1.75,1.99,23.15,362.52,0,2.21,1
BHIWANDI_TO_CHAKAN,156.03,1.93,1.7,36.72,69.74,0,2.25,0
JNPT_TO_CHAKAN,136.67,1.75,0.97,18.0,1.26,0,1.82,0
JNPT_TO_CHAKAN,136.67,1.75,0.12,45.63,86.59,0,1.92,0
BHIWANDI_TO_CHAKAN,156.03,1.93,0.78,22.82,362.51,0,2.4,0
BHIWANDI_TO_CHAKAN,156.03,1.93,1.47,51.68,53.95,0,1.9,0
JNPT_TO_BHIWANDI,67.55,0.92,0.6,57.6,216.51,0,0.99,0
BHIWANDI_TO_CHAKAN,156.03,1.93,0.74,17.43,144.62,0,2.18,0
JNPT_TO_BHIWANDI,67.55,0.92,0.92,17.13,8.9,0,1.1,0
MUNDRA_TO_BHIWANDI,872.85,11.64,0.31,35.32,211.2,0,10.81,0
JNPT_TO_BHIWANDI,67.55,0.92,1.96,34.08,291.98,0,1.09,0
JNPT_TO_CHAKAN,136.67,1.75,1.52,49.47,5.97,0,2.05,0
CHAKAN_TO_SRIPERUMBUDUR,1094.0,13.23,2.36,10.31,50.16,0,13.26,0
BHIWANDI_TO_CHAKAN,156.03,1.93,4.24,41.97,180.69,0,1.83,0
BHIWANDI_TO_CHAKAN,156.03,1.93,1.17,21.79,149.44,0,2.23,0
BHIWANDI_TO_CHAKAN,156.03,1.93,1.14,32.46,0.19,0,1.93,0
BHIWANDI_TO_CHAKAN,156.03,1.93,0.5,42.0,50.43,0,1.79,0
MUNDRA_TO_BHIWANDI,872.85,11.64,0.37,55.35,196.29,0,10.59,0
MUNDRA_TO_BHIWANDI,872.85,11.64,1.39,54.45,173.76,0,12.48,0
MUNDRA_TO_BHIWANDI,872.85,11.64,1.71,19.39,141.29,0,11.04,0
CHAKAN_TO_SRIPERUMBUDUR,1094.0,13.23,9.58,33.35,68.1,0,11.95,0
CHAKAN_TO_SRIPERUMBUDUR,1094.0,13.23,0.32,23.26,33.33,0,13.69,0
MUNDRA_TO_BHIWANDI,872.85,11.64,0.3,11.33,4.18,0,11.85,0
CHAKAN_TO_SRIPERUMBUDUR,1094.0,13.23,0.98,41.65,14.88,0,14.19,0
BHIWANDI_TO_CHAKAN,156.03,1.93,1.26,12.3,18.76,0,2.12,0
BHIWANDI_TO_CHAKAN,156.03,1.93,5.85,51.48,45.21,0,2.25,0
CHAKAN_TO_SRIPERUMBUDUR,1094.0,13.23,0.88,27.5,73.57,0,15.77,0
BHIWANDI_TO_CHAKAN,156.03,1.93,1.66,58.68,54.36,0,2.15,0
MUNDRA_TO_BHIWANDI,872.85,11.64,1.01,58.14,150.48,0,12.12,0
JNPT_TO_BHIWANDI,67.55,0.92,1.89,56.12,73.75,0,1.0,0
JNPT_TO_CHAKAN,136.67,1.75,1.88,18.81,180.29,0,1.59,0
CHAKAN_TO_SRIPERUMBUDUR,1094.0,13.23,1.89,23.24,136.2,0,13.96,0
MUNDRA_TO_BHIWANDI,872.85,11.64,1.12,14.05,350.73,0,12.56,0
JNPT_TO_BHIWANDI,67.55,0.92,0.5,59.18,205.17,0,1.0,0
BHIWANDI_TO_CHAKAN,156.03,1.93,0.28,56.55,39.97,0,1.92,0
JNPT_TO_CHAKAN,136.67,1.75,0.83,16.58,235.8,0,1.6,0
JNPT_TO_CHAKAN,136.67,1.75,1.58,49.78,95.0,0,2.07,0
CHAKAN_TO_SRIPERUMBUDUR,1094.0,13.23,0.71,31.83,36.57,0,12.15,0
JNPT_TO_CHAKAN,136.67,1.75,8.6,55.07,2.98,0,1.71,0
JNPT_TO_BHIWANDI,67.55,0.92,0.66,27.04,137.03,0,0.95,0
JNPT_TO_CHAKAN,136.67,1.75,1.29,33.68,36.25,0,1.68,0
JNPT_TO_BHIWANDI,67.55,0.92,11.12,23.58,3.93,0,1.04,0
MUNDRA_TO_BHIWANDI,872.85,11.64,1.36,45.74,152.19,0,11.54,0
JNPT_TO_BHIWANDI,67.55,0.92,1.29,23.41,85.73,0,1.0,0
BHIWANDI_TO_CHAKAN,156.03,1.93,0.43,51.13,44.89,0,1.97,0
JNPT_TO_CHAKAN,136.67,1.75,1.58,55.02,232.91,0,1.91,0
JNPT_TO_BHIWANDI,67.55,0.92,0.87,45.67,76.56,0,1.0,0
BHIWANDI_TO_CHAKAN,156.03,1.93,0.12,16.35,208.71,0,2.29,0
JNPT_TO_CHAKAN,136.67,1.75,0.28,39.07,131.13,0,1.78,0
JNPT_TO_CHAKAN,136.67,1.75,0.66,42.16,251.32,0,1.77,0
MUNDRA_TO_BHIWANDI,872.85,11.64,1.44,24.12,30.47,0,11.28,0
JNPT_TO_CHAKAN,136.67,1.75,0.35,56.18,82.61,0,1.96,0
BHIWANDI_TO_CHAKAN,156.03,1.93,1.75,18.82,111.68,1,5.46,1
JNPT_TO_BHIWANDI,67.55,0.92,1.23,49.73,2.52,0,0.89,0
JNPT_TO_CHAKAN,136.67,1.75,1.55,15.07,102.08,0,2.08,0
JNPT_TO_CHAKAN,136.67,1.75,0.97,28.88,93.52,0,1.93,0
JNPT_TO_BHIWANDI,67.55,0.92,0.36,48.93,84.39,0,1.04,0
BHIWANDI_TO_CHAKAN,156.03,1.93,0.58,55.12,129.5,0,1.83,0
MUNDRA_TO_BHIWANDI,872.85,11.64,1.37,55.01,49.56,0,11.81,0
JNPT_TO_BHIWANDI,67.55,0.92,1.98,55.56,86.89,0,0.87,0
BHIWANDI_TO_CHAKAN,156.03,1.93,0.22,20.4,76.63,0,1.77,0
JNPT_TO_BHIWANDI,67.55,0.92,0.34,44.26,17.29,0,1.1,0
BHIWANDI_TO_CHAKAN,156.03,1.93,0.49,55.64,55.09,0,2.1,0
CHAKAN_TO_SRIPERUMBUDUR,1094.0,13.23,1.44,51.84,17.22,0,14.04,0
BHIWANDI_TO_CHAKAN,156.03,1.93,1.59,16.62,276.06,0,2.26,0
JNPT_TO_BHIWANDI,67.55,0.92,0.27,41.09,36.53,0,1.05,0
MUNDRA_TO_BHIWANDI,872.85,11.64,1.59,14.09,159.62,0,12.07,0
BHIWANDI_TO_CHAKAN,156.03,1.93,1.81,16.33,74.51,0,1.94,0
MUNDRA_TO_BHIWANDI,872.85,11.64,0.8,17.37,52.38,0,13.97,0
MUNDRA_TO_BHIWANDI,872.85,11.64,1.27,58.17,111.91,0,13.37,0
JNPT_TO_BHIWANDI,67.55,0.92,1.09,34.73,60.23,0,1.1,0
BHIWANDI_TO_CHAKAN,156.03,1.93,0.5,31.95,257.83,0,2.15,0
JNPT_TO_BHIWANDI,67.55,0.92,1.76,17.98,37.35,0,0.91,0
JNPT_TO_CHAKAN,136.67,1.75,7.22,13.56,16.92,0,1.62,0
JNPT_TO_CHAKAN,136.67,1.75,1.85,54.3,90.75,0,1.62,0
JNPT_TO_CHAKAN,136.67,1.75,1.45,17.34,113.21,0,1.88,0
JNPT_TO_BHIWANDI,67.55,0.92,0.92,43.06,70.51,0,0.9,0
MUNDRA_TO_BHIWANDI,872.85,11.64,1.42,57.77,121.72,0,11.94,0
CHAKAN_TO_SRIPERUMBUDUR,1094.0,13.23,0.07,36.58,36.87,0,14.58,0
CHAKAN_TO_SRIPERUMBUDUR,1094.0,13.23,5.61,38.35,92.89,0,12.55,0
JNPT_TO_BHIWANDI,67.55,0.92,2.41,41.83,394.56,0,1.32,1
CHAKAN_TO_SRIPERUMBUDUR,1094.0,13.23,1.46,17.99,146.17,0,13.45,0
MUNDRA_TO_BHIWANDI,872.85,11.64,0.3,40.01,41.28,0,11.82,0
BHIWANDI_TO_CHAKAN,156.03,1.93,0.19,49.71,8.88,0,2.08,0
JNPT_TO_BHIWANDI,67.55,0.92,13.03,39.1,69.45,0,1.05,0
JNPT_TO_BHIWANDI,67.55,0.92,3.83,21.53,86.26,0,0.96,0
BHIWANDI_TO_CHAKAN,156.03,1.93,11.7,16.84,127.36,0,2.02,0
CHAKAN_TO_SRIPERUMBUDUR,1094.0,13.23,1.04,44.37,143.38,0,12.94,0
CHAKAN_TO_SRIPERUMBUDUR,1094.0,13.23,0.84,49.48,157.51,0,15.04,0
JNPT_TO_BHIWANDI,67.55,0.92,0.76,29.04,268.48,0,0.97,0
JNPT_TO_BHIWANDI,67.55,0.92,0.72,32.17,209.81,0,1.03,0
JNPT_TO_BHIWANDI,67.55,0.92,8.52,14.87,9.52,0,0.83,0
CHAKAN_TO_SRIPERUMBUDUR,1094.0,13.23,0.74,27.62,25.83,0,13.02,0
JNPT_TO_BHIWANDI,67.55,0.92,1.86,17.18,118.26,0,0.94,0
MUNDRA_TO_BHIWANDI,872.85,11.64,1.0,27.44,314.71,0,12.74,0
